Order_ID,Order_Date,Customer_ID,Product,Category,Quantity,Unit_Price_NGN,Discount_Pct,Discount_Amount_NGN,Revenue_NGN,Cost_NGN,Profit_NGN,Profit_Margin_Pct,Sales_Channel,Region,Payment_Method,Order_Status
ORD-00164,2025-01-01,CUST-0575,Power Bank,Electronics,3,29601.92,5,4440.29,84365.47,62045.49,-8487.08,-10.06,Website,Lagos,Card,Returned
ORD-01300,2025-01-01,CUST-0191,Water Bottle,Home & Office,2,18881.54,10,3776.31,33986.77,21905.9,-3945.91,-11.61,WhatsApp,Enugu,USSD,Returned
ORD-00523,2025-01-01,CUST-0550,Smart Watch,Electronics,1,77326.88,0,0.0,77326.88,55993.07,-6654.18,-8.61,WhatsApp,Enugu,Transfer,Returned
ORD-02295,2025-01-01,CUST-0655,Wireless Earbuds,Electronics,1,42946.12,10,4294.61,38651.51,24245.62,14405.89,37.27,Website,Abuja,Cash,Completed
ORD-00504,2025-01-01,CUST-0221,Laptop Backpack,Accessories,1,35371.8,0,0.0,35371.8,26090.9,9280.9,26.24,WhatsApp,Benin,Cash,Completed
ORD-00283,2025-01-01,CUST-0676,Running Shoes,Fashion,1,69723.41,10,6972.34,62751.07,49061.09,13689.98,21.82,WhatsApp,Abuja,Cash,Completed
ORD-02165,2025-01-02,CUST-0279,Office Chair,Home & Office,4,108890.76,0,0.0,0.0,276759.08,0.0,0.0,Website,Abuja,USSD,Cancelled
ORD-02255,2025-01-02,CUST-0543,Smart Watch,Electronics,1,75803.27,0,0.0,0.0,58504.35,0.0,0.0,Instagram,Abuja,Cash,Cancelled
ORD-00992,2025-01-03,CUST-0389,Water Bottle,Home & Office,1,17876.11,15,2681.42,15194.69,9827.85,5366.84,35.32,WhatsApp,Abuja,Cash,Completed
ORD-01590,2025-01-03,CUST-0497,Power Bank,Electronics,1,29804.99,0,0.0,29804.99,20927.33,8877.66,29.79,WhatsApp,Enugu,Cash,Completed
ORD-00121,2025-01-03,CUST-0585,Perfume,Beauty,1,37450.38,0,0.0,37450.38,23534.52,13915.86,37.16,Website,Lagos,USSD,Completed
ORD-01778,2025-01-04,CUST-0262,Sneakers,Fashion,2,76056.51,0,0.0,152113.02,119752.8,32360.22,21.27,Walk-in,Benin,Cash,Completed
ORD-01400,2025-01-04,CUST-0684,Wireless Earbuds,Electronics,1,44676.76,0,0.0,0.0,31309.65,0.0,0.0,Walk-in,Benin,Transfer,Cancelled
ORD-02774,2025-01-04,CUST-0094,Office Chair,Home & Office,1,116167.72,5,5808.39,110359.33,76200.98,34158.35,30.95,Website,Ibadan,USSD,Completed
ORD-02284,2025-01-04,CUST-0530,Water Bottle,Home & Office,1,18579.86,0,0.0,18579.86,12720.92,5858.94,31.53,Referral,Lagos,Card,Completed
ORD-00773,2025-01-04,CUST-0213,Desk Lamp,Home & Office,1,28772.77,10,2877.28,25895.49,20540.42,5355.07,20.68,Referral,Owerri,USSD,Completed
ORD-01861,2025-01-04,CUST-0337,Sneakers,Fashion,2,75304.23,15,22591.27,128017.19,83651.48,-14314.72,-11.18,WhatsApp,Lagos,Transfer,Returned
ORD-02428,2025-01-05,CUST-0355,Perfume,Beauty,3,39755.72,0,0.0,0.0,93948.18,0.0,0.0,Referral,Lagos,Transfer,Cancelled
ORD-02812,2025-01-05,CUST-0197,Desk Lamp,Home & Office,2,29362.84,20,11745.14,46980.54,29365.23,17615.31,37.49,Referral,Port Harcourt,Cash,Completed
ORD-02610,2025-01-06,CUST-0313,Hoodie,Fashion,1,41850.12,0,0.0,41850.12,27174.11,14676.01,35.07,WhatsApp,Ibadan,Card,Completed
ORD-01520,2025-01-06,CUST-0392,Desk Lamp,Home & Office,1,29954.25,0,0.0,29954.25,22403.75,7550.5,25.21,Website,Enugu,Card,Completed
ORD-00435,2025-01-06,CUST-0006,Office Chair,Home & Office,2,116848.63,0,0.0,233697.26,159309.94,74387.32,31.83,WhatsApp,Benin,Cash,Completed
ORD-01787,2025-01-07,CUST-0498,Hoodie,Fashion,2,42957.29,0,0.0,0.0,54533.59,0.0,0.0,Referral,Abuja,Transfer,Cancelled
ORD-02047,2025-01-07,CUST-0219,Wireless Earbuds,Electronics,3,40736.99,5,6110.55,116100.42,86753.4,-9863.0,-8.5,Instagram,Ibadan,Cash,Returned
ORD-00131,2025-01-07,CUST-0672,Running Shoes,Fashion,2,69697.65,0,0.0,139395.3,109448.08,29947.22,21.48,WhatsApp,Ibadan,Transfer,Completed
ORD-02641,2025-01-07,CUST-0374,Wireless Earbuds,Electronics,3,43403.1,0,0.0,130209.3,83491.21,46718.09,35.88,Walk-in,Port Harcourt,Card,Completed
ORD-02931,2025-01-07,CUST-0032,Water Bottle,Home & Office,2,17917.07,0,0.0,35834.14,24625.27,11208.87,31.28,Referral,Abuja,Cash,Completed
ORD-01074,2025-01-08,CUST-0357,Wireless Earbuds,Electronics,1,42316.5,0,0.0,42316.5,34461.92,7854.58,18.56,Instagram,Lagos,USSD,Completed
ORD-00892,2025-01-08,CUST-0095,Laptop Backpack,Accessories,1,34861.75,10,3486.18,0.0,21320.79,0.0,0.0,Website,Enugu,Transfer,Cancelled
ORD-02384,2025-01-08,CUST-0018,Water Bottle,Home & Office,1,17738.26,15,2660.74,15077.52,9388.96,-1169.21,-7.75,WhatsApp,Ibadan,Transfer,Returned
ORD-01492,2025-01-08,CUST-0158,Water Bottle,Home & Office,1,18217.34,0,0.0,18217.34,12014.64,6202.7,34.05,Instagram,Ibadan,Cash,Completed
ORD-01239,2025-01-08,CUST-0031,Running Shoes,Fashion,2,70872.82,0,0.0,141745.64,112687.49,-7949.1,-5.61,WhatsApp,Benin,Card,Returned
ORD-00147,2025-01-09,CUST-0318,Hoodie,Fashion,1,43615.97,0,0.0,43615.97,35199.85,8416.12,19.3,Referral,Enugu,Cash,Completed
ORD-01091,2025-01-09,CUST-0331,Skincare Set,Beauty,3,52353.28,5,7852.99,149206.85,112115.97,37090.88,24.86,WhatsApp,Benin,USSD,Completed
ORD-02685,2025-01-09,CUST-0424,Perfume,Beauty,3,37115.11,0,0.0,111345.33,78411.28,32934.05,29.58,WhatsApp,Owerri,Transfer,Completed
ORD-01479,2025-01-10,CUST-0554,Office Chair,Home & Office,2,109677.3,0,0.0,219354.6,148178.97,71175.63,32.45,Referral,Abuja,Cash,Completed
ORD-00175,2025-01-10,CUST-0293,Perfume,Beauty,1,40738.78,15,6110.82,34627.96,23916.99,10710.97,30.93,Referral,Abuja,USSD,Completed
ORD-01679,2025-01-10,CUST-0615,Desk Lamp,Home & Office,3,30315.19,5,4547.28,86398.29,66142.31,20255.98,23.44,Website,Port Harcourt,Transfer,Completed
ORD-02246,2025-01-10,CUST-0035,Sneakers,Fashion,2,76217.41,5,7621.74,144813.08,101646.0,-7114.95,-4.91,Instagram,Lagos,Cash,Returned
ORD-02075,2025-01-10,CUST-0107,Power Bank,Electronics,1,28073.84,15,4211.08,23862.76,17451.64,-2286.05,-9.58,Referral,Ibadan,USSD,Returned
ORD-01995,2025-01-11,CUST-0506,Water Bottle,Home & Office,1,18776.71,15,2816.51,15960.2,11903.3,4056.9,25.42,Instagram,Ibadan,USSD,Completed
ORD-00942,2025-01-11,CUST-0228,Running Shoes,Fashion,1,69986.38,20,13997.28,55989.1,37476.28,18512.82,33.07,WhatsApp,Owerri,Cash,Completed
ORD-02182,2025-01-11,CUST-0191,Desk Lamp,Home & Office,1,30267.71,0,0.0,30267.71,18772.03,-3146.31,-10.39,Instagram,Lagos,Transfer,Returned
ORD-01551,2025-01-11,CUST-0008,Office Chair,Home & Office,1,114319.64,0,0.0,114319.64,74066.28,-15260.24,-13.35,Walk-in,Abuja,Transfer,Returned
ORD-02173,2025-01-12,CUST-0054,Water Bottle,Home & Office,1,19442.42,0,0.0,19442.42,13974.39,5468.03,28.12,Instagram,Owerri,Transfer,Completed
ORD-02013,2025-01-12,CUST-0392,Perfume,Beauty,1,36329.65,0,0.0,36329.65,29302.03,7027.62,19.34,Instagram,Ibadan,Card,Completed
ORD-02377,2025-01-12,CUST-0277,Desk Lamp,Home & Office,1,29169.35,5,1458.47,27710.88,21075.58,-1205.58,-4.35,Walk-in,Owerri,Card,Returned
ORD-01692,2025-01-12,CUST-0346,Hoodie,Fashion,1,42360.15,0,0.0,42360.15,31318.04,11042.11,26.07,WhatsApp,Owerri,Card,Completed
ORD-02798,2025-01-12,CUST-0124,Hoodie,Fashion,2,41635.38,0,0.0,83270.76,60782.8,22487.96,27.01,Referral,Abuja,Card,Completed
ORD-00336,2025-01-12,CUST-0069,Running Shoes,Fashion,1,65367.18,0,0.0,65367.18,44894.83,20472.35,31.32,WhatsApp,Lagos,Transfer,Completed
ORD-02296,2025-01-12,CUST-0590,Smart Watch,Electronics,1,77252.64,0,0.0,77252.64,59082.61,18170.03,23.52,Instagram,Lagos,Cash,Completed
ORD-01958,2025-01-12,CUST-0005,Perfume,Beauty,1,36858.53,15,5528.78,0.0,23373.16,0.0,0.0,Referral,Enugu,Card,Cancelled
ORD-00737,2025-01-12,CUST-0448,Water Bottle,Home & Office,2,19507.73,0,0.0,39015.46,28486.67,10528.79,26.99,WhatsApp,Lagos,Card,Completed
ORD-00708,2025-01-12,CUST-0218,Office Chair,Home & Office,1,110488.48,5,5524.42,0.0,76373.84,0.0,0.0,Website,Enugu,USSD,Cancelled
ORD-00918,2025-01-12,CUST-0298,Wireless Earbuds,Electronics,1,40762.06,5,2038.1,0.0,31588.33,0.0,0.0,Walk-in,Abuja,Card,Cancelled
ORD-01232,2025-01-12,CUST-0166,Hoodie,Fashion,1,41725.49,0,0.0,41725.49,30291.96,11433.53,27.4,WhatsApp,Abuja,USSD,Completed
ORD-02636,2025-01-13,CUST-0254,Hoodie,Fashion,3,45546.53,0,0.0,136639.59,99237.72,37401.87,27.37,WhatsApp,Enugu,USSD,Completed
ORD-02526,2025-01-13,CUST-0222,Skincare Set,Beauty,1,53263.31,0,0.0,53263.31,38924.85,14338.46,26.92,Walk-in,Port Harcourt,Card,Completed
ORD-01873,2025-01-13,CUST-0330,Skincare Set,Beauty,2,58937.52,0,0.0,117875.04,81870.17,36004.87,30.54,Walk-in,Benin,USSD,Completed
ORD-01844,2025-01-14,CUST-0607,Laptop Backpack,Accessories,1,34588.43,0,0.0,34588.43,25716.17,8872.26,25.65,Website,Lagos,Transfer,Completed
ORD-02572,2025-01-14,CUST-0680,Desk Lamp,Home & Office,1,29923.98,0,0.0,29923.98,20826.22,9097.76,30.4,Website,Ibadan,USSD,Completed
ORD-02777,2025-01-14,CUST-0024,Water Bottle,Home & Office,2,19529.18,20,7811.67,31246.69,19420.92,11825.77,37.85,WhatsApp,Abuja,Transfer,Completed
ORD-00149,2025-01-14,CUST-0122,Desk Lamp,Home & Office,2,31277.79,5,3127.78,59427.8,42541.73,16886.07,28.41,WhatsApp,Benin,Transfer,Completed
ORD-01313,2025-01-15,CUST-0455,Smart Watch,Electronics,1,84699.71,5,4234.99,80464.72,50478.48,29986.24,37.27,Website,Lagos,USSD,Completed
ORD-02192,2025-01-15,CUST-0544,Running Shoes,Fashion,2,63794.44,0,0.0,127588.88,80913.95,46674.93,36.58,Website,Enugu,Card,Completed
ORD-00072,2025-01-15,CUST-0537,Skincare Set,Beauty,2,54188.4,0,0.0,108376.8,85416.31,-6075.9,-5.61,Website,Ibadan,USSD,Returned
ORD-01160,2025-01-15,CUST-0231,Power Bank,Electronics,2,27428.57,0,0.0,0.0,40255.34,0.0,0.0,Website,Ibadan,Transfer,Cancelled
ORD-00309,2025-01-15,CUST-0590,Office Chair,Home & Office,2,111560.82,0,0.0,223121.64,174345.71,48775.93,21.86,Instagram,Enugu,Card,Completed
ORD-02622,2025-01-15,CUST-0369,Water Bottle,Home & Office,3,17337.48,0,0.0,52012.44,33625.98,18386.46,35.35,Walk-in,Owerri,Cash,Completed
ORD-01869,2025-01-15,CUST-0115,Desk Lamp,Home & Office,1,32702.52,20,6540.5,26162.02,21071.25,5090.77,19.46,Website,Port Harcourt,Transfer,Completed
ORD-01037,2025-01-16,CUST-0623,Sneakers,Fashion,1,77500.25,20,15500.05,62000.2,46434.09,15566.11,25.11,Referral,Enugu,USSD,Completed
ORD-01702,2025-01-16,CUST-0261,Running Shoes,Fashion,2,66296.67,10,13259.33,119334.01,95755.23,-7025.86,-5.89,Referral,Lagos,Transfer,Returned
ORD-02547,2025-01-16,CUST-0588,Skincare Set,Beauty,2,57346.55,0,0.0,0.0,92538.85,0.0,0.0,Walk-in,Owerri,Cash,Cancelled
ORD-02874,2025-01-16,CUST-0273,Power Bank,Electronics,1,27079.12,0,0.0,0.0,19672.33,0.0,0.0,WhatsApp,Ibadan,Card,Cancelled
ORD-00673,2025-01-16,CUST-0172,Smart Watch,Electronics,1,78227.84,0,0.0,78227.84,63569.42,-3546.51,-4.53,Website,Abuja,Cash,Returned
ORD-02071,2025-01-17,CUST-0606,Smart Watch,Electronics,3,84194.6,0,0.0,252583.8,192837.59,-12085.63,-4.78,Website,Lagos,Cash,Returned
ORD-01651,2025-01-17,CUST-0024,Desk Lamp,Home & Office,3,32974.8,20,19784.88,79139.52,58969.1,20170.42,25.49,WhatsApp,Abuja,Card,Completed
ORD-00133,2025-01-17,CUST-0455,Perfume,Beauty,1,39995.12,0,0.0,39995.12,31034.98,-2232.6,-5.58,Instagram,Lagos,USSD,Returned
ORD-00318,2025-01-17,CUST-0114,Smart Watch,Electronics,4,79328.13,0,0.0,317312.52,223109.03,94203.49,29.69,Website,Abuja,Transfer,Completed
ORD-00135,2025-01-17,CUST-0210,Water Bottle,Home & Office,1,18811.42,0,0.0,18811.42,13999.14,4812.28,25.58,Instagram,Enugu,USSD,Completed
ORD-01890,2025-01-17,CUST-0540,Laptop Backpack,Accessories,1,36589.18,0,0.0,0.0,27216.94,0.0,0.0,Walk-in,Ibadan,Card,Cancelled
ORD-02319,2025-01-18,CUST-0470,Laptop Backpack,Accessories,1,35489.21,0,0.0,35489.21,23983.73,11505.48,32.42,Referral,Abuja,USSD,Completed
ORD-02978,2025-01-18,CUST-0643,Skincare Set,Beauty,1,53036.27,0,0.0,53036.27,34402.33,18633.94,35.13,Website,Lagos,Cash,Completed
ORD-01420,2025-01-18,CUST-0303,Power Bank,Electronics,2,27688.76,10,5537.75,49839.77,35455.82,-4205.2,-8.44,Instagram,Benin,Cash,Returned
ORD-01131,2025-01-18,CUST-0383,Hoodie,Fashion,3,46214.25,0,0.0,138642.75,113420.15,-10126.52,-7.3,Walk-in,Enugu,USSD,Returned
ORD-02474,2025-01-19,CUST-0452,Skincare Set,Beauty,1,55326.67,0,0.0,55326.67,42881.81,12444.86,22.49,Walk-in,Benin,Card,Completed
ORD-00219,2025-01-19,CUST-0476,Laptop Backpack,Accessories,1,37442.19,0,0.0,37442.19,25995.53,11446.66,30.57,WhatsApp,Benin,Cash,Completed
ORD-02141,2025-01-19,CUST-0593,Water Bottle,Home & Office,1,17486.62,15,2622.99,14863.63,11840.98,3022.65,20.34,Referral,Port Harcourt,Card,Completed
ORD-01452,2025-01-20,CUST-0194,Sneakers,Fashion,1,79040.66,0,0.0,79040.66,63361.08,15679.58,19.84,Website,Lagos,Cash,Completed
ORD-00780,2025-01-20,CUST-0520,Wireless Earbuds,Electronics,3,45588.14,10,13676.44,0.0,83778.8,0.0,0.0,Walk-in,Owerri,Card,Cancelled
ORD-02467,2025-01-21,CUST-0254,Power Bank,Electronics,1,30919.79,0,0.0,30919.79,21786.62,9133.17,29.54,Referral,Lagos,Card,Completed
ORD-00688,2025-01-21,CUST-0480,Office Chair,Home & Office,2,113411.07,10,22682.21,204139.93,132886.36,71253.57,34.9,Instagram,Benin,Card,Completed
ORD-02206,2025-01-21,CUST-0203,Water Bottle,Home & Office,1,18530.18,0,0.0,18530.18,14084.4,4445.78,23.99,Referral,Benin,Cash,Completed
ORD-00355,2025-01-21,CUST-0129,Smart Watch,Electronics,2,84536.32,5,8453.63,0.0,103131.28,0.0,0.0,Referral,Owerri,USSD,Cancelled
ORD-02839,2025-01-22,CUST-0621,Water Bottle,Home & Office,1,19116.52,0,0.0,19116.52,13435.35,5681.17,29.72,WhatsApp,Lagos,Cash,Completed
ORD-00485,2025-01-22,CUST-0144,Smart Watch,Electronics,2,82588.14,10,16517.63,148658.65,109964.68,38693.97,26.03,Referral,Owerri,Cash,Completed
ORD-01356,2025-01-22,CUST-0156,Laptop Backpack,Accessories,1,35044.47,15,5256.67,29787.8,23447.42,6340.38,21.29,Instagram,Ibadan,Card,Completed
ORD-02972,2025-01-22,CUST-0122,Water Bottle,Home & Office,1,19792.09,0,0.0,0.0,15291.95,0.0,0.0,Referral,Ibadan,Transfer,Cancelled
ORD-02838,2025-01-22,CUST-0480,Water Bottle,Home & Office,3,19490.87,5,2923.63,55548.98,45229.63,-4060.72,-7.31,Referral,Abuja,Transfer,Returned
ORD-02113,2025-01-22,CUST-0540,Office Chair,Home & Office,1,125747.0,0,0.0,125747.0,92753.59,-12654.32,-10.06,Instagram,Port Harcourt,USSD,Returned
ORD-02697,2025-01-23,CUST-0633,Desk Lamp,Home & Office,1,31636.55,10,3163.66,0.0,21157.13,0.0,0.0,Instagram,Port Harcourt,Card,Cancelled
ORD-01130,2025-01-23,CUST-0633,Skincare Set,Beauty,2,58322.06,0,0.0,116644.12,85291.4,-12432.87,-10.66,Instagram,Benin,Card,Returned
ORD-02009,2025-01-23,CUST-0627,Skincare Set,Beauty,1,60862.16,0,0.0,60862.16,41447.36,19414.8,31.9,Website,Benin,Cash,Completed
ORD-02609,2025-01-23,CUST-0546,Wireless Earbuds,Electronics,1,42111.63,0,0.0,42111.63,30990.28,-4166.12,-9.89,Walk-in,Lagos,Cash,Returned
ORD-02908,2025-01-23,CUST-0318,Office Chair,Home & Office,1,111882.58,0,0.0,0.0,72875.42,0.0,0.0,Instagram,Port Harcourt,Cash,Cancelled
ORD-01178,2025-01-23,CUST-0475,Skincare Set,Beauty,1,54559.42,0,0.0,54559.42,38212.31,-3180.37,-5.83,Referral,Owerri,Cash,Returned
ORD-01748,2025-01-23,CUST-0561,Sneakers,Fashion,1,74228.06,15,11134.21,0.0,42758.18,0.0,0.0,WhatsApp,Benin,Card,Cancelled
ORD-02481,2025-01-24,CUST-0128,Hoodie,Fashion,2,41090.43,0,0.0,0.0,58368.3,0.0,0.0,Walk-in,Owerri,Card,Cancelled
ORD-02741,2025-01-24,CUST-0021,Sneakers,Fashion,3,75716.46,0,0.0,227149.38,148299.4,78849.98,34.71,Website,Owerri,Card,Completed
ORD-01898,2025-01-24,CUST-0088,Water Bottle,Home & Office,1,19398.26,0,0.0,19398.26,13170.61,-2452.76,-12.64,Walk-in,Port Harcourt,USSD,Returned
ORD-00934,2025-01-24,CUST-0166,Skincare Set,Beauty,1,53442.77,0,0.0,53442.77,40658.33,12784.44,23.92,Website,Owerri,Card,Completed
ORD-01996,2025-01-24,CUST-0499,Perfume,Beauty,1,40713.53,0,0.0,40713.53,29702.28,11011.25,27.05,WhatsApp,Ibadan,USSD,Completed
ORD-01289,2025-01-24,CUST-0641,Perfume,Beauty,1,39349.32,0,0.0,39349.32,24971.54,14377.78,36.54,Referral,Abuja,Card,Completed
ORD-00505,2025-01-25,CUST-0439,Hoodie,Fashion,3,44274.03,0,0.0,132822.09,89490.15,43331.94,32.62,Instagram,Abuja,Card,Completed
ORD-02807,2025-01-25,CUST-0348,Power Bank,Electronics,2,30928.7,0,0.0,61857.4,41858.23,19999.17,32.33,Referral,Benin,Cash,Completed
ORD-00073,2025-01-25,CUST-0369,Laptop Backpack,Accessories,1,37283.39,0,0.0,37283.39,27471.89,-3486.95,-9.35,Referral,Port Harcourt,Transfer,Returned
ORD-01054,2025-01-25,CUST-0444,Running Shoes,Fashion,4,69003.66,0,0.0,0.0,174414.34,0.0,0.0,WhatsApp,Lagos,Card,Cancelled
ORD-01047,2025-01-25,CUST-0565,Hoodie,Fashion,2,41101.69,0,0.0,82203.38,64162.68,18040.7,21.95,Instagram,Owerri,USSD,Completed
ORD-00849,2025-01-25,CUST-0623,Office Chair,Home & Office,1,122821.96,0,0.0,122821.96,90402.58,32419.38,26.4,Instagram,Ibadan,Card,Completed
ORD-00420,2025-01-25,CUST-0303,Running Shoes,Fashion,1,66807.82,0,0.0,66807.82,42025.45,24782.37,37.1,Referral,Port Harcourt,Transfer,Completed
ORD-01968,2025-01-25,CUST-0097,Perfume,Beauty,1,39699.7,0,0.0,39699.7,27723.11,11976.59,30.17,Referral,Port Harcourt,Card,Completed
ORD-01270,2025-01-26,CUST-0468,Perfume,Beauty,3,38287.9,10,11486.37,103377.33,73047.96,30329.37,29.34,Website,Enugu,Transfer,Completed
ORD-02525,2025-01-26,CUST-0111,Perfume,Beauty,1,42442.88,0,0.0,42442.88,32933.0,9509.88,22.41,Referral,Ibadan,Card,Completed
ORD-02595,2025-01-26,CUST-0434,Water Bottle,Home & Office,2,17961.11,0,0.0,35922.22,26539.84,9382.38,26.12,Referral,Ibadan,USSD,Completed
ORD-01179,2025-01-27,CUST-0415,Smart Watch,Electronics,1,82396.54,0,0.0,82396.54,51231.4,31165.14,37.82,Walk-in,Lagos,Card,Completed
ORD-01855,2025-01-27,CUST-0597,Skincare Set,Beauty,2,58542.11,0,0.0,117084.22,94880.55,22203.67,18.96,WhatsApp,Lagos,USSD,Completed
ORD-02958,2025-01-27,CUST-0479,Desk Lamp,Home & Office,1,29729.84,15,4459.48,25270.36,17860.72,-2051.52,-8.12,WhatsApp,Owerri,Cash,Returned
ORD-02159,2025-01-27,CUST-0462,Sneakers,Fashion,2,70976.36,0,0.0,141952.72,112371.99,29580.73,20.84,Walk-in,Enugu,USSD,Completed
ORD-02268,2025-01-27,CUST-0085,Water Bottle,Home & Office,2,18195.32,0,0.0,36390.64,28636.49,7754.15,21.31,WhatsApp,Abuja,USSD,Completed
ORD-00156,2025-01-28,CUST-0301,Smart Watch,Electronics,2,76141.27,0,0.0,152282.54,112649.91,39632.63,26.03,WhatsApp,Abuja,Cash,Completed
ORD-00502,2025-01-28,CUST-0550,Skincare Set,Beauty,1,56164.99,0,0.0,0.0,45022.03,0.0,0.0,Walk-in,Port Harcourt,Transfer,Cancelled
ORD-01879,2025-01-28,CUST-0558,Smart Watch,Electronics,3,82163.18,5,12324.48,234165.06,183965.15,50199.91,21.44,Referral,Lagos,Card,Completed
ORD-00638,2025-01-28,CUST-0592,Wireless Earbuds,Electronics,1,41377.27,10,4137.73,37239.54,25588.65,11650.89,31.29,Instagram,Port Harcourt,Card,Completed
ORD-00014,2025-01-28,CUST-0473,Water Bottle,Home & Office,1,19880.12,0,0.0,19880.12,15536.08,4344.04,21.85,Website,Lagos,Card,Completed
ORD-02973,2025-01-28,CUST-0047,Power Bank,Electronics,1,30813.18,0,0.0,30813.18,23383.98,-2722.11,-8.83,Referral,Ibadan,Cash,Returned
ORD-01842,2025-01-28,CUST-0451,Sneakers,Fashion,1,73168.85,0,0.0,73168.85,57300.31,15868.54,21.69,Website,Enugu,Cash,Completed
ORD-02098,2025-01-29,CUST-0278,Power Bank,Electronics,3,29731.58,5,4459.74,84735.0,53067.49,31667.51,37.37,WhatsApp,Lagos,Transfer,Completed
ORD-00663,2025-01-29,CUST-0406,Smart Watch,Electronics,1,81901.01,0,0.0,81901.01,57443.7,24457.31,29.86,Referral,Port Harcourt,Cash,Completed
ORD-01845,2025-01-29,CUST-0223,Water Bottle,Home & Office,1,17888.85,0,0.0,17888.85,14262.55,3626.3,20.27,WhatsApp,Enugu,USSD,Completed
ORD-01307,2025-01-29,CUST-0455,Power Bank,Electronics,3,30996.78,0,0.0,92990.34,60107.65,32882.69,35.36,Instagram,Benin,Cash,Completed
ORD-02922,2025-01-30,CUST-0337,Sneakers,Fashion,1,77833.59,0,0.0,77833.59,54922.52,22911.07,29.44,Instagram,Port Harcourt,Transfer,Completed
ORD-01296,2025-01-30,CUST-0283,Hoodie,Fashion,2,43393.02,10,8678.6,78107.44,63266.32,14841.12,19.0,Walk-in,Owerri,Cash,Completed
ORD-02881,2025-01-30,CUST-0502,Skincare Set,Beauty,2,58380.56,10,11676.11,0.0,67294.34,0.0,0.0,Instagram,Benin,Card,Cancelled
ORD-01437,2025-01-30,CUST-0199,Wireless Earbuds,Electronics,2,45137.23,0,0.0,90274.46,62225.31,-6248.25,-6.92,WhatsApp,Enugu,Cash,Returned
ORD-02297,2025-01-30,CUST-0699,Office Chair,Home & Office,1,122278.29,0,0.0,0.0,97957.36,0.0,0.0,Referral,Lagos,Card,Cancelled
ORD-02712,2025-01-30,CUST-0692,Office Chair,Home & Office,1,115057.2,0,0.0,115057.2,87814.21,27242.99,23.68,Website,Enugu,Card,Completed
ORD-00669,2025-01-31,CUST-0533,Desk Lamp,Home & Office,1,29408.82,0,0.0,0.0,23716.84,0.0,0.0,Instagram,Ibadan,USSD,Cancelled
ORD-01789,2025-01-31,CUST-0046,Running Shoes,Fashion,1,64354.28,10,6435.43,57918.85,39668.68,-3022.79,-5.22,Website,Abuja,Cash,Returned
ORD-02148,2025-01-31,CUST-0196,Desk Lamp,Home & Office,1,31716.08,0,0.0,0.0,19804.92,0.0,0.0,Referral,Enugu,Cash,Cancelled
ORD-00288,2025-01-31,CUST-0160,Wireless Earbuds,Electronics,2,46391.59,0,0.0,92783.18,72768.59,-3504.99,-3.78,Instagram,Enugu,Transfer,Returned
ORD-00628,2025-01-31,CUST-0502,Smart Watch,Electronics,1,82514.02,0,0.0,0.0,63645.48,0.0,0.0,Referral,Owerri,Card,Cancelled
ORD-01608,2025-02-01,CUST-0680,Smart Watch,Electronics,2,81562.06,0,0.0,163124.12,107217.22,55906.9,34.27,Walk-in,Benin,Transfer,Completed
ORD-01616,2025-02-01,CUST-0066,Wireless Earbuds,Electronics,1,44032.17,20,8806.43,0.0,24463.33,0.0,0.0,Walk-in,Lagos,USSD,Cancelled
ORD-02337,2025-02-01,CUST-0494,Perfume,Beauty,1,39639.17,20,7927.83,31711.34,22102.26,9609.08,30.3,Referral,Ibadan,USSD,Completed
ORD-02289,2025-02-01,CUST-0597,Laptop Backpack,Accessories,1,34790.86,0,0.0,34790.86,26998.2,7792.66,22.4,Referral,Abuja,Cash,Completed
ORD-01418,2025-02-01,CUST-0249,Desk Lamp,Home & Office,1,32368.48,0,0.0,32368.48,23897.84,8470.64,26.17,Website,Abuja,USSD,Completed
ORD-02501,2025-02-02,CUST-0398,Power Bank,Electronics,2,27987.88,10,5597.58,50378.18,33336.18,17042.0,33.83,WhatsApp,Port Harcourt,Card,Completed
ORD-01459,2025-02-02,CUST-0588,Laptop Backpack,Accessories,1,37592.73,20,7518.55,0.0,23696.2,0.0,0.0,Website,Benin,Card,Cancelled
ORD-01822,2025-02-02,CUST-0167,Desk Lamp,Home & Office,2,32365.13,0,0.0,0.0,49214.67,0.0,0.0,Website,Owerri,Card,Cancelled
ORD-01876,2025-02-03,CUST-0633,Sneakers,Fashion,1,77492.86,15,11623.93,65868.93,46327.99,19540.94,29.67,WhatsApp,Port Harcourt,Cash,Completed
ORD-00062,2025-02-03,CUST-0306,Water Bottle,Home & Office,1,17726.15,0,0.0,17726.15,12678.49,5047.66,28.48,Referral,Lagos,Transfer,Completed
ORD-00151,2025-02-04,CUST-0024,Hoodie,Fashion,1,42853.74,0,0.0,42853.74,34011.06,8842.68,20.63,Referral,Ibadan,USSD,Completed
ORD-02711,2025-02-04,CUST-0095,Water Bottle,Home & Office,2,18961.17,0,0.0,37922.34,30454.88,7467.46,19.69,Referral,Ibadan,Card,Completed
ORD-00006,2025-02-04,CUST-0477,Wireless Earbuds,Electronics,1,45342.11,0,0.0,45342.11,32828.3,12513.81,27.6,Instagram,Abuja,USSD,Completed
ORD-02663,2025-02-04,CUST-0288,Hoodie,Fashion,2,45383.71,5,4538.37,86229.05,70353.0,15876.05,18.41,Instagram,Port Harcourt,Cash,Completed
ORD-01823,2025-02-04,CUST-0576,Sneakers,Fashion,1,72322.03,0,0.0,72322.03,50845.25,21476.78,29.7,WhatsApp,Lagos,USSD,Completed
ORD-02226,2025-02-05,CUST-0411,Sneakers,Fashion,3,74996.97,0,0.0,224990.91,148145.83,-25798.66,-11.47,Walk-in,Port Harcourt,Card,Returned
ORD-01870,2025-02-05,CUST-0025,Smart Watch,Electronics,1,83885.92,15,12582.89,71303.03,46821.75,-3947.96,-5.54,Referral,Abuja,USSD,Returned
ORD-00180,2025-02-05,CUST-0561,Perfume,Beauty,1,40696.35,0,0.0,40696.35,28218.49,-3422.04,-8.41,Referral,Abuja,USSD,Returned
ORD-02888,2025-02-05,CUST-0525,Hoodie,Fashion,1,44478.85,5,2223.94,0.0,31269.92,0.0,0.0,Website,Ibadan,USSD,Cancelled
ORD-01080,2025-02-05,CUST-0091,Desk Lamp,Home & Office,1,32148.49,0,0.0,32148.49,20293.89,11854.6,36.87,Website,Owerri,Transfer,Completed
ORD-02778,2025-02-05,CUST-0442,Running Shoes,Fashion,2,65226.84,0,0.0,130453.68,106165.25,24288.43,18.62,WhatsApp,Abuja,Transfer,Completed
ORD-02068,2025-02-06,CUST-0062,Perfume,Beauty,1,41208.51,20,8241.7,32966.81,24831.89,8134.92,24.68,Instagram,Benin,Card,Completed
ORD-02308,2025-02-06,CUST-0296,Smart Watch,Electronics,1,78731.5,5,3936.58,74794.92,54422.23,20372.69,27.24,Website,Port Harcourt,Transfer,Completed
ORD-00326,2025-02-07,CUST-0542,Power Bank,Electronics,2,30651.01,10,6130.2,55171.82,38869.97,16301.85,29.55,Walk-in,Lagos,USSD,Completed
ORD-00031,2025-02-08,CUST-0036,Office Chair,Home & Office,2,127171.35,10,25434.27,228908.43,183732.92,45175.51,19.74,Walk-in,Owerri,Card,Completed
ORD-01591,2025-02-08,CUST-0287,Skincare Set,Beauty,1,59848.47,5,2992.42,56856.05,43265.03,13591.02,23.9,WhatsApp,Ibadan,Transfer,Completed
ORD-00480,2025-02-08,CUST-0090,Skincare Set,Beauty,2,54920.95,0,0.0,109841.9,81944.1,-7697.78,-7.01,Walk-in,Benin,Cash,Returned
ORD-00076,2025-02-09,CUST-0646,Running Shoes,Fashion,4,65277.38,0,0.0,261109.52,212515.49,48594.03,18.61,Website,Enugu,USSD,Completed
ORD-02936,2025-02-09,CUST-0200,Sneakers,Fashion,1,78276.39,0,0.0,78276.39,57627.23,20649.16,26.38,Website,Port Harcourt,Cash,Completed
ORD-01956,2025-02-09,CUST-0015,Hoodie,Fashion,3,41536.1,15,18691.24,105917.06,66820.68,39096.38,36.91,Website,Abuja,Cash,Completed
ORD-00999,2025-02-09,CUST-0483,Perfume,Beauty,2,39711.98,0,0.0,79423.96,56587.37,22836.59,28.75,Walk-in,Benin,Cash,Completed
ORD-01558,2025-02-09,CUST-0603,Desk Lamp,Home & Office,1,30895.48,15,4634.32,0.0,20383.89,0.0,0.0,Instagram,Port Harcourt,Card,Cancelled
ORD-01478,2025-02-10,CUST-0401,Water Bottle,Home & Office,1,19087.18,0,0.0,19087.18,12594.09,-2882.09,-15.1,Referral,Ibadan,USSD,Returned
ORD-00262,2025-02-10,CUST-0266,Sneakers,Fashion,1,78042.53,0,0.0,0.0,62247.33,0.0,0.0,Instagram,Port Harcourt,Transfer,Cancelled
ORD-01406,2025-02-10,CUST-0137,Desk Lamp,Home & Office,1,32056.25,0,0.0,0.0,20522.9,0.0,0.0,Referral,Owerri,Transfer,Cancelled
ORD-01833,2025-02-11,CUST-0661,Hoodie,Fashion,1,42638.23,0,0.0,42638.23,30550.08,12088.15,28.35,Referral,Benin,Transfer,Completed
ORD-02651,2025-02-11,CUST-0699,Desk Lamp,Home & Office,1,30124.39,0,0.0,30124.39,19766.06,10358.33,34.39,Walk-in,Lagos,Cash,Completed
ORD-00631,2025-02-11,CUST-0129,Laptop Backpack,Accessories,1,38221.31,0,0.0,38221.31,29501.03,8720.28,22.82,Instagram,Abuja,USSD,Completed
ORD-02714,2025-02-11,CUST-0244,Skincare Set,Beauty,1,54866.79,5,2743.34,52123.45,35448.65,-5793.48,-11.11,Walk-in,Ibadan,Transfer,Returned
ORD-02130,2025-02-11,CUST-0430,Running Shoes,Fashion,3,66789.06,10,20036.72,180330.46,133723.02,46607.44,25.85,Referral,Ibadan,Card,Completed
ORD-00083,2025-02-11,CUST-0422,Skincare Set,Beauty,2,58100.72,5,5810.07,0.0,88305.75,0.0,0.0,Website,Benin,Cash,Cancelled
ORD-00048,2025-02-11,CUST-0658,Office Chair,Home & Office,1,123137.53,0,0.0,123137.53,98207.21,24930.32,20.25,Referral,Lagos,Transfer,Completed
ORD-01701,2025-02-12,CUST-0333,Sneakers,Fashion,3,76258.33,0,0.0,228774.99,162787.76,65987.23,28.84,Website,Enugu,Cash,Completed
ORD-00230,2025-02-12,CUST-0577,Skincare Set,Beauty,2,58943.58,0,0.0,117887.16,78422.01,39465.15,33.48,Instagram,Ibadan,Card,Completed
ORD-02077,2025-02-12,CUST-0693,Wireless Earbuds,Electronics,2,45494.41,0,0.0,90988.82,56976.85,34011.97,37.38,Website,Lagos,Cash,Completed
ORD-01416,2025-02-12,CUST-0388,Wireless Earbuds,Electronics,1,44608.78,0,0.0,44608.78,33036.8,-3274.9,-7.34,Instagram,Owerri,Cash,Returned
ORD-02597,2025-02-12,CUST-0533,Skincare Set,Beauty,1,58411.18,15,8761.68,49649.5,33986.2,15663.3,31.55,Website,Benin,USSD,Completed
ORD-00977,2025-02-12,CUST-0573,Perfume,Beauty,1,39259.61,0,0.0,39259.61,26556.42,12703.19,32.36,WhatsApp,Owerri,USSD,Completed
ORD-00777,2025-02-12,CUST-0177,Perfume,Beauty,1,40272.18,15,6040.83,34231.35,25613.72,8617.63,25.17,WhatsApp,Lagos,Cash,Completed
ORD-02730,2025-02-12,CUST-0200,Sneakers,Fashion,1,71830.04,0,0.0,71830.04,48236.2,23593.84,32.85,Referral,Lagos,Transfer,Completed
ORD-01446,2025-02-13,CUST-0089,Laptop Backpack,Accessories,1,34769.61,0,0.0,34769.61,23817.13,10952.48,31.5,Referral,Abuja,Cash,Completed
ORD-02861,2025-02-13,CUST-0297,Laptop Backpack,Accessories,3,39398.34,0,0.0,118195.02,80467.48,37727.54,31.92,Website,Lagos,USSD,Completed
ORD-01742,2025-02-13,CUST-0336,Desk Lamp,Home & Office,1,31435.39,0,0.0,31435.39,23357.93,8077.46,25.7,WhatsApp,Owerri,Card,Completed
ORD-02555,2025-02-13,CUST-0637,Water Bottle,Home & Office,2,19787.96,5,1978.8,37597.12,24018.76,13578.36,36.12,Referral,Benin,Transfer,Completed
ORD-01648,2025-02-13,CUST-0137,Desk Lamp,Home & Office,1,31776.22,0,0.0,31776.22,20372.26,11403.96,35.89,Website,Owerri,Cash,Completed
ORD-02163,2025-02-14,CUST-0359,Wireless Earbuds,Electronics,1,47026.0,0,0.0,47026.0,37640.61,9385.39,19.96,Walk-in,Lagos,USSD,Completed
ORD-02052,2025-02-14,CUST-0381,Perfume,Beauty,1,42269.81,5,2113.49,40156.32,28953.98,11202.34,27.9,Walk-in,Lagos,Cash,Completed
ORD-00539,2025-02-14,CUST-0097,Wireless Earbuds,Electronics,1,43390.37,20,8678.07,34712.3,28142.18,6570.12,18.93,Referral,Ibadan,Cash,Completed
ORD-01147,2025-02-14,CUST-0396,Wireless Earbuds,Electronics,3,42238.28,20,25342.97,101371.87,81529.81,19842.06,19.57,Referral,Port Harcourt,Transfer,Completed
ORD-00506,2025-02-14,CUST-0010,Hoodie,Fashion,1,42107.51,10,4210.75,37896.76,24840.01,13056.75,34.45,Website,Owerri,Transfer,Completed
ORD-02833,2025-02-15,CUST-0636,Water Bottle,Home & Office,2,20088.16,0,0.0,40176.32,25463.13,-5061.88,-12.6,Website,Ibadan,Cash,Returned
ORD-01607,2025-02-16,CUST-0107,Skincare Set,Beauty,1,60857.21,10,6085.72,54771.49,38393.69,-7834.96,-14.3,Walk-in,Benin,Transfer,Returned
ORD-01905,2025-02-16,CUST-0687,Office Chair,Home & Office,1,128578.72,0,0.0,0.0,101131.06,0.0,0.0,Website,Enugu,Transfer,Cancelled
ORD-00626,2025-02-16,CUST-0698,Perfume,Beauty,4,40567.99,10,16227.2,146044.76,112069.68,33975.08,23.26,WhatsApp,Enugu,Transfer,Completed
ORD-02256,2025-02-16,CUST-0135,Power Bank,Electronics,1,28774.98,15,4316.25,24458.73,17828.04,-2548.3,-10.42,Referral,Owerri,Card,Returned
ORD-01250,2025-02-16,CUST-0261,Laptop Backpack,Accessories,2,38866.75,0,0.0,77733.5,56161.42,21572.08,27.75,Website,Enugu,Transfer,Completed
ORD-00751,2025-02-17,CUST-0337,Sneakers,Fashion,1,77972.82,15,11695.92,66276.9,52873.79,-4016.7,-6.06,Instagram,Enugu,Transfer,Returned
ORD-00637,2025-02-18,CUST-0276,Office Chair,Home & Office,1,130722.74,0,0.0,130722.74,97092.57,33630.17,25.73,Instagram,Ibadan,USSD,Completed
ORD-02534,2025-02-18,CUST-0280,Laptop Backpack,Accessories,1,36443.41,10,3644.34,32799.07,25280.46,7518.61,22.92,WhatsApp,Ibadan,Transfer,Completed
ORD-00551,2025-02-18,CUST-0408,Sneakers,Fashion,2,82254.74,10,16450.95,148058.53,109604.3,-15749.68,-10.64,Walk-in,Enugu,Transfer,Returned
ORD-00257,2025-02-18,CUST-0318,Wireless Earbuds,Electronics,1,42068.06,0,0.0,0.0,28933.24,0.0,0.0,Instagram,Port Harcourt,Transfer,Cancelled
ORD-00337,2025-02-19,CUST-0289,Skincare Set,Beauty,2,57551.56,0,0.0,115103.12,79971.83,35131.29,30.52,Walk-in,Owerri,Transfer,Completed
ORD-01219,2025-02-19,CUST-0333,Water Bottle,Home & Office,1,19862.35,0,0.0,19862.35,13605.01,6257.34,31.5,Referral,Lagos,Transfer,Completed
ORD-00623,2025-02-20,CUST-0188,Smart Watch,Electronics,2,85964.97,0,0.0,171929.94,108491.28,63438.66,36.9,Walk-in,Benin,Transfer,Completed
ORD-00956,2025-02-21,CUST-0260,Skincare Set,Beauty,2,62141.46,0,0.0,124282.92,90528.51,33754.41,27.16,Walk-in,Ibadan,Cash,Completed
ORD-01136,2025-02-21,CUST-0457,Wireless Earbuds,Electronics,1,47402.36,0,0.0,47402.36,29590.38,17811.98,37.58,Walk-in,Enugu,Transfer,Completed
ORD-02095,2025-02-21,CUST-0649,Wireless Earbuds,Electronics,1,47498.34,0,0.0,0.0,32082.52,0.0,0.0,Instagram,Abuja,USSD,Cancelled
ORD-00784,2025-02-21,CUST-0300,Wireless Earbuds,Electronics,1,47047.04,20,9409.41,0.0,29302.12,0.0,0.0,Referral,Lagos,USSD,Cancelled
ORD-02443,2025-02-21,CUST-0359,Smart Watch,Electronics,1,78150.99,0,0.0,78150.99,57900.1,20250.89,25.91,Instagram,Enugu,Card,Completed
ORD-02177,2025-02-22,CUST-0377,Water Bottle,Home & Office,1,19935.29,0,0.0,19935.29,15079.38,4855.91,24.36,Website,Lagos,Card,Completed
ORD-00684,2025-02-22,CUST-0599,Water Bottle,Home & Office,1,20668.63,10,2066.86,18601.77,14459.99,4141.78,22.27,WhatsApp,Owerri,Cash,Completed
ORD-02383,2025-02-22,CUST-0071,Running Shoes,Fashion,1,71330.48,10,7133.05,64197.43,44863.84,19333.59,30.12,Walk-in,Ibadan,Cash,Completed
ORD-00008,2025-02-22,CUST-0065,Perfume,Beauty,1,39569.35,0,0.0,0.0,25648.25,0.0,0.0,Website,Benin,Card,Cancelled
ORD-02217,2025-02-22,CUST-0461,Water Bottle,Home & Office,1,19760.2,15,2964.03,16796.17,11044.51,5751.66,34.24,WhatsApp,Lagos,Transfer,Completed
ORD-02644,2025-02-22,CUST-0177,Sneakers,Fashion,2,77622.27,0,0.0,155244.54,97165.77,58078.77,37.41,Referral,Enugu,Card,Completed
ORD-01013,2025-02-22,CUST-0502,Perfume,Beauty,2,40201.76,0,0.0,80403.52,57316.96,23086.56,28.71,Walk-in,Owerri,Cash,Completed
ORD-01264,2025-02-22,CUST-0361,Desk Lamp,Home & Office,3,32676.82,0,0.0,0.0,65325.56,0.0,0.0,Website,Abuja,Transfer,Cancelled
ORD-00299,2025-02-23,CUST-0398,Office Chair,Home & Office,1,116741.1,5,5837.06,110904.04,74125.8,-9859.18,-8.89,Instagram,Port Harcourt,Card,Returned
ORD-02339,2025-02-23,CUST-0119,Desk Lamp,Home & Office,1,30121.53,20,6024.31,0.0,19565.28,0.0,0.0,Walk-in,Enugu,Cash,Cancelled
ORD-01401,2025-02-24,CUST-0085,Skincare Set,Beauty,1,60413.29,0,0.0,0.0,41243.01,0.0,0.0,Walk-in,Ibadan,USSD,Cancelled
ORD-00110,2025-02-24,CUST-0467,Perfume,Beauty,3,42189.36,0,0.0,126568.08,79261.57,47306.51,37.38,WhatsApp,Owerri,Cash,Completed
ORD-00890,2025-02-24,CUST-0122,Office Chair,Home & Office,3,119130.27,0,0.0,357390.81,240110.54,117280.27,32.82,WhatsApp,Benin,Card,Completed
ORD-02488,2025-02-26,CUST-0301,Wireless Earbuds,Electronics,1,42886.0,15,6432.9,36453.1,26576.22,9876.88,27.09,Referral,Enugu,Card,Completed
ORD-00566,2025-02-26,CUST-0298,Sneakers,Fashion,1,76793.76,0,0.0,76793.76,49242.62,27551.14,35.88,WhatsApp,Abuja,Transfer,Completed
ORD-00593,2025-02-26,CUST-0552,Power Bank,Electronics,1,32245.72,0,0.0,32245.72,23723.45,8522.27,26.43,WhatsApp,Lagos,Cash,Completed
ORD-02680,2025-02-26,CUST-0320,Wireless Earbuds,Electronics,1,43757.22,0,0.0,43757.22,30144.95,13612.27,31.11,Walk-in,Ibadan,Cash,Completed
ORD-01474,2025-02-26,CUST-0534,Perfume,Beauty,1,41651.33,0,0.0,41651.33,33830.08,-1428.35,-3.43,Website,Lagos,USSD,Returned
ORD-01097,2025-02-26,CUST-0215,Laptop Backpack,Accessories,2,35255.19,0,0.0,0.0,47853.93,0.0,0.0,Referral,Lagos,Cash,Cancelled
ORD-01389,2025-02-26,CUST-0481,Running Shoes,Fashion,1,69685.01,5,3484.25,0.0,52063.27,0.0,0.0,Instagram,Enugu,Cash,Cancelled
ORD-01854,2025-02-26,CUST-0449,Desk Lamp,Home & Office,1,33789.32,0,0.0,33789.32,22457.16,11332.16,33.54,Instagram,Port Harcourt,Transfer,Completed
ORD-00052,2025-02-27,CUST-0348,Laptop Backpack,Accessories,1,35727.11,0,0.0,0.0,27481.61,0.0,0.0,Website,Benin,USSD,Cancelled
ORD-02171,2025-02-27,CUST-0379,Running Shoes,Fashion,2,72760.73,0,0.0,145521.46,94495.63,51025.83,35.06,Instagram,Abuja,Transfer,Completed
ORD-02116,2025-02-27,CUST-0009,Sneakers,Fashion,1,82932.2,0,0.0,82932.2,52545.85,30386.35,36.64,Walk-in,Benin,Cash,Completed
ORD-00387,2025-02-28,CUST-0184,Desk Lamp,Home & Office,1,32157.54,5,1607.88,30549.66,24502.13,6047.53,19.8,Instagram,Enugu,Card,Completed
ORD-00642,2025-02-28,CUST-0297,Wireless Earbuds,Electronics,4,46476.24,0,0.0,185904.96,144952.17,40952.79,22.03,WhatsApp,Port Harcourt,Card,Completed
ORD-00272,2025-02-28,CUST-0305,Laptop Backpack,Accessories,1,40216.74,10,4021.67,36195.07,29535.97,6659.1,18.4,Walk-in,Abuja,Card,Completed
ORD-01635,2025-03-01,CUST-0296,Water Bottle,Home & Office,1,18958.94,0,0.0,18958.94,14913.84,4045.1,21.34,Walk-in,Lagos,Card,Completed
ORD-00974,2025-03-01,CUST-0044,Smart Watch,Electronics,2,83335.59,15,25000.68,141670.5,111784.42,29886.08,21.1,Walk-in,Owerri,Card,Completed
ORD-02158,2025-03-01,CUST-0489,Wireless Earbuds,Electronics,2,46182.96,0,0.0,92365.92,73413.28,-4401.27,-4.77,Instagram,Benin,Cash,Returned
ORD-01057,2025-03-01,CUST-0474,Office Chair,Home & Office,1,130517.77,5,6525.89,123991.88,85348.87,38643.01,31.17,Walk-in,Owerri,Card,Completed
ORD-01445,2025-03-01,CUST-0053,Power Bank,Electronics,1,32074.38,5,1603.72,0.0,22826.21,0.0,0.0,Instagram,Enugu,Cash,Cancelled
ORD-00457,2025-03-01,CUST-0078,Smart Watch,Electronics,1,84754.14,0,0.0,84754.14,57563.86,27190.28,32.08,Instagram,Ibadan,Cash,Completed
ORD-01853,2025-03-02,CUST-0622,Hoodie,Fashion,3,43251.54,0,0.0,129754.62,84465.36,45289.26,34.9,Walk-in,Lagos,Cash,Completed
ORD-00068,2025-03-02,CUST-0513,Office Chair,Home & Office,1,129750.77,0,0.0,129750.77,89466.25,-7293.35,-5.62,Walk-in,Lagos,USSD,Returned
ORD-02108,2025-03-02,CUST-0033,Power Bank,Electronics,1,31922.19,0,0.0,31922.19,21524.43,10397.76,32.57,Instagram,Benin,USSD,Completed
ORD-00833,2025-03-02,CUST-0333,Hoodie,Fashion,1,45234.61,0,0.0,45234.61,36312.67,-4153.22,-9.18,Website,Owerri,Cash,Returned
ORD-02315,2025-03-03,CUST-0683,Laptop Backpack,Accessories,1,38512.9,0,0.0,38512.9,28532.87,-4124.46,-10.71,Instagram,Owerri,Cash,Returned
ORD-00587,2025-03-03,CUST-0117,Laptop Backpack,Accessories,1,39295.41,0,0.0,39295.41,26150.95,13144.46,33.45,Referral,Port Harcourt,Transfer,Completed
ORD-01991,2025-03-03,CUST-0493,Hoodie,Fashion,2,43268.74,0,0.0,0.0,58312.18,0.0,0.0,Website,Lagos,USSD,Cancelled
ORD-01644,2025-03-03,CUST-0301,Laptop Backpack,Accessories,1,36615.31,0,0.0,0.0,25694.12,0.0,0.0,WhatsApp,Ibadan,Transfer,Cancelled
ORD-01878,2025-03-04,CUST-0487,Laptop Backpack,Accessories,1,40312.02,5,2015.6,0.0,26317.02,0.0,0.0,Instagram,Benin,Cash,Cancelled
ORD-01379,2025-03-04,CUST-0211,Perfume,Beauty,1,42764.75,0,0.0,0.0,32156.8,0.0,0.0,Website,Lagos,Cash,Cancelled
ORD-02285,2025-03-05,CUST-0243,Laptop Backpack,Accessories,1,40087.33,10,4008.73,36078.6,29358.99,6719.61,18.62,Website,Abuja,Card,Completed
ORD-00779,2025-03-05,CUST-0088,Hoodie,Fashion,1,47650.89,0,0.0,47650.89,31139.58,-7261.24,-15.24,Website,Port Harcourt,Transfer,Returned
ORD-02349,2025-03-05,CUST-0132,Desk Lamp,Home & Office,1,33971.34,0,0.0,0.0,22879.21,0.0,0.0,Walk-in,Benin,Cash,Cancelled
ORD-01673,2025-03-05,CUST-0239,Office Chair,Home & Office,2,126818.28,10,25363.66,228272.9,158009.2,70263.7,30.78,Walk-in,Enugu,Cash,Completed
ORD-02169,2025-03-05,CUST-0304,Water Bottle,Home & Office,3,20024.66,0,0.0,60073.98,41088.81,18985.17,31.6,Website,Lagos,Cash,Completed
ORD-01555,2025-03-06,CUST-0388,Desk Lamp,Home & Office,1,32841.87,15,4926.28,0.0,19951.49,0.0,0.0,Website,Enugu,Card,Cancelled
ORD-01139,2025-03-06,CUST-0597,Laptop Backpack,Accessories,2,35718.25,0,0.0,0.0,54915.08,0.0,0.0,WhatsApp,Port Harcourt,Cash,Cancelled
ORD-01476,2025-03-06,CUST-0381,Skincare Set,Beauty,1,63397.03,0,0.0,63397.03,48721.9,14675.13,23.15,Website,Owerri,Transfer,Completed
ORD-01599,2025-03-06,CUST-0342,Running Shoes,Fashion,2,73047.92,0,0.0,146095.84,103084.82,43011.02,29.44,Instagram,Abuja,Cash,Completed
ORD-01144,2025-03-06,CUST-0659,Skincare Set,Beauty,1,59928.47,0,0.0,59928.47,42855.17,17073.3,28.49,Website,Benin,Card,Completed
ORD-00744,2025-03-06,CUST-0088,Smart Watch,Electronics,1,88059.44,0,0.0,0.0,68615.3,0.0,0.0,Referral,Benin,USSD,Cancelled
ORD-01696,2025-03-07,CUST-0382,Sneakers,Fashion,1,80903.48,5,4045.17,0.0,48356.69,0.0,0.0,Referral,Enugu,Cash,Cancelled
ORD-02048,2025-03-07,CUST-0017,Office Chair,Home & Office,2,124832.58,5,12483.26,237181.9,161209.45,75972.45,32.03,WhatsApp,Ibadan,Transfer,Completed
ORD-01344,2025-03-07,CUST-0527,Desk Lamp,Home & Office,2,31384.1,20,12553.64,50214.56,31435.94,18778.62,37.4,Walk-in,Port Harcourt,Transfer,Completed
ORD-01336,2025-03-07,CUST-0600,Water Bottle,Home & Office,3,20437.48,0,0.0,0.0,40419.8,0.0,0.0,Referral,Benin,USSD,Cancelled
ORD-02983,2025-03-07,CUST-0362,Skincare Set,Beauty,1,56483.49,20,11296.7,0.0,34921.14,0.0,0.0,Referral,Lagos,Card,Cancelled
ORD-01156,2025-03-07,CUST-0643,Laptop Backpack,Accessories,1,36783.38,5,1839.17,34944.21,24952.59,9991.62,28.59,Walk-in,Enugu,Transfer,Completed
ORD-02459,2025-03-07,CUST-0139,Running Shoes,Fashion,1,71825.39,15,10773.81,61051.58,44767.68,16283.9,26.67,Website,Port Harcourt,Card,Completed
ORD-01510,2025-03-07,CUST-0531,Smart Watch,Electronics,3,86689.82,0,0.0,260069.46,171580.13,88489.33,34.03,WhatsApp,Ibadan,USSD,Completed
ORD-02876,2025-03-08,CUST-0370,Sneakers,Fashion,1,81097.22,10,8109.72,72987.5,45924.8,27062.7,37.08,Instagram,Owerri,Cash,Completed
ORD-01357,2025-03-08,CUST-0131,Skincare Set,Beauty,1,63420.48,5,3171.02,60249.46,39465.5,20783.96,34.5,Walk-in,Lagos,Transfer,Completed
ORD-01791,2025-03-08,CUST-0295,Smart Watch,Electronics,2,86328.59,0,0.0,172657.18,115878.26,-27595.89,-15.98,Referral,Owerri,USSD,Returned
ORD-01255,2025-03-08,CUST-0405,Running Shoes,Fashion,1,68921.27,5,3446.06,65475.21,43582.63,-6918.72,-10.57,WhatsApp,Enugu,Transfer,Returned
ORD-02473,2025-03-08,CUST-0274,Smart Watch,Electronics,1,81143.69,0,0.0,81143.69,60702.07,20441.62,25.19,WhatsApp,Port Harcourt,Cash,Completed
ORD-02140,2025-03-09,CUST-0485,Office Chair,Home & Office,1,124087.28,0,0.0,0.0,94935.86,0.0,0.0,Referral,Port Harcourt,Card,Cancelled
ORD-01806,2025-03-09,CUST-0194,Laptop Backpack,Accessories,1,36173.1,0,0.0,36173.1,28369.2,7803.9,21.57,Walk-in,Port Harcourt,Transfer,Completed
ORD-01021,2025-03-09,CUST-0154,Running Shoes,Fashion,2,72238.27,0,0.0,144476.54,106529.24,37947.3,26.27,Instagram,Ibadan,Cash,Completed
ORD-02385,2025-03-09,CUST-0634,Water Bottle,Home & Office,1,19897.83,10,1989.78,17908.05,14677.69,3230.36,18.04,Instagram,Abuja,USSD,Completed
ORD-00949,2025-03-09,CUST-0246,Perfume,Beauty,1,39323.62,0,0.0,39323.62,27719.16,-5505.69,-14.0,Walk-in,Port Harcourt,Cash,Returned
ORD-00829,2025-03-09,CUST-0586,Office Chair,Home & Office,2,118631.27,0,0.0,237262.54,172117.29,65145.25,27.46,Instagram,Benin,Transfer,Completed
ORD-02309,2025-03-10,CUST-0112,Sneakers,Fashion,2,77683.08,0,0.0,155366.16,108034.41,47331.75,30.46,WhatsApp,Enugu,Card,Completed
ORD-00689,2025-03-10,CUST-0658,Laptop Backpack,Accessories,1,37710.25,0,0.0,0.0,27653.06,0.0,0.0,Website,Port Harcourt,Card,Cancelled
ORD-01422,2025-03-10,CUST-0690,Laptop Backpack,Accessories,1,35507.52,0,0.0,35507.52,27229.82,8277.7,23.31,Website,Owerri,Transfer,Completed
ORD-00644,2025-03-10,CUST-0029,Office Chair,Home & Office,2,120494.12,0,0.0,240988.24,162329.55,78658.69,32.64,Walk-in,Abuja,Transfer,Completed
ORD-01585,2025-03-10,CUST-0474,Perfume,Beauty,2,38544.4,5,3854.44,73234.36,57362.98,15871.38,21.67,Walk-in,Lagos,Transfer,Completed
ORD-00862,2025-03-11,CUST-0296,Office Chair,Home & Office,1,127245.72,0,0.0,127245.72,89259.88,37985.84,29.85,Walk-in,Abuja,USSD,Completed
ORD-01525,2025-03-11,CUST-0561,Desk Lamp,Home & Office,1,31142.99,0,0.0,31142.99,21411.16,9731.83,31.25,Referral,Ibadan,Transfer,Completed
ORD-00871,2025-03-11,CUST-0425,Hoodie,Fashion,1,43905.49,0,0.0,0.0,27553.51,0.0,0.0,Instagram,Ibadan,Cash,Cancelled
ORD-01320,2025-03-11,CUST-0424,Desk Lamp,Home & Office,1,33721.16,0,0.0,33721.16,24673.59,9047.57,26.83,Website,Ibadan,Cash,Completed
ORD-00215,2025-03-11,CUST-0536,Perfume,Beauty,1,39101.58,0,0.0,39101.58,29274.3,9827.28,25.13,WhatsApp,Abuja,Card,Completed
ORD-02041,2025-03-12,CUST-0699,Hoodie,Fashion,3,47604.89,5,7140.73,135673.94,93199.85,42474.09,31.31,WhatsApp,Lagos,USSD,Completed
ORD-01102,2025-03-12,CUST-0505,Hoodie,Fashion,2,45503.99,0,0.0,0.0,59236.97,0.0,0.0,Website,Lagos,Transfer,Cancelled
ORD-00392,2025-03-12,CUST-0485,Water Bottle,Home & Office,1,19479.06,0,0.0,19479.06,15748.37,3730.69,19.15,Referral,Port Harcourt,Card,Completed
ORD-01318,2025-03-12,CUST-0196,Desk Lamp,Home & Office,1,34258.22,0,0.0,34258.22,24506.93,9751.29,28.46,Website,Lagos,USSD,Completed
ORD-02338,2025-03-12,CUST-0217,Desk Lamp,Home & Office,1,32097.34,0,0.0,32097.34,21837.0,-2558.64,-7.97,Walk-in,Enugu,Transfer,Returned
ORD-01428,2025-03-12,CUST-0434,Wireless Earbuds,Electronics,1,43577.15,0,0.0,43577.15,31095.24,12481.91,28.64,Instagram,Ibadan,Transfer,Completed
ORD-00743,2025-03-12,CUST-0666,Smart Watch,Electronics,1,83631.9,0,0.0,83631.9,61646.1,21985.8,26.29,Instagram,Ibadan,Cash,Completed
ORD-00143,2025-03-13,CUST-0301,Running Shoes,Fashion,1,69563.96,0,0.0,69563.96,51477.62,18086.34,26.0,Website,Lagos,USSD,Completed
ORD-02696,2025-03-13,CUST-0170,Desk Lamp,Home & Office,1,32514.69,10,3251.47,29263.22,18845.64,10417.58,35.6,WhatsApp,Port Harcourt,USSD,Completed
ORD-00409,2025-03-13,CUST-0615,Desk Lamp,Home & Office,1,32048.88,10,3204.89,28843.99,20145.18,8698.81,30.16,WhatsApp,Benin,Card,Completed
ORD-02620,2025-03-14,CUST-0312,Laptop Backpack,Accessories,2,40542.19,10,8108.44,72975.94,57726.83,15249.11,20.9,Walk-in,Abuja,Card,Completed
ORD-02359,2025-03-14,CUST-0667,Laptop Backpack,Accessories,1,40670.41,0,0.0,40670.41,26688.18,13982.23,34.38,Walk-in,Owerri,Transfer,Completed
ORD-02787,2025-03-14,CUST-0621,Water Bottle,Home & Office,4,18702.89,15,11221.73,63589.83,42072.79,21517.04,33.84,Referral,Owerri,USSD,Completed
ORD-02066,2025-03-14,CUST-0263,Skincare Set,Beauty,1,62621.53,0,0.0,62621.53,44252.66,18368.87,29.33,Website,Enugu,Cash,Completed
ORD-00351,2025-03-14,CUST-0649,Hoodie,Fashion,2,44594.67,10,8918.93,0.0,64461.27,0.0,0.0,Instagram,Port Harcourt,Card,Cancelled
ORD-01953,2025-03-14,CUST-0494,Laptop Backpack,Accessories,1,39154.82,0,0.0,39154.82,31803.88,7350.94,18.77,Walk-in,Abuja,USSD,Completed
ORD-01297,2025-03-14,CUST-0416,Running Shoes,Fashion,3,67007.12,0,0.0,201021.36,158341.02,42680.34,21.23,Instagram,Ibadan,Transfer,Completed
ORD-01323,2025-03-15,CUST-0015,Wireless Earbuds,Electronics,2,46745.35,20,18698.14,74792.56,47314.28,27478.28,36.74,WhatsApp,Enugu,Transfer,Completed
ORD-01952,2025-03-15,CUST-0051,Wireless Earbuds,Electronics,3,44976.57,0,0.0,134929.71,94131.32,40798.39,30.24,Website,Ibadan,USSD,Completed
ORD-02679,2025-03-15,CUST-0205,Skincare Set,Beauty,2,58209.97,20,23283.99,93135.95,69016.44,24119.51,25.9,Referral,Port Harcourt,USSD,Completed
ORD-02322,2025-03-15,CUST-0043,Sneakers,Fashion,1,81045.65,5,4052.28,76993.37,49787.28,27206.09,35.34,Referral,Port Harcourt,Transfer,Completed
ORD-01301,2025-03-15,CUST-0339,Sneakers,Fashion,1,77230.14,0,0.0,77230.14,60467.99,16762.15,21.7,Walk-in,Benin,USSD,Completed
ORD-01711,2025-03-16,CUST-0530,Skincare Set,Beauty,1,61222.71,0,0.0,61222.71,40567.85,20654.86,33.74,Website,Enugu,USSD,Completed
ORD-02414,2025-03-16,CUST-0066,Sneakers,Fashion,1,77065.94,0,0.0,77065.94,62028.94,15037.0,19.51,Referral,Lagos,Cash,Completed
ORD-01088,2025-03-16,CUST-0485,Power Bank,Electronics,2,29667.48,10,5933.5,53401.46,37686.1,15715.36,29.43,Website,Benin,Cash,Completed
ORD-02137,2025-03-16,CUST-0028,Hoodie,Fashion,1,44758.03,0,0.0,44758.03,36536.44,8221.59,18.37,WhatsApp,Benin,Card,Completed
ORD-02509,2025-03-16,CUST-0476,Perfume,Beauty,1,39247.53,0,0.0,39247.53,25503.06,13744.47,35.02,Referral,Enugu,Card,Completed
ORD-02705,2025-03-17,CUST-0490,Hoodie,Fashion,1,42996.78,0,0.0,42996.78,31410.83,11585.95,26.95,Walk-in,Ibadan,USSD,Completed
ORD-02018,2025-03-17,CUST-0172,Power Bank,Electronics,1,31919.9,5,1596.0,30323.9,23951.38,6372.52,21.01,Referral,Enugu,Cash,Completed
ORD-02920,2025-03-18,CUST-0620,Hoodie,Fashion,1,46075.53,0,0.0,0.0,30123.9,0.0,0.0,Website,Benin,USSD,Cancelled
ORD-02785,2025-03-18,CUST-0383,Perfume,Beauty,1,40264.06,0,0.0,40264.06,29462.93,10801.13,26.83,Walk-in,Lagos,Card,Completed
ORD-02100,2025-03-18,CUST-0313,Desk Lamp,Home & Office,1,33916.38,10,3391.64,0.0,23944.49,0.0,0.0,Website,Port Harcourt,Cash,Cancelled
ORD-01063,2025-03-18,CUST-0465,Smart Watch,Electronics,2,86350.21,0,0.0,172700.42,123288.58,49411.84,28.61,Referral,Abuja,Card,Completed
ORD-01875,2025-03-18,CUST-0451,Smart Watch,Electronics,2,85807.7,0,0.0,171615.4,113440.57,58174.83,33.9,Website,Abuja,USSD,Completed
ORD-02078,2025-03-18,CUST-0187,Skincare Set,Beauty,2,62753.3,0,0.0,125506.6,93918.35,31588.25,25.17,Instagram,Owerri,USSD,Completed
ORD-02671,2025-03-18,CUST-0527,Sneakers,Fashion,2,72969.95,0,0.0,145939.9,96328.17,49611.73,33.99,WhatsApp,Enugu,Transfer,Completed
ORD-00904,2025-03-18,CUST-0074,Laptop Backpack,Accessories,1,40607.16,0,0.0,40607.16,32528.95,8078.21,19.89,Walk-in,Owerri,Transfer,Completed
ORD-02055,2025-03-19,CUST-0425,Skincare Set,Beauty,1,60532.26,0,0.0,60532.26,39168.0,21364.26,35.29,WhatsApp,Benin,USSD,Completed
ORD-01771,2025-03-19,CUST-0250,Wireless Earbuds,Electronics,2,43557.7,15,13067.31,74048.09,49325.43,24722.66,33.39,Walk-in,Lagos,USSD,Completed
ORD-01213,2025-03-19,CUST-0522,Perfume,Beauty,1,38881.17,0,0.0,38881.17,28657.14,10224.03,26.3,Walk-in,Ibadan,Cash,Completed
ORD-01109,2025-03-19,CUST-0113,Hoodie,Fashion,3,44883.57,15,20197.61,0.0,77934.23,0.0,0.0,Website,Ibadan,Card,Cancelled
ORD-02988,2025-03-20,CUST-0409,Power Bank,Electronics,1,30987.71,0,0.0,30987.71,24424.0,6563.71,21.18,Walk-in,Enugu,Transfer,Completed
ORD-00344,2025-03-20,CUST-0414,Desk Lamp,Home & Office,2,34404.71,0,0.0,68809.42,50748.13,18061.29,26.25,Website,Ibadan,USSD,Completed
ORD-01217,2025-03-20,CUST-0620,Skincare Set,Beauty,1,62321.25,0,0.0,62321.25,42378.12,19943.13,32.0,Walk-in,Ibadan,Card,Completed
ORD-00475,2025-03-20,CUST-0422,Perfume,Beauty,4,38515.37,0,0.0,154061.48,114511.69,-14905.59,-9.68,Website,Abuja,Cash,Returned
ORD-01547,2025-03-20,CUST-0624,Wireless Earbuds,Electronics,1,42730.26,5,2136.51,0.0,31914.9,0.0,0.0,WhatsApp,Lagos,Cash,Cancelled
ORD-00541,2025-03-20,CUST-0314,Power Bank,Electronics,1,28996.14,15,4349.42,24646.72,19804.37,4842.35,19.65,Instagram,Port Harcourt,Cash,Completed
ORD-00592,2025-03-21,CUST-0632,Perfume,Beauty,3,38813.97,0,0.0,0.0,92930.91,0.0,0.0,Walk-in,Abuja,Cash,Cancelled
ORD-01751,2025-03-21,CUST-0566,Smart Watch,Electronics,1,84519.77,15,12677.97,71841.8,50172.79,21669.01,30.16,Website,Lagos,Card,Completed
ORD-02661,2025-03-21,CUST-0124,Skincare Set,Beauty,2,56993.42,0,0.0,113986.84,72242.86,-11964.23,-10.5,Instagram,Enugu,Cash,Returned
ORD-01546,2025-03-22,CUST-0003,Wireless Earbuds,Electronics,1,43322.7,0,0.0,43322.7,33396.28,9926.42,22.91,Referral,Owerri,Cash,Completed
ORD-02213,2025-03-22,CUST-0422,Laptop Backpack,Accessories,2,37870.8,10,7574.16,68167.44,44547.84,23619.6,34.65,Instagram,Port Harcourt,Cash,Completed
ORD-01942,2025-03-22,CUST-0193,Desk Lamp,Home & Office,1,30624.34,0,0.0,0.0,19171.72,0.0,0.0,Referral,Abuja,Card,Cancelled
ORD-00114,2025-03-22,CUST-0655,Sneakers,Fashion,2,79939.51,20,31975.8,127903.22,102408.62,25494.6,19.93,WhatsApp,Abuja,Card,Completed
ORD-01201,2025-03-22,CUST-0204,Wireless Earbuds,Electronics,1,48604.58,0,0.0,48604.58,39852.21,-3676.0,-7.56,WhatsApp,Enugu,USSD,Returned
ORD-01951,2025-03-23,CUST-0225,Laptop Backpack,Accessories,1,37715.75,0,0.0,37715.75,23432.8,14282.95,37.87,Instagram,Benin,USSD,Completed
ORD-01196,2025-03-23,CUST-0445,Office Chair,Home & Office,1,125480.86,15,18822.13,106658.73,80927.48,25731.25,24.12,Referral,Port Harcourt,USSD,Completed
ORD-02951,2025-03-23,CUST-0297,Desk Lamp,Home & Office,3,30915.02,20,18549.01,74196.05,58494.58,15701.47,21.16,Website,Benin,Card,Completed
ORD-00802,2025-03-23,CUST-0349,Water Bottle,Home & Office,1,19139.37,20,3827.87,15311.5,9905.77,5405.73,35.31,Referral,Abuja,Card,Completed
ORD-00279,2025-03-23,CUST-0116,Water Bottle,Home & Office,2,20335.27,0,0.0,40670.54,32992.33,7678.21,18.88,Walk-in,Lagos,Card,Completed
ORD-00438,2025-03-24,CUST-0248,Running Shoes,Fashion,1,71305.38,0,0.0,0.0,46494.33,0.0,0.0,Website,Abuja,Transfer,Cancelled
ORD-01973,2025-03-24,CUST-0640,Water Bottle,Home & Office,2,19205.24,20,7682.1,30728.38,20910.04,9818.34,31.95,Instagram,Lagos,Card,Completed
ORD-00463,2025-03-24,CUST-0201,Hoodie,Fashion,1,47780.07,15,7167.01,0.0,31869.93,0.0,0.0,Walk-in,Enugu,Cash,Cancelled
ORD-01214,2025-03-24,CUST-0294,Water Bottle,Home & Office,1,20876.18,0,0.0,20876.18,14762.97,6113.21,29.28,Referral,Port Harcourt,USSD,Completed
ORD-02358,2025-03-24,CUST-0507,Office Chair,Home & Office,3,124503.85,0,0.0,373511.55,275234.28,98277.27,26.31,Walk-in,Benin,Transfer,Completed
ORD-02976,2025-03-25,CUST-0152,Laptop Backpack,Accessories,1,36036.26,0,0.0,36036.26,24363.22,-2073.01,-5.75,Instagram,Enugu,Cash,Returned
ORD-01376,2025-03-25,CUST-0126,Skincare Set,Beauty,1,61368.03,0,0.0,61368.03,48114.42,-5964.39,-9.72,Walk-in,Benin,Card,Returned
ORD-02326,2025-03-25,CUST-0129,Water Bottle,Home & Office,2,20100.18,0,0.0,40200.36,25048.53,15151.83,37.69,WhatsApp,Ibadan,Cash,Completed
ORD-00185,2025-03-25,CUST-0550,Hoodie,Fashion,1,47614.44,10,4761.44,42853.0,31783.95,11069.05,25.83,Referral,Abuja,Card,Completed
ORD-01971,2025-03-25,CUST-0437,Office Chair,Home & Office,2,129650.03,0,0.0,0.0,184718.33,0.0,0.0,Instagram,Port Harcourt,USSD,Cancelled
ORD-00586,2025-03-25,CUST-0403,Sneakers,Fashion,4,78629.61,0,0.0,0.0,224528.85,0.0,0.0,Walk-in,Abuja,Transfer,Cancelled
ORD-02406,2025-03-26,CUST-0156,Desk Lamp,Home & Office,1,33749.22,0,0.0,33749.22,24330.77,9418.45,27.91,Website,Port Harcourt,USSD,Completed
ORD-02475,2025-03-26,CUST-0109,Skincare Set,Beauty,1,64102.77,0,0.0,64102.77,49015.54,15087.23,23.54,Instagram,Port Harcourt,Cash,Completed
ORD-02497,2025-03-26,CUST-0021,Skincare Set,Beauty,3,63254.44,15,28464.5,161298.82,123864.91,-10602.46,-6.57,WhatsApp,Abuja,Transfer,Returned
ORD-01681,2025-03-27,CUST-0252,Power Bank,Electronics,1,29023.54,0,0.0,29023.54,20055.82,-4076.86,-14.05,Walk-in,Port Harcourt,Transfer,Returned
ORD-00718,2025-03-27,CUST-0133,Desk Lamp,Home & Office,1,32672.44,0,0.0,32672.44,24294.36,8378.08,25.64,Website,Abuja,Cash,Completed
ORD-00876,2025-03-27,CUST-0623,Wireless Earbuds,Electronics,1,45235.68,0,0.0,45235.68,34650.47,10585.21,23.4,Walk-in,Port Harcourt,Transfer,Completed
ORD-01067,2025-03-27,CUST-0382,Office Chair,Home & Office,1,133303.63,0,0.0,133303.63,107876.35,25427.28,19.07,Instagram,Ibadan,Card,Completed
ORD-00998,2025-03-28,CUST-0575,Hoodie,Fashion,2,44895.96,0,0.0,89791.92,63229.27,26562.65,29.58,Instagram,Enugu,USSD,Completed
ORD-02522,2025-03-29,CUST-0335,Water Bottle,Home & Office,1,20074.1,0,0.0,20074.1,13737.9,6336.2,31.56,WhatsApp,Benin,Cash,Completed
ORD-01390,2025-03-29,CUST-0242,Sneakers,Fashion,1,82735.94,0,0.0,82735.94,55467.81,27268.13,32.96,Walk-in,Abuja,USSD,Completed
ORD-00775,2025-03-29,CUST-0570,Power Bank,Electronics,1,28631.21,0,0.0,28631.21,19942.95,-2246.02,-7.84,Website,Lagos,Transfer,Returned
ORD-00390,2025-03-29,CUST-0264,Skincare Set,Beauty,4,56079.2,15,33647.52,190669.28,141958.26,48711.02,25.55,Walk-in,Enugu,Transfer,Completed
ORD-02631,2025-03-30,CUST-0675,Hoodie,Fashion,1,48872.26,0,0.0,48872.26,39585.0,9287.26,19.0,WhatsApp,Ibadan,Cash,Completed
ORD-00165,2025-03-30,CUST-0614,Skincare Set,Beauty,1,58233.47,0,0.0,58233.47,43681.06,-3848.55,-6.61,WhatsApp,Enugu,Transfer,Returned
ORD-01793,2025-03-30,CUST-0442,Sneakers,Fashion,1,83129.22,0,0.0,83129.22,60966.15,22163.07,26.66,Website,Abuja,Card,Completed
ORD-02197,2025-03-30,CUST-0398,Desk Lamp,Home & Office,1,31705.13,20,6341.03,25364.1,20143.06,5221.04,20.58,Walk-in,Ibadan,Transfer,Completed
ORD-00512,2025-03-30,CUST-0106,Smart Watch,Electronics,1,79823.52,0,0.0,79823.52,64899.87,14923.65,18.7,WhatsApp,Abuja,Cash,Completed
ORD-02745,2025-03-31,CUST-0570,Perfume,Beauty,2,43128.84,0,0.0,86257.68,67187.58,19070.1,22.11,Walk-in,Ibadan,Card,Completed
ORD-02511,2025-03-31,CUST-0339,Skincare Set,Beauty,4,62894.36,0,0.0,251577.44,189667.41,61910.03,24.61,Website,Ibadan,Card,Completed
ORD-01244,2025-03-31,CUST-0421,Perfume,Beauty,1,43093.48,0,0.0,43093.48,27721.2,-6456.66,-14.98,Website,Abuja,Card,Returned
ORD-01098,2025-03-31,CUST-0403,Laptop Backpack,Accessories,1,38963.96,5,1948.2,37015.76,29337.67,-1684.91,-4.55,Walk-in,Owerri,Cash,Returned
ORD-00306,2025-03-31,CUST-0267,Water Bottle,Home & Office,1,20712.0,10,2071.2,18640.8,12732.21,5908.59,31.7,Walk-in,Ibadan,USSD,Completed
ORD-02668,2025-04-01,CUST-0333,Water Bottle,Home & Office,1,19201.22,5,960.06,18241.16,13803.08,4438.08,24.33,Referral,Owerri,Cash,Completed
ORD-00615,2025-04-01,CUST-0584,Hoodie,Fashion,1,48352.1,0,0.0,48352.1,34220.22,14131.88,29.23,Walk-in,Lagos,USSD,Completed
ORD-01562,2025-04-01,CUST-0146,Running Shoes,Fashion,1,67995.49,0,0.0,67995.49,52565.3,15430.19,22.69,Website,Port Harcourt,Transfer,Completed
ORD-01912,2025-04-02,CUST-0554,Power Bank,Electronics,1,32072.43,15,4810.86,0.0,20975.52,0.0,0.0,Walk-in,Abuja,USSD,Cancelled
ORD-01515,2025-04-02,CUST-0668,Smart Watch,Electronics,2,89761.89,0,0.0,179523.78,116392.59,63131.19,35.17,Referral,Abuja,USSD,Completed
ORD-00927,2025-04-02,CUST-0618,Perfume,Beauty,1,43009.05,10,4300.9,38708.15,28781.02,-1587.53,-4.1,Website,Enugu,USSD,Returned
ORD-02306,2025-04-02,CUST-0088,Laptop Backpack,Accessories,1,37300.27,0,0.0,37300.27,23511.13,13789.14,36.97,Instagram,Port Harcourt,Transfer,Completed
ORD-00881,2025-04-02,CUST-0241,Power Bank,Electronics,1,31908.17,0,0.0,0.0,22297.96,0.0,0.0,Website,Port Harcourt,Cash,Cancelled
ORD-00937,2025-04-02,CUST-0280,Hoodie,Fashion,4,44754.34,0,0.0,0.0,114220.08,0.0,0.0,WhatsApp,Port Harcourt,USSD,Cancelled
ORD-02800,2025-04-02,CUST-0435,Perfume,Beauty,2,41138.69,20,16455.48,65821.9,48858.27,16963.63,25.77,Website,Enugu,Transfer,Completed
ORD-00696,2025-04-02,CUST-0490,Sneakers,Fashion,1,74245.78,0,0.0,74245.78,47834.65,26411.13,35.57,Instagram,Owerri,USSD,Completed
ORD-00492,2025-04-02,CUST-0481,Power Bank,Electronics,1,31668.22,0,0.0,31668.22,23769.99,7898.23,24.94,Referral,Enugu,Card,Completed
ORD-02280,2025-04-03,CUST-0528,Running Shoes,Fashion,1,75267.01,5,3763.35,71503.66,50364.3,21139.36,29.56,Website,Abuja,Cash,Completed
ORD-00909,2025-04-03,CUST-0646,Hoodie,Fashion,1,48195.74,0,0.0,48195.74,33763.78,14431.96,29.94,Website,Ibadan,Transfer,Completed
ORD-00363,2025-04-03,CUST-0071,Wireless Earbuds,Electronics,1,48562.5,0,0.0,48562.5,39631.23,8931.27,18.39,Walk-in,Ibadan,Transfer,Completed
ORD-01910,2025-04-03,CUST-0030,Laptop Backpack,Accessories,1,39876.74,0,0.0,39876.74,27150.56,12726.18,31.91,Website,Abuja,Card,Completed
ORD-00547,2025-04-04,CUST-0274,Perfume,Beauty,2,39954.49,0,0.0,79908.98,54056.31,25852.67,32.35,Instagram,Owerri,Card,Completed
ORD-01929,2025-04-04,CUST-0214,Power Bank,Electronics,2,30503.93,15,9151.18,51856.68,34566.78,17289.9,33.34,Instagram,Port Harcourt,Card,Completed
ORD-00726,2025-04-04,CUST-0220,Sneakers,Fashion,1,78252.99,0,0.0,78252.99,49843.49,28409.5,36.3,Website,Ibadan,Cash,Completed
ORD-02307,2025-04-05,CUST-0564,Sneakers,Fashion,1,73193.87,5,3659.69,69534.18,51737.64,-7733.94,-11.12,Instagram,Lagos,Cash,Returned
ORD-02788,2025-04-05,CUST-0601,Wireless Earbuds,Electronics,1,46870.24,20,9374.05,37496.19,27795.37,9700.82,25.87,Referral,Lagos,Cash,Completed
ORD-01765,2025-04-06,CUST-0285,Power Bank,Electronics,1,32102.4,5,1605.12,30497.28,20401.21,10096.07,33.1,Website,Abuja,Card,Completed
ORD-00291,2025-04-06,CUST-0157,Hoodie,Fashion,2,43025.85,10,8605.17,0.0,48076.02,0.0,0.0,Referral,Port Harcourt,Card,Cancelled
ORD-00600,2025-04-06,CUST-0679,Sneakers,Fashion,1,77925.19,20,15585.04,62340.15,45772.62,16567.53,26.58,Website,Ibadan,Transfer,Completed
ORD-02968,2025-04-06,CUST-0510,Wireless Earbuds,Electronics,2,47612.79,5,4761.28,90464.3,70358.04,-5747.2,-6.35,Referral,Port Harcourt,Card,Returned
ORD-00528,2025-04-07,CUST-0284,Wireless Earbuds,Electronics,1,45875.66,0,0.0,45875.66,31881.98,13993.68,30.5,Instagram,Lagos,Cash,Completed
ORD-01537,2025-04-08,CUST-0400,Smart Watch,Electronics,1,81910.79,0,0.0,81910.79,60200.43,-3837.03,-4.68,Instagram,Benin,Cash,Returned
ORD-01634,2025-04-08,CUST-0328,Water Bottle,Home & Office,2,19722.35,15,5916.7,33528.0,22477.27,11050.73,32.96,Walk-in,Ibadan,Cash,Completed
ORD-02650,2025-04-09,CUST-0551,Sneakers,Fashion,2,79761.8,20,31904.72,127618.88,97300.85,30318.03,23.76,WhatsApp,Benin,USSD,Completed
ORD-00911,2025-04-09,CUST-0226,Office Chair,Home & Office,2,118863.99,5,11886.4,225841.58,165860.52,59981.06,26.56,Website,Benin,Card,Completed
ORD-00060,2025-04-09,CUST-0437,Wireless Earbuds,Electronics,1,43088.58,5,2154.43,0.0,29753.78,0.0,0.0,Walk-in,Ibadan,Card,Cancelled
ORD-01633,2025-04-09,CUST-0519,Wireless Earbuds,Electronics,1,43175.25,0,0.0,43175.25,33399.83,-4765.29,-11.04,Instagram,Enugu,Cash,Returned
ORD-02059,2025-04-09,CUST-0608,Desk Lamp,Home & Office,1,33237.5,0,0.0,33237.5,27036.47,6201.03,18.66,Website,Lagos,Card,Completed
ORD-01354,2025-04-10,CUST-0123,Sneakers,Fashion,2,82774.6,0,0.0,165549.2,114077.31,51471.89,31.09,Referral,Enugu,Cash,Completed
ORD-01321,2025-04-10,CUST-0090,Laptop Backpack,Accessories,2,37809.43,10,7561.89,0.0,53328.28,0.0,0.0,Instagram,Enugu,Transfer,Cancelled
ORD-01825,2025-04-10,CUST-0110,Laptop Backpack,Accessories,2,40292.67,0,0.0,80585.34,53147.34,27438.0,34.05,Walk-in,Enugu,Card,Completed
ORD-00831,2025-04-10,CUST-0471,Office Chair,Home & Office,2,124480.39,5,12448.04,236512.74,191842.08,44670.66,18.89,Walk-in,Lagos,Cash,Completed
ORD-02205,2025-04-10,CUST-0629,Laptop Backpack,Accessories,2,37778.81,0,0.0,75557.62,54395.93,21161.69,28.01,Instagram,Abuja,USSD,Completed
ORD-00297,2025-04-10,CUST-0003,Sneakers,Fashion,1,76245.17,0,0.0,76245.17,57208.88,19036.29,24.97,Referral,Enugu,USSD,Completed
ORD-00295,2025-04-11,CUST-0227,Hoodie,Fashion,3,45768.46,0,0.0,137305.38,97698.26,39607.12,28.85,Referral,Lagos,USSD,Completed
ORD-02378,2025-04-11,CUST-0165,Hoodie,Fashion,1,43910.55,0,0.0,43910.55,29650.32,14260.23,32.48,Walk-in,Port Harcourt,Card,Completed
ORD-02147,2025-04-12,CUST-0406,Wireless Earbuds,Electronics,2,47105.02,20,18842.01,0.0,54887.54,0.0,0.0,Walk-in,Benin,Transfer,Cancelled
ORD-00329,2025-04-12,CUST-0104,Wireless Earbuds,Electronics,1,45812.05,0,0.0,45812.05,36951.31,8860.74,19.34,WhatsApp,Enugu,Card,Completed
ORD-00973,2025-04-12,CUST-0424,Skincare Set,Beauty,1,61979.61,15,9296.94,52682.67,41762.04,-1897.23,-3.6,Walk-in,Abuja,USSD,Returned
ORD-00144,2025-04-12,CUST-0046,Skincare Set,Beauty,1,59756.23,0,0.0,59756.23,39941.6,19814.63,33.16,Referral,Owerri,Card,Completed
ORD-01448,2025-04-12,CUST-0635,Water Bottle,Home & Office,1,19093.18,0,0.0,0.0,12662.31,0.0,0.0,Walk-in,Owerri,Transfer,Cancelled
ORD-02493,2025-04-13,CUST-0191,Desk Lamp,Home & Office,1,33681.31,0,0.0,33681.31,25277.54,8403.77,24.95,Website,Owerri,Cash,Completed
ORD-02142,2025-04-13,CUST-0676,Water Bottle,Home & Office,1,18760.25,0,0.0,18760.25,14971.27,3788.98,20.2,Walk-in,Enugu,USSD,Completed
ORD-00001,2025-04-13,CUST-0215,Laptop Backpack,Accessories,3,39346.21,0,0.0,118038.63,76867.2,41171.43,34.88,WhatsApp,Port Harcourt,USSD,Completed
ORD-02859,2025-04-13,CUST-0257,Smart Watch,Electronics,1,86954.79,0,0.0,0.0,69611.08,0.0,0.0,WhatsApp,Enugu,Cash,Cancelled
ORD-00720,2025-04-14,CUST-0318,Wireless Earbuds,Electronics,1,46059.85,10,4605.98,41453.87,33966.05,7487.82,18.06,Website,Ibadan,Cash,Completed
ORD-00284,2025-04-14,CUST-0584,Sneakers,Fashion,1,73808.33,0,0.0,73808.33,51770.73,-5666.93,-7.68,WhatsApp,Enugu,USSD,Returned
ORD-00759,2025-04-15,CUST-0333,Smart Watch,Electronics,2,89032.74,0,0.0,178065.48,139813.03,-7410.83,-4.16,Website,Ibadan,USSD,Returned
ORD-00581,2025-04-15,CUST-0628,Laptop Backpack,Accessories,1,36162.82,0,0.0,36162.82,24530.64,11632.18,32.17,Walk-in,Abuja,Transfer,Completed
ORD-01868,2025-04-15,CUST-0394,Power Bank,Electronics,1,31490.8,0,0.0,31490.8,25323.42,6167.38,19.58,Instagram,Enugu,Card,Completed
ORD-02977,2025-04-15,CUST-0522,Running Shoes,Fashion,1,74160.94,10,7416.09,0.0,42587.32,0.0,0.0,WhatsApp,Benin,USSD,Cancelled
ORD-02769,2025-04-15,CUST-0020,Running Shoes,Fashion,1,69094.6,10,6909.46,0.0,44347.78,0.0,0.0,WhatsApp,Port Harcourt,Card,Cancelled
ORD-02969,2025-04-15,CUST-0532,Smart Watch,Electronics,2,86714.14,0,0.0,173428.28,108950.36,64477.92,37.18,WhatsApp,Lagos,Card,Completed
ORD-01730,2025-04-16,CUST-0479,Skincare Set,Beauty,1,60168.59,15,9025.29,0.0,37235.67,0.0,0.0,Website,Owerri,USSD,Cancelled
ORD-00840,2025-04-16,CUST-0408,Power Bank,Electronics,3,32290.59,10,9687.18,87184.59,66668.22,20516.37,23.53,Website,Ibadan,Transfer,Completed
ORD-00436,2025-04-16,CUST-0416,Desk Lamp,Home & Office,2,33536.37,0,0.0,67072.74,44722.72,22350.02,33.32,WhatsApp,Enugu,Card,Completed
ORD-00740,2025-04-16,CUST-0551,Wireless Earbuds,Electronics,2,43624.77,10,8724.95,78524.59,59566.84,18957.75,24.14,WhatsApp,Owerri,USSD,Completed
ORD-00035,2025-04-16,CUST-0474,Power Bank,Electronics,2,29501.96,0,0.0,0.0,37508.28,0.0,0.0,Walk-in,Enugu,Cash,Cancelled
ORD-02853,2025-04-17,CUST-0516,Desk Lamp,Home & Office,1,33682.13,5,1684.11,31998.02,25349.89,6648.13,20.78,Instagram,Ibadan,Cash,Completed
ORD-02974,2025-04-17,CUST-0272,Sneakers,Fashion,2,80809.69,0,0.0,161619.38,107335.44,54283.94,33.59,WhatsApp,Port Harcourt,USSD,Completed
ORD-00173,2025-04-18,CUST-0298,Office Chair,Home & Office,2,119590.74,0,0.0,0.0,186246.18,0.0,0.0,Referral,Owerri,USSD,Cancelled
ORD-01143,2025-04-18,CUST-0428,Laptop Backpack,Accessories,1,37167.53,10,3716.75,33450.78,23909.01,-4666.33,-13.95,WhatsApp,Ibadan,Transfer,Returned
ORD-00423,2025-04-18,CUST-0438,Water Bottle,Home & Office,2,20359.83,5,2035.98,0.0,28326.17,0.0,0.0,Referral,Abuja,Transfer,Cancelled
ORD-01094,2025-04-19,CUST-0273,Skincare Set,Beauty,1,62012.51,0,0.0,62012.51,41066.64,20945.87,33.78,Website,Lagos,USSD,Completed
ORD-00501,2025-04-19,CUST-0101,Skincare Set,Beauty,2,61735.92,0,0.0,123471.84,88607.78,34864.06,28.24,Walk-in,Owerri,Card,Completed
ORD-00405,2025-04-19,CUST-0497,Sneakers,Fashion,1,75095.23,0,0.0,0.0,60202.86,0.0,0.0,Referral,Lagos,Card,Cancelled
ORD-01913,2025-04-19,CUST-0212,Water Bottle,Home & Office,1,18419.23,5,920.96,17498.27,13391.52,4106.75,23.47,Instagram,Enugu,Transfer,Completed
ORD-01527,2025-04-19,CUST-0509,Laptop Backpack,Accessories,2,37895.32,15,11368.6,64422.04,45659.7,18762.34,29.12,Walk-in,Ibadan,Transfer,Completed
ORD-01417,2025-04-20,CUST-0646,Perfume,Beauty,2,39837.06,5,3983.71,0.0,58247.96,0.0,0.0,Website,Owerri,Transfer,Cancelled
ORD-01034,2025-04-20,CUST-0431,Running Shoes,Fashion,1,68747.66,0,0.0,68747.66,51334.36,17413.3,25.33,WhatsApp,Abuja,USSD,Completed
ORD-00880,2025-04-20,CUST-0395,Smart Watch,Electronics,1,81517.58,0,0.0,81517.58,57322.99,24194.59,29.68,Instagram,Lagos,USSD,Completed
ORD-01697,2025-04-21,CUST-0694,Skincare Set,Beauty,1,62373.82,15,9356.07,53017.75,35015.2,-3262.02,-6.15,Referral,Abuja,Cash,Returned
ORD-01671,2025-04-21,CUST-0440,Running Shoes,Fashion,1,73650.4,5,3682.52,69967.88,46764.0,23203.88,33.16,WhatsApp,Owerri,USSD,Completed
ORD-02124,2025-04-21,CUST-0176,Smart Watch,Electronics,3,80313.25,0,0.0,0.0,153479.98,0.0,0.0,Walk-in,Ibadan,Cash,Cancelled
ORD-01567,2025-04-21,CUST-0671,Office Chair,Home & Office,1,129628.73,0,0.0,129628.73,85781.62,-15420.53,-11.9,Instagram,Enugu,Transfer,Returned
ORD-01691,2025-04-21,CUST-0304,Desk Lamp,Home & Office,1,34027.54,5,1701.38,32326.16,26388.55,5937.61,18.37,WhatsApp,Lagos,Card,Completed
ORD-01247,2025-04-22,CUST-0298,Office Chair,Home & Office,2,128628.47,15,38588.54,218668.4,165902.27,52766.13,24.13,Referral,Ibadan,Cash,Completed
ORD-01552,2025-04-22,CUST-0369,Water Bottle,Home & Office,1,18292.69,0,0.0,0.0,12951.7,0.0,0.0,WhatsApp,Lagos,USSD,Cancelled
ORD-01893,2025-04-22,CUST-0648,Desk Lamp,Home & Office,1,33628.92,5,1681.45,31947.47,22523.4,9424.07,29.5,WhatsApp,Abuja,Cash,Completed
ORD-00518,2025-04-22,CUST-0379,Hoodie,Fashion,2,43271.4,5,4327.14,82215.66,63174.15,-4537.79,-5.52,WhatsApp,Enugu,Card,Returned
ORD-00024,2025-04-22,CUST-0681,Skincare Set,Beauty,2,55616.84,0,0.0,111233.68,81172.42,-9227.26,-8.3,Referral,Lagos,USSD,Returned
ORD-00530,2025-04-23,CUST-0071,Running Shoes,Fashion,2,73618.8,15,22085.64,125151.96,96947.3,-4328.53,-3.46,Instagram,Abuja,Cash,Returned
ORD-00384,2025-04-23,CUST-0155,Office Chair,Home & Office,2,126409.81,0,0.0,252819.62,179742.83,73076.79,28.9,Instagram,Benin,Cash,Completed
ORD-01589,2025-04-24,CUST-0659,Laptop Backpack,Accessories,1,37459.72,5,1872.99,35586.73,22339.96,13246.77,37.22,WhatsApp,Enugu,Transfer,Completed
ORD-02331,2025-04-24,CUST-0637,Water Bottle,Home & Office,1,19332.05,20,3866.41,0.0,10130.96,0.0,0.0,Website,Port Harcourt,Transfer,Cancelled
ORD-00624,2025-04-24,CUST-0389,Water Bottle,Home & Office,1,20692.02,0,0.0,20692.02,16611.04,4080.98,19.72,Instagram,Ibadan,Card,Completed
ORD-01901,2025-04-24,CUST-0143,Sneakers,Fashion,1,76771.02,0,0.0,76771.02,55828.75,20942.27,27.28,WhatsApp,Abuja,Transfer,Completed
ORD-02422,2025-04-24,CUST-0663,Water Bottle,Home & Office,1,20582.24,0,0.0,20582.24,14680.31,5901.93,28.67,Walk-in,Enugu,Transfer,Completed
ORD-00585,2025-04-24,CUST-0044,Skincare Set,Beauty,4,59052.71,0,0.0,236210.84,147887.63,88323.21,37.39,Instagram,Benin,Transfer,Completed
ORD-00707,2025-04-25,CUST-0369,Skincare Set,Beauty,1,56129.26,0,0.0,56129.26,39765.73,16363.53,29.15,Website,Port Harcourt,Cash,Completed
ORD-01923,2025-04-25,CUST-0063,Power Bank,Electronics,1,28543.88,0,0.0,0.0,19369.37,0.0,0.0,Walk-in,Enugu,Transfer,Cancelled
ORD-00129,2025-04-25,CUST-0262,Office Chair,Home & Office,1,127477.78,0,0.0,127477.78,101076.95,26400.83,20.71,WhatsApp,Owerri,Card,Completed
ORD-02483,2025-04-26,CUST-0638,Wireless Earbuds,Electronics,1,44673.17,0,0.0,0.0,35006.14,0.0,0.0,Referral,Enugu,USSD,Cancelled
ORD-00933,2025-04-26,CUST-0181,Skincare Set,Beauty,1,61765.81,10,6176.58,55589.23,38334.63,17254.6,31.04,Walk-in,Enugu,Cash,Completed
ORD-00191,2025-04-27,CUST-0012,Smart Watch,Electronics,1,78920.96,0,0.0,78920.96,64132.99,14787.97,18.74,Referral,Ibadan,Cash,Completed
ORD-02937,2025-04-27,CUST-0098,Hoodie,Fashion,2,43252.37,5,4325.24,82179.5,61891.81,20287.69,24.69,Walk-in,Ibadan,USSD,Completed
ORD-01507,2025-04-27,CUST-0326,Skincare Set,Beauty,2,60161.19,0,0.0,120322.38,93693.63,26628.75,22.13,WhatsApp,Lagos,USSD,Completed
ORD-01283,2025-04-27,CUST-0506,Desk Lamp,Home & Office,1,34242.44,5,1712.12,32530.32,21793.23,-4470.8,-13.74,Walk-in,Ibadan,Cash,Returned
ORD-02215,2025-04-27,CUST-0664,Laptop Backpack,Accessories,1,39676.43,0,0.0,0.0,24835.94,0.0,0.0,Walk-in,Abuja,Card,Cancelled
ORD-02072,2025-04-28,CUST-0618,Laptop Backpack,Accessories,1,39694.51,10,3969.45,0.0,26848.98,0.0,0.0,Website,Port Harcourt,Transfer,Cancelled
ORD-00220,2025-04-28,CUST-0124,Wireless Earbuds,Electronics,1,46318.23,10,4631.82,41686.41,26832.18,-7380.98,-17.71,WhatsApp,Benin,Card,Returned
ORD-01027,2025-04-28,CUST-0089,Office Chair,Home & Office,2,127961.09,5,12796.11,0.0,186160.22,0.0,0.0,Referral,Owerri,Cash,Cancelled
ORD-00087,2025-04-28,CUST-0648,Hoodie,Fashion,1,44696.53,0,0.0,0.0,33110.81,0.0,0.0,Walk-in,Ibadan,Cash,Cancelled
ORD-01043,2025-04-28,CUST-0555,Wireless Earbuds,Electronics,4,47625.2,0,0.0,190500.8,152576.1,37924.7,19.91,WhatsApp,Ibadan,USSD,Completed
ORD-00799,2025-04-28,CUST-0585,Smart Watch,Electronics,1,88203.07,0,0.0,88203.07,62832.45,25370.62,28.76,Walk-in,Owerri,Transfer,Completed
ORD-02755,2025-04-28,CUST-0077,Smart Watch,Electronics,1,90032.3,0,0.0,90032.3,72908.9,17123.4,19.02,Walk-in,Owerri,USSD,Completed
ORD-00163,2025-04-29,CUST-0588,Office Chair,Home & Office,1,116081.96,0,0.0,116081.96,91260.79,24821.17,21.38,WhatsApp,Lagos,Transfer,Completed
ORD-02551,2025-04-29,CUST-0402,Skincare Set,Beauty,1,60850.23,0,0.0,60850.23,49554.51,11295.72,18.56,Instagram,Ibadan,Cash,Completed
ORD-02802,2025-04-29,CUST-0485,Sneakers,Fashion,1,79370.44,20,15874.09,63496.35,51764.89,11731.46,18.48,Website,Benin,Transfer,Completed
ORD-00301,2025-04-29,CUST-0699,Water Bottle,Home & Office,1,18715.34,0,0.0,18715.34,14811.81,-608.68,-3.25,Website,Abuja,Card,Returned
ORD-00966,2025-04-30,CUST-0698,Running Shoes,Fashion,3,71134.71,0,0.0,213404.13,160103.33,53300.8,24.98,Referral,Owerri,Transfer,Completed
ORD-01839,2025-04-30,CUST-0230,Water Bottle,Home & Office,3,20341.1,10,6102.33,54920.97,44010.03,10910.94,19.87,Website,Abuja,Cash,Completed
ORD-02167,2025-04-30,CUST-0579,Water Bottle,Home & Office,1,18151.45,10,1815.14,16336.31,12785.72,3550.59,21.73,Referral,Port Harcourt,USSD,Completed
ORD-02700,2025-05-01,CUST-0497,Running Shoes,Fashion,1,73956.32,20,14791.26,59165.06,37143.47,22021.59,37.22,Referral,Port Harcourt,Card,Completed
ORD-01783,2025-05-01,CUST-0473,Power Bank,Electronics,2,31341.92,0,0.0,62683.84,45605.89,17077.95,27.24,Instagram,Ibadan,Cash,Completed
ORD-02012,2025-05-01,CUST-0349,Power Bank,Electronics,1,30441.91,5,1522.1,28919.81,21527.07,7392.74,25.56,Walk-in,Benin,USSD,Completed
ORD-01900,2025-05-01,CUST-0557,Running Shoes,Fashion,1,68248.74,0,0.0,68248.74,54462.01,13786.73,20.2,Website,Port Harcourt,USSD,Completed
ORD-00838,2025-05-01,CUST-0161,Running Shoes,Fashion,2,67553.52,5,6755.35,128351.69,86088.45,42263.24,32.93,Website,Owerri,USSD,Completed
ORD-00875,2025-05-01,CUST-0175,Laptop Backpack,Accessories,1,36245.13,0,0.0,36245.13,23966.75,-4111.78,-11.34,Website,Port Harcourt,Card,Returned
ORD-02404,2025-05-01,CUST-0182,Perfume,Beauty,1,38912.38,10,3891.24,35021.14,21934.16,13086.98,37.37,Walk-in,Abuja,Cash,Completed
ORD-02520,2025-05-01,CUST-0357,Hoodie,Fashion,3,47723.71,0,0.0,143171.13,104391.69,38779.44,27.09,Referral,Enugu,Card,Completed
ORD-01980,2025-05-02,CUST-0322,Laptop Backpack,Accessories,1,36967.96,0,0.0,36967.96,24716.11,12251.85,33.14,Referral,Lagos,USSD,Completed
ORD-00370,2025-05-02,CUST-0348,Desk Lamp,Home & Office,3,31849.98,10,9554.99,85994.95,67804.02,18190.93,21.15,Referral,Abuja,Card,Completed
ORD-00056,2025-05-02,CUST-0041,Water Bottle,Home & Office,1,19134.35,0,0.0,0.0,12881.01,0.0,0.0,Referral,Port Harcourt,Transfer,Cancelled
ORD-02728,2025-05-03,CUST-0450,Power Bank,Electronics,1,28338.66,0,0.0,28338.66,23205.69,5132.97,18.11,Website,Benin,USSD,Completed
ORD-02002,2025-05-03,CUST-0493,Hoodie,Fashion,3,48183.81,0,0.0,144551.43,93065.32,-8057.29,-5.57,Referral,Benin,Card,Returned
ORD-00487,2025-05-03,CUST-0147,Power Bank,Electronics,1,28966.05,0,0.0,28966.05,18255.27,-3524.89,-12.17,WhatsApp,Benin,Transfer,Returned
ORD-01165,2025-05-03,CUST-0423,Skincare Set,Beauty,2,63377.32,5,6337.73,120416.91,92322.69,28094.22,23.33,Instagram,Port Harcourt,USSD,Completed
ORD-00622,2025-05-03,CUST-0486,Wireless Earbuds,Electronics,1,45565.42,0,0.0,45565.42,35248.28,10317.14,22.64,Referral,Port Harcourt,Cash,Completed
ORD-01024,2025-05-04,CUST-0700,Running Shoes,Fashion,1,66283.04,15,9942.46,56340.58,38689.22,17651.36,31.33,WhatsApp,Ibadan,Transfer,Completed
ORD-02304,2025-05-04,CUST-0459,Laptop Backpack,Accessories,2,40007.48,0,0.0,80014.96,55677.82,24337.14,30.42,Referral,Lagos,Cash,Completed
ORD-02660,2025-05-04,CUST-0508,Running Shoes,Fashion,2,74753.97,20,29901.59,119606.35,95332.4,24273.95,20.29,Instagram,Owerri,Transfer,Completed
ORD-00271,2025-05-05,CUST-0201,Running Shoes,Fashion,3,68234.17,15,30705.38,173997.13,128860.29,45136.84,25.94,Website,Ibadan,Card,Completed
ORD-01538,2025-05-05,CUST-0296,Wireless Earbuds,Electronics,1,42470.47,20,8494.09,33976.38,26437.65,-3402.26,-10.01,Walk-in,Owerri,Cash,Returned
ORD-00632,2025-05-05,CUST-0599,Power Bank,Electronics,1,29428.13,10,2942.81,26485.32,16795.89,9689.43,36.58,Instagram,Owerri,Transfer,Completed
ORD-01866,2025-05-05,CUST-0496,Desk Lamp,Home & Office,2,33353.95,0,0.0,66707.9,50076.72,16631.18,24.93,Referral,Abuja,USSD,Completed
ORD-00897,2025-05-05,CUST-0221,Perfume,Beauty,2,38446.34,0,0.0,76892.68,53489.73,23402.95,30.44,Website,Benin,Card,Completed
ORD-02244,2025-05-06,CUST-0346,Desk Lamp,Home & Office,1,32166.19,5,1608.31,30557.88,23830.77,6727.11,22.01,Referral,Ibadan,Card,Completed
ORD-00497,2025-05-06,CUST-0343,Wireless Earbuds,Electronics,3,47669.98,5,7150.5,135859.44,96722.26,-11387.31,-8.38,Referral,Enugu,Transfer,Returned
ORD-02248,2025-05-06,CUST-0392,Skincare Set,Beauty,2,60470.63,0,0.0,0.0,97550.16,0.0,0.0,WhatsApp,Enugu,USSD,Cancelled
ORD-01882,2025-05-06,CUST-0655,Smart Watch,Electronics,1,79088.5,0,0.0,79088.5,49530.56,29557.94,37.37,Referral,Abuja,Cash,Completed
ORD-01052,2025-05-06,CUST-0020,Wireless Earbuds,Electronics,1,43336.36,0,0.0,43336.36,28232.59,15103.77,34.85,Website,Lagos,Transfer,Completed
ORD-01089,2025-05-06,CUST-0182,Perfume,Beauty,1,40675.97,0,0.0,40675.97,31986.15,8689.82,21.36,Walk-in,Lagos,Cash,Completed
ORD-02314,2025-05-06,CUST-0359,Hoodie,Fashion,1,48066.56,0,0.0,48066.56,32775.89,15290.67,31.81,Referral,Abuja,USSD,Completed
ORD-00036,2025-05-07,CUST-0601,Skincare Set,Beauty,2,55554.56,15,16666.37,94442.75,66909.9,-5034.54,-5.33,Walk-in,Ibadan,Card,Returned
ORD-00619,2025-05-08,CUST-0565,Sneakers,Fashion,1,74837.01,0,0.0,74837.01,60512.95,14324.06,19.14,Instagram,Benin,Cash,Completed
ORD-01111,2025-05-08,CUST-0080,Smart Watch,Electronics,1,81578.65,0,0.0,0.0,58292.73,0.0,0.0,Walk-in,Enugu,Card,Cancelled
ORD-00771,2025-05-08,CUST-0236,Smart Watch,Electronics,1,80720.84,0,0.0,80720.84,50656.92,30063.92,37.24,Website,Owerri,Card,Completed
ORD-01036,2025-05-08,CUST-0584,Power Bank,Electronics,1,29187.1,0,0.0,29187.1,19784.06,9403.04,32.22,Walk-in,Benin,Cash,Completed
ORD-00830,2025-05-09,CUST-0467,Power Bank,Electronics,1,29796.33,10,2979.63,26816.7,21147.38,5669.32,21.14,Walk-in,Lagos,Card,Completed
ORD-00466,2025-05-09,CUST-0131,Wireless Earbuds,Electronics,1,47370.78,0,0.0,47370.78,35951.14,11419.64,24.11,Referral,Port Harcourt,Card,Completed
ORD-02433,2025-05-09,CUST-0105,Wireless Earbuds,Electronics,2,44802.52,0,0.0,0.0,64882.71,0.0,0.0,Instagram,Owerri,USSD,Cancelled
ORD-01362,2025-05-09,CUST-0646,Sneakers,Fashion,1,77461.91,0,0.0,77461.91,57217.57,20244.34,26.13,Website,Enugu,Card,Completed
ORD-00552,2025-05-09,CUST-0134,Wireless Earbuds,Electronics,1,42385.62,0,0.0,42385.62,31224.82,11160.8,26.33,Referral,Benin,Card,Completed
ORD-01343,2025-05-10,CUST-0134,Hoodie,Fashion,1,45566.91,10,4556.69,41010.22,33417.12,7593.1,18.52,WhatsApp,Enugu,USSD,Completed
ORD-02257,2025-05-10,CUST-0455,Office Chair,Home & Office,1,123989.35,0,0.0,0.0,97332.39,0.0,0.0,Website,Owerri,USSD,Cancelled
ORD-01231,2025-05-10,CUST-0295,Laptop Backpack,Accessories,1,37411.24,10,3741.12,33670.12,20979.73,12690.39,37.69,WhatsApp,Ibadan,Transfer,Completed
ORD-00763,2025-05-10,CUST-0527,Smart Watch,Electronics,1,79372.53,20,15874.51,63498.02,43050.7,20447.32,32.2,Walk-in,Owerri,USSD,Completed
ORD-00138,2025-05-10,CUST-0021,Laptop Backpack,Accessories,2,36390.96,20,14556.38,58225.54,37858.92,20366.62,34.98,Walk-in,Port Harcourt,USSD,Completed
ORD-01574,2025-05-10,CUST-0211,Running Shoes,Fashion,1,72730.76,0,0.0,72730.76,49750.87,22979.89,31.6,Instagram,Owerri,Transfer,Completed
ORD-00182,2025-05-10,CUST-0264,Sneakers,Fashion,1,75822.24,20,15164.45,60657.79,43022.78,17635.01,29.07,Referral,Abuja,USSD,Completed
ORD-01864,2025-05-10,CUST-0204,Office Chair,Home & Office,2,120858.6,0,0.0,241717.2,164887.95,-32639.03,-13.5,WhatsApp,Benin,Transfer,Returned
ORD-02653,2025-05-11,CUST-0109,Skincare Set,Beauty,2,58238.07,10,11647.61,104828.53,75658.41,29170.12,27.83,WhatsApp,Benin,Transfer,Completed
ORD-00228,2025-05-11,CUST-0445,Sneakers,Fashion,1,77927.32,0,0.0,77927.32,63464.09,14463.23,18.56,Website,Lagos,Transfer,Completed
ORD-02897,2025-05-11,CUST-0001,Perfume,Beauty,1,41516.78,0,0.0,0.0,28838.79,0.0,0.0,Walk-in,Abuja,USSD,Cancelled
ORD-01410,2025-05-11,CUST-0021,Perfume,Beauty,1,42104.88,5,2105.24,39999.64,32690.61,-3210.46,-8.03,Website,Owerri,USSD,Returned
ORD-00781,2025-05-11,CUST-0049,Hoodie,Fashion,1,47524.23,0,0.0,47524.23,33795.67,13728.56,28.89,Website,Port Harcourt,Card,Completed
ORD-01622,2025-05-11,CUST-0651,Skincare Set,Beauty,2,62319.17,20,24927.67,99710.67,62336.09,37374.58,37.48,Website,Lagos,Cash,Completed
ORD-02764,2025-05-12,CUST-0094,Wireless Earbuds,Electronics,1,43663.79,10,4366.38,39297.41,27982.99,11314.42,28.79,Referral,Lagos,Card,Completed
ORD-00762,2025-05-12,CUST-0043,Laptop Backpack,Accessories,3,39379.49,5,5906.92,112231.55,80407.74,31823.81,28.36,Instagram,Enugu,Transfer,Completed
ORD-02616,2025-05-12,CUST-0526,Water Bottle,Home & Office,1,20418.28,0,0.0,0.0,15345.04,0.0,0.0,Instagram,Abuja,Cash,Cancelled
ORD-01058,2025-05-12,CUST-0509,Laptop Backpack,Accessories,1,36255.56,5,1812.78,0.0,26325.14,0.0,0.0,Walk-in,Benin,USSD,Cancelled
ORD-01687,2025-05-13,CUST-0535,Sneakers,Fashion,1,76733.99,0,0.0,76733.99,50435.8,26298.19,34.27,Walk-in,Abuja,Cash,Completed
ORD-02028,2025-05-13,CUST-0328,Smart Watch,Electronics,1,86858.34,5,4342.92,0.0,55081.65,0.0,0.0,Website,Abuja,USSD,Cancelled
ORD-02389,2025-05-13,CUST-0551,Hoodie,Fashion,1,46502.97,0,0.0,46502.97,37418.98,-3751.52,-8.07,Referral,Enugu,Cash,Returned
ORD-01762,2025-05-13,CUST-0639,Running Shoes,Fashion,1,65584.18,10,6558.42,59025.76,37160.45,21865.31,37.04,Website,Port Harcourt,Transfer,Completed
ORD-01962,2025-05-13,CUST-0205,Wireless Earbuds,Electronics,2,45261.98,0,0.0,90523.96,58076.98,-9206.44,-10.17,Instagram,Ibadan,USSD,Returned
ORD-02196,2025-05-13,CUST-0427,Water Bottle,Home & Office,3,19449.54,5,2917.43,55431.19,41418.66,14012.53,25.28,WhatsApp,Owerri,Card,Completed
ORD-02982,2025-05-13,CUST-0305,Sneakers,Fashion,1,78826.87,0,0.0,78826.87,55695.7,23131.17,29.34,Website,Owerri,USSD,Completed
ORD-01983,2025-05-14,CUST-0438,Wireless Earbuds,Electronics,1,45985.1,10,4598.51,41386.59,28595.05,12791.54,30.91,Referral,Lagos,USSD,Completed
ORD-01092,2025-05-14,CUST-0629,Running Shoes,Fashion,4,66462.31,5,13292.46,252556.78,173698.51,78858.27,31.22,WhatsApp,Port Harcourt,Cash,Completed
ORD-00739,2025-05-14,CUST-0051,Wireless Earbuds,Electronics,1,46358.62,0,0.0,46358.62,32184.67,14173.95,30.57,Walk-in,Enugu,Transfer,Completed
ORD-00557,2025-05-14,CUST-0071,Laptop Backpack,Accessories,1,36552.58,10,3655.26,32897.32,24326.33,8570.99,26.05,WhatsApp,Enugu,USSD,Completed
ORD-02560,2025-05-14,CUST-0119,Hoodie,Fashion,1,43229.47,0,0.0,43229.47,27968.89,15260.58,35.3,WhatsApp,Enugu,Transfer,Completed
ORD-01819,2025-05-14,CUST-0378,Smart Watch,Electronics,2,88399.73,0,0.0,176799.46,137544.6,39254.86,22.2,Walk-in,Port Harcourt,Cash,Completed
ORD-02528,2025-05-14,CUST-0618,Power Bank,Electronics,1,28643.56,0,0.0,28643.56,19324.86,9318.7,32.53,WhatsApp,Lagos,USSD,Completed
ORD-00302,2025-05-14,CUST-0638,Sneakers,Fashion,1,74825.14,10,7482.51,67342.63,48728.6,18614.03,27.64,Referral,Port Harcourt,Card,Completed
ORD-01916,2025-05-15,CUST-0368,Desk Lamp,Home & Office,1,32350.94,10,3235.09,29115.85,20300.66,-3223.39,-11.07,Walk-in,Lagos,USSD,Returned
ORD-01564,2025-05-15,CUST-0604,Power Bank,Electronics,2,28406.16,5,2840.62,0.0,39670.65,0.0,0.0,WhatsApp,Benin,USSD,Cancelled
ORD-02933,2025-05-15,CUST-0163,Perfume,Beauty,1,42578.8,20,8515.76,34063.04,27639.43,-1047.85,-3.08,Instagram,Lagos,USSD,Returned
ORD-02813,2025-05-15,CUST-0362,Office Chair,Home & Office,1,117422.93,0,0.0,117422.93,80027.44,37395.49,31.85,Referral,Abuja,Cash,Completed
ORD-00212,2025-05-16,CUST-0104,Office Chair,Home & Office,1,128126.04,5,6406.3,121719.74,96924.23,24795.51,20.37,WhatsApp,Abuja,Transfer,Completed
ORD-01353,2025-05-16,CUST-0257,Smart Watch,Electronics,1,87316.4,5,4365.82,0.0,56357.96,0.0,0.0,Referral,Enugu,Cash,Cancelled
ORD-02935,2025-05-16,CUST-0207,Smart Watch,Electronics,1,85306.48,20,17061.3,68245.18,51255.7,-8081.08,-11.84,Walk-in,Benin,USSD,Returned
ORD-01884,2025-05-17,CUST-0016,Smart Watch,Electronics,2,77743.79,15,23323.14,132164.44,83813.49,-8624.91,-6.53,Website,Enugu,Card,Returned
ORD-02332,2025-05-17,CUST-0549,Desk Lamp,Home & Office,2,30781.2,0,0.0,61562.4,43433.02,18129.38,29.45,Instagram,Owerri,Card,Completed
ORD-02732,2025-05-17,CUST-0272,Skincare Set,Beauty,1,59135.55,0,0.0,59135.55,44087.23,15048.32,25.45,Instagram,Enugu,Card,Completed
ORD-02571,2025-05-17,CUST-0400,Laptop Backpack,Accessories,2,35581.78,0,0.0,71163.56,55292.38,15871.18,22.3,WhatsApp,Benin,Transfer,Completed
ORD-01045,2025-05-17,CUST-0181,Perfume,Beauty,1,39147.86,0,0.0,39147.86,31160.54,7987.32,20.4,WhatsApp,Port Harcourt,Transfer,Completed
ORD-01347,2025-05-18,CUST-0411,Laptop Backpack,Accessories,2,37361.67,10,7472.33,67251.01,47574.41,19676.6,29.26,Instagram,Enugu,Card,Completed
ORD-01012,2025-05-18,CUST-0407,Sneakers,Fashion,1,80368.01,20,16073.6,0.0,43625.16,0.0,0.0,WhatsApp,Benin,Cash,Cancelled
ORD-01938,2025-05-18,CUST-0385,Water Bottle,Home & Office,1,18310.58,15,2746.59,15563.99,10274.24,-2180.78,-14.01,WhatsApp,Abuja,Card,Returned
ORD-00725,2025-05-18,CUST-0639,Sneakers,Fashion,1,73749.82,20,14749.96,58999.86,38121.4,20878.46,35.39,Instagram,Lagos,Card,Completed
ORD-02429,2025-05-19,CUST-0079,Laptop Backpack,Accessories,2,37637.39,0,0.0,75274.78,57071.47,18203.31,24.18,Walk-in,Enugu,Transfer,Completed
ORD-00367,2025-05-19,CUST-0648,Running Shoes,Fashion,1,70643.4,0,0.0,70643.4,47767.4,22876.0,32.38,Referral,Benin,Card,Completed
ORD-00811,2025-05-19,CUST-0640,Desk Lamp,Home & Office,1,32702.87,0,0.0,32702.87,25546.77,-1272.92,-3.89,Instagram,Ibadan,Transfer,Returned
ORD-00274,2025-05-19,CUST-0111,Sneakers,Fashion,1,73122.33,0,0.0,0.0,59956.13,0.0,0.0,Instagram,Port Harcourt,USSD,Cancelled
ORD-02763,2025-05-20,CUST-0335,Smart Watch,Electronics,1,85721.49,20,17144.3,68577.19,43025.96,25551.23,37.26,WhatsApp,Ibadan,USSD,Completed
ORD-01241,2025-05-20,CUST-0485,Skincare Set,Beauty,1,61079.76,0,0.0,0.0,49298.03,0.0,0.0,Referral,Ibadan,Cash,Cancelled
ORD-00122,2025-05-20,CUST-0062,Desk Lamp,Home & Office,3,33186.31,0,0.0,99558.93,70041.32,-10634.59,-10.68,Walk-in,Abuja,Card,Returned
ORD-02928,2025-05-20,CUST-0548,Office Chair,Home & Office,1,124782.0,10,12478.2,112303.8,89737.82,22565.98,20.09,Instagram,Benin,Card,Completed
ORD-00741,2025-05-21,CUST-0700,Smart Watch,Electronics,3,77959.36,0,0.0,0.0,173522.99,0.0,0.0,Instagram,Enugu,Cash,Cancelled
ORD-02353,2025-05-21,CUST-0529,Laptop Backpack,Accessories,1,37710.8,0,0.0,0.0,28180.79,0.0,0.0,WhatsApp,Lagos,Card,Cancelled
ORD-01959,2025-05-21,CUST-0071,Power Bank,Electronics,3,29673.27,0,0.0,89019.81,65805.2,-6200.51,-6.97,Referral,Abuja,Cash,Returned
ORD-01650,2025-05-21,CUST-0046,Smart Watch,Electronics,1,87039.67,10,8703.97,78335.7,55964.24,22371.46,28.56,Website,Owerri,Transfer,Completed
ORD-02136,2025-05-21,CUST-0624,Laptop Backpack,Accessories,1,38069.44,20,7613.89,30455.55,20889.18,9566.37,31.41,Website,Owerri,USSD,Completed
ORD-02380,2025-05-21,CUST-0210,Power Bank,Electronics,1,29061.96,0,0.0,0.0,20539.41,0.0,0.0,Website,Owerri,USSD,Cancelled
ORD-01693,2025-05-22,CUST-0077,Wireless Earbuds,Electronics,1,44172.98,20,8834.6,35338.38,26725.76,-2887.09,-8.17,Instagram,Ibadan,Transfer,Returned
ORD-02836,2025-05-22,CUST-0293,Running Shoes,Fashion,1,72669.33,0,0.0,0.0,51077.83,0.0,0.0,WhatsApp,Owerri,Cash,Cancelled
ORD-01085,2025-05-22,CUST-0649,Hoodie,Fashion,3,47329.07,10,14198.72,127788.49,92007.13,-7722.13,-6.04,Website,Enugu,USSD,Returned
ORD-01029,2025-05-23,CUST-0382,Sneakers,Fashion,1,80350.25,0,0.0,80350.25,56315.31,-7820.77,-9.73,WhatsApp,Port Harcourt,USSD,Returned
ORD-02084,2025-05-23,CUST-0046,Office Chair,Home & Office,1,126174.31,5,6308.72,119865.59,86729.66,-10904.44,-9.1,WhatsApp,Abuja,Transfer,Returned
ORD-00084,2025-05-23,CUST-0039,Wireless Earbuds,Electronics,1,47021.45,0,0.0,47021.45,34265.03,12756.42,27.13,WhatsApp,Enugu,Transfer,Completed
ORD-00167,2025-05-23,CUST-0102,Running Shoes,Fashion,1,69415.81,0,0.0,69415.81,50613.66,18802.15,27.09,Instagram,Port Harcourt,Cash,Completed
ORD-01202,2025-05-23,CUST-0009,Laptop Backpack,Accessories,2,35596.9,20,14238.76,56955.04,41035.0,15920.04,27.95,WhatsApp,Port Harcourt,Card,Completed
ORD-00645,2025-05-23,CUST-0172,Hoodie,Fashion,2,41639.56,0,0.0,83279.12,62072.15,21206.97,25.46,WhatsApp,Enugu,Cash,Completed
ORD-00877,2025-05-24,CUST-0296,Smart Watch,Electronics,1,77085.29,0,0.0,77085.29,58553.84,18531.45,24.04,WhatsApp,Port Harcourt,Card,Completed
ORD-00172,2025-05-24,CUST-0350,Office Chair,Home & Office,1,125518.55,0,0.0,125518.55,88203.12,37315.43,29.73,WhatsApp,Benin,Cash,Completed
ORD-00047,2025-05-24,CUST-0151,Running Shoes,Fashion,1,69859.57,0,0.0,0.0,46285.15,0.0,0.0,Website,Benin,Card,Cancelled
ORD-00057,2025-05-25,CUST-0390,Skincare Set,Beauty,1,60756.13,5,3037.81,57718.32,37662.55,-3543.26,-6.14,Instagram,Port Harcourt,USSD,Returned
ORD-01266,2025-05-25,CUST-0506,Water Bottle,Home & Office,1,18560.17,0,0.0,18560.17,14696.62,3863.55,20.82,Instagram,Owerri,Transfer,Completed
ORD-02106,2025-05-25,CUST-0566,Skincare Set,Beauty,2,58509.3,0,0.0,117018.6,93148.6,23870.0,20.4,Website,Lagos,Card,Completed
ORD-01637,2025-05-25,CUST-0421,Perfume,Beauty,1,38933.65,0,0.0,38933.65,31008.61,-2115.92,-5.43,Instagram,Ibadan,USSD,Returned
ORD-01154,2025-05-26,CUST-0050,Water Bottle,Home & Office,1,17950.46,5,897.52,17052.94,11140.39,5912.55,34.67,Referral,Owerri,Cash,Completed
ORD-01167,2025-05-26,CUST-0494,Water Bottle,Home & Office,3,19918.69,15,8963.41,50792.66,39764.75,11027.91,21.71,Walk-in,Enugu,Card,Completed
ORD-01669,2025-05-26,CUST-0112,Hoodie,Fashion,2,45569.56,0,0.0,91139.12,60901.17,30237.95,33.18,Referral,Lagos,Card,Completed
ORD-00929,2025-05-26,CUST-0575,Power Bank,Electronics,1,28783.49,10,2878.35,25905.14,19930.08,5975.06,23.07,WhatsApp,Owerri,Cash,Completed
ORD-01229,2025-05-26,CUST-0661,Skincare Set,Beauty,1,56071.4,15,8410.71,47660.69,33317.24,14343.45,30.09,Referral,Ibadan,USSD,Completed
ORD-01469,2025-05-26,CUST-0581,Perfume,Beauty,2,38527.49,5,3852.75,73202.23,48056.92,-4010.95,-5.48,Website,Enugu,USSD,Returned
ORD-01796,2025-05-27,CUST-0376,Water Bottle,Home & Office,3,20004.34,15,9001.95,51011.07,33423.14,17587.93,34.48,Website,Port Harcourt,Card,Completed
ORD-00495,2025-05-27,CUST-0563,Power Bank,Electronics,1,30346.0,20,6069.2,24276.8,18597.21,5679.59,23.4,WhatsApp,Benin,Transfer,Completed
ORD-00970,2025-05-27,CUST-0306,Running Shoes,Fashion,3,73411.83,20,44047.1,176188.39,140304.96,35883.43,20.37,Referral,Port Harcourt,USSD,Completed
ORD-00700,2025-05-27,CUST-0105,Water Bottle,Home & Office,2,19900.85,0,0.0,39801.7,25636.13,-4701.41,-11.81,Instagram,Port Harcourt,USSD,Returned
ORD-02259,2025-05-27,CUST-0083,Power Bank,Electronics,1,28128.66,10,2812.87,25315.79,17134.48,8181.31,32.32,WhatsApp,Port Harcourt,Card,Completed
ORD-01920,2025-05-27,CUST-0101,Smart Watch,Electronics,3,86944.91,20,52166.95,208667.78,157228.17,51439.61,24.65,WhatsApp,Abuja,Card,Completed
ORD-02624,2025-05-27,CUST-0525,Hoodie,Fashion,2,43161.21,10,8632.24,77690.18,63255.46,14434.72,18.58,Referral,Port Harcourt,Cash,Completed
ORD-00280,2025-05-27,CUST-0480,Hoodie,Fashion,1,41481.56,20,8296.31,33185.25,22039.95,11145.3,33.59,Walk-in,Enugu,Cash,Completed
ORD-00460,2025-05-28,CUST-0452,Smart Watch,Electronics,1,79496.02,5,3974.8,0.0,48056.68,0.0,0.0,Walk-in,Port Harcourt,Transfer,Cancelled
ORD-00342,2025-05-28,CUST-0283,Water Bottle,Home & Office,1,17919.93,0,0.0,17919.93,13409.96,-2199.76,-12.28,Instagram,Lagos,Card,Returned
ORD-01263,2025-05-29,CUST-0658,Sneakers,Fashion,1,75985.37,0,0.0,75985.37,61572.17,14413.2,18.97,WhatsApp,Lagos,USSD,Completed
ORD-01351,2025-05-29,CUST-0234,Running Shoes,Fashion,1,68981.34,0,0.0,0.0,46141.72,0.0,0.0,WhatsApp,Abuja,Card,Cancelled
ORD-00298,2025-05-29,CUST-0525,Water Bottle,Home & Office,2,18181.96,15,5454.59,30909.33,20940.51,9968.82,32.25,Website,Lagos,Transfer,Completed
ORD-00920,2025-05-29,CUST-0069,Sneakers,Fashion,2,76843.24,0,0.0,153686.48,112130.32,41556.16,27.04,Referral,Enugu,Transfer,Completed
ORD-02830,2025-05-29,CUST-0659,Perfume,Beauty,2,37540.3,0,0.0,75080.6,47463.84,-4547.01,-6.06,Referral,Lagos,USSD,Returned
ORD-01161,2025-05-29,CUST-0550,Perfume,Beauty,3,41983.45,0,0.0,125950.35,88164.29,37786.06,30.0,Referral,Lagos,USSD,Completed
ORD-01273,2025-05-30,CUST-0552,Sneakers,Fashion,1,78577.81,5,3928.89,0.0,51101.88,0.0,0.0,Website,Benin,USSD,Cancelled
ORD-02299,2025-05-30,CUST-0630,Skincare Set,Beauty,1,61760.62,0,0.0,61760.62,46819.86,14940.76,24.19,WhatsApp,Port Harcourt,Transfer,Completed
ORD-00437,2025-05-30,CUST-0113,Sneakers,Fashion,1,80959.98,0,0.0,80959.98,59967.52,-8204.19,-10.13,WhatsApp,Lagos,Card,Returned
ORD-00583,2025-05-30,CUST-0367,Laptop Backpack,Accessories,2,36394.92,0,0.0,72789.84,45236.75,-4503.29,-6.19,WhatsApp,Port Harcourt,Transfer,Returned
ORD-02211,2025-05-31,CUST-0343,Hoodie,Fashion,1,42676.25,0,0.0,42676.25,34235.07,8441.18,19.78,Walk-in,Lagos,USSD,Completed
ORD-01740,2025-05-31,CUST-0334,Perfume,Beauty,2,38279.76,0,0.0,76559.52,56280.08,20279.44,26.49,Referral,Port Harcourt,Transfer,Completed
ORD-01892,2025-06-01,CUST-0400,Desk Lamp,Home & Office,1,31581.49,0,0.0,0.0,20030.24,0.0,0.0,WhatsApp,Enugu,Cash,Cancelled
ORD-01279,2025-06-01,CUST-0032,Power Bank,Electronics,2,29065.9,0,0.0,0.0,46061.01,0.0,0.0,Website,Ibadan,USSD,Cancelled
ORD-02253,2025-06-02,CUST-0395,Perfume,Beauty,1,42488.83,10,4248.88,38239.95,23827.94,14412.01,37.69,Walk-in,Port Harcourt,Transfer,Completed
ORD-01475,2025-06-03,CUST-0448,Running Shoes,Fashion,2,65628.2,15,19688.46,111567.94,90479.54,-9345.26,-8.38,Referral,Ibadan,Transfer,Returned
ORD-01915,2025-06-03,CUST-0280,Power Bank,Electronics,1,30366.27,0,0.0,30366.27,24865.72,5500.55,18.11,Instagram,Port Harcourt,USSD,Completed
ORD-00169,2025-06-03,CUST-0343,Skincare Set,Beauty,1,56835.4,0,0.0,56835.4,41303.45,15531.95,27.33,Instagram,Owerri,Cash,Completed
ORD-00270,2025-06-04,CUST-0245,Hoodie,Fashion,3,43443.96,0,0.0,0.0,88969.92,0.0,0.0,Instagram,Ibadan,Transfer,Cancelled
ORD-00196,2025-06-04,CUST-0574,Water Bottle,Home & Office,1,17999.13,0,0.0,17999.13,14629.05,3370.08,18.72,WhatsApp,Ibadan,Transfer,Completed
ORD-02909,2025-06-04,CUST-0339,Office Chair,Home & Office,2,122257.08,15,36677.12,0.0,150766.62,0.0,0.0,Website,Ibadan,Transfer,Cancelled
ORD-02548,2025-06-04,CUST-0157,Sneakers,Fashion,3,76528.65,15,34437.89,0.0,138302.22,0.0,0.0,Website,Port Harcourt,Cash,Cancelled
ORD-02722,2025-06-04,CUST-0231,Office Chair,Home & Office,2,112578.46,0,0.0,225156.92,155225.24,-11087.46,-4.92,Referral,Enugu,Card,Returned
ORD-00558,2025-06-04,CUST-0378,Running Shoes,Fashion,1,70655.16,10,7065.52,63589.64,41737.92,21851.72,34.36,Walk-in,Benin,Card,Completed
ORD-00316,2025-06-04,CUST-0667,Skincare Set,Beauty,1,60725.63,0,0.0,60725.63,48597.3,-3508.03,-5.78,Instagram,Port Harcourt,Card,Returned
ORD-01294,2025-06-05,CUST-0654,Office Chair,Home & Office,1,126819.23,5,6340.96,120478.27,90107.0,30371.27,25.21,Walk-in,Owerri,Cash,Completed
ORD-01281,2025-06-05,CUST-0116,Office Chair,Home & Office,3,123299.04,0,0.0,369897.12,277055.26,-41793.29,-11.3,WhatsApp,Owerri,Card,Returned
ORD-02482,2025-06-06,CUST-0619,Laptop Backpack,Accessories,2,38476.48,15,11542.94,65410.02,41321.07,24088.95,36.83,Instagram,Ibadan,Card,Completed
ORD-02866,2025-06-06,CUST-0636,Sneakers,Fashion,1,73522.6,5,3676.13,69846.47,52743.31,17103.16,24.49,WhatsApp,Ibadan,Transfer,Completed
ORD-02001,2025-06-06,CUST-0350,Smart Watch,Electronics,1,85906.04,0,0.0,0.0,63826.45,0.0,0.0,WhatsApp,Enugu,Transfer,Cancelled
ORD-02465,2025-06-06,CUST-0401,Skincare Set,Beauty,1,58271.21,0,0.0,58271.21,46595.45,11675.76,20.04,Referral,Ibadan,Transfer,Completed
ORD-01674,2025-06-07,CUST-0473,Desk Lamp,Home & Office,1,32774.44,0,0.0,32774.44,22391.83,10382.61,31.68,Website,Port Harcourt,USSD,Completed
ORD-01374,2025-06-07,CUST-0490,Hoodie,Fashion,1,46164.75,0,0.0,46164.75,34390.27,11774.48,25.51,WhatsApp,Abuja,Cash,Completed
ORD-01666,2025-06-07,CUST-0418,Running Shoes,Fashion,1,65521.56,0,0.0,0.0,50314.68,0.0,0.0,Referral,Benin,Card,Cancelled
ORD-00308,2025-06-08,CUST-0459,Skincare Set,Beauty,2,58808.95,15,17642.69,99975.21,71928.41,28046.8,28.05,Website,Abuja,Transfer,Completed
ORD-02390,2025-06-08,CUST-0579,Smart Watch,Electronics,1,80981.43,0,0.0,80981.43,57155.8,-10508.15,-12.98,Website,Ibadan,USSD,Returned
ORD-02183,2025-06-08,CUST-0693,Wireless Earbuds,Electronics,4,44300.05,5,8860.01,168340.19,127346.19,40994.0,24.35,WhatsApp,Lagos,Card,Completed
ORD-02843,2025-06-09,CUST-0148,Laptop Backpack,Accessories,1,36274.42,0,0.0,36274.42,25205.75,-5255.33,-14.49,Walk-in,Abuja,Cash,Returned
ORD-00178,2025-06-09,CUST-0320,Desk Lamp,Home & Office,1,30743.52,0,0.0,30743.52,22115.45,8628.07,28.06,WhatsApp,Benin,Card,Completed
ORD-01205,2025-06-09,CUST-0336,Desk Lamp,Home & Office,3,33319.81,0,0.0,99959.43,67797.93,32161.5,32.17,WhatsApp,Abuja,USSD,Completed
ORD-01569,2025-06-10,CUST-0358,Office Chair,Home & Office,1,124725.92,15,18708.89,106017.03,70921.38,35095.65,33.1,Website,Owerri,Card,Completed
ORD-02766,2025-06-10,CUST-0560,Desk Lamp,Home & Office,1,29348.81,15,4402.32,24946.49,16629.68,8316.81,33.34,Walk-in,Ibadan,Cash,Completed
ORD-01142,2025-06-10,CUST-0002,Smart Watch,Electronics,1,78620.86,0,0.0,78620.86,62505.5,-5976.21,-7.6,Website,Lagos,Cash,Returned
ORD-00160,2025-06-10,CUST-0126,Wireless Earbuds,Electronics,1,44786.2,0,0.0,44786.2,32066.0,12720.2,28.4,Instagram,Lagos,Transfer,Completed
ORD-01328,2025-06-10,CUST-0153,Wireless Earbuds,Electronics,3,43296.39,0,0.0,129889.17,96110.3,33778.87,26.01,Website,Lagos,Card,Completed
ORD-01195,2025-06-11,CUST-0410,Power Bank,Electronics,2,27515.74,0,0.0,55031.48,37280.66,-3509.13,-6.38,Website,Owerri,USSD,Returned
ORD-01116,2025-06-11,CUST-0694,Running Shoes,Fashion,1,68550.3,0,0.0,68550.3,50446.09,18104.21,26.41,Website,Port Harcourt,Transfer,Completed
ORD-00456,2025-06-11,CUST-0505,Office Chair,Home & Office,1,117895.11,0,0.0,117895.11,73751.5,44143.61,37.44,Instagram,Owerri,Cash,Completed
ORD-02437,2025-06-11,CUST-0047,Wireless Earbuds,Electronics,1,41198.01,0,0.0,41198.01,28130.0,13068.01,31.72,Instagram,Owerri,USSD,Completed
ORD-00651,2025-06-11,CUST-0026,Running Shoes,Fashion,1,63984.6,0,0.0,63984.6,43507.92,20476.68,32.0,Website,Enugu,USSD,Completed
ORD-01619,2025-06-11,CUST-0692,Smart Watch,Electronics,2,76911.6,0,0.0,153823.2,122482.89,31340.31,20.37,WhatsApp,Ibadan,Cash,Completed
ORD-01865,2025-06-11,CUST-0583,Smart Watch,Electronics,2,77267.76,10,15453.55,139081.97,101574.0,37507.97,26.97,Instagram,Owerri,Card,Completed
ORD-00007,2025-06-11,CUST-0296,Office Chair,Home & Office,2,120981.2,15,36294.36,205668.04,131154.2,74513.84,36.23,Walk-in,Ibadan,Transfer,Completed
ORD-01707,2025-06-11,CUST-0448,Desk Lamp,Home & Office,1,31308.89,0,0.0,0.0,24037.7,0.0,0.0,Website,Lagos,USSD,Cancelled
ORD-01311,2025-06-11,CUST-0333,Sneakers,Fashion,1,72729.05,0,0.0,72729.05,51628.19,21100.86,29.01,Instagram,Owerri,Card,Completed
ORD-01969,2025-06-12,CUST-0614,Desk Lamp,Home & Office,1,32109.43,0,0.0,32109.43,20023.87,12085.56,37.64,WhatsApp,Abuja,USSD,Completed
ORD-00882,2025-06-12,CUST-0533,Laptop Backpack,Accessories,2,36196.13,15,10858.84,61533.42,50244.25,11289.17,18.35,Referral,Port Harcourt,Transfer,Completed
ORD-02588,2025-06-12,CUST-0251,Perfume,Beauty,1,40878.09,0,0.0,0.0,31400.54,0.0,0.0,Walk-in,Benin,Cash,Cancelled
ORD-00798,2025-06-12,CUST-0225,Perfume,Beauty,2,39422.3,0,0.0,78844.6,53712.03,25132.57,31.88,Referral,Benin,Card,Completed
ORD-00282,2025-06-12,CUST-0065,Power Bank,Electronics,1,31015.37,0,0.0,31015.37,19243.91,11771.46,37.95,Referral,Lagos,Card,Completed
ORD-01761,2025-06-13,CUST-0340,Desk Lamp,Home & Office,1,28975.51,0,0.0,28975.51,19660.44,9315.07,32.15,WhatsApp,Owerri,Transfer,Completed
ORD-00866,2025-06-13,CUST-0445,Skincare Set,Beauty,2,57094.55,0,0.0,114189.1,86091.36,28097.74,24.61,Instagram,Enugu,Transfer,Completed
ORD-02605,2025-06-13,CUST-0257,Hoodie,Fashion,1,41314.44,0,0.0,41314.44,33290.27,8024.17,19.42,Instagram,Owerri,Card,Completed
ORD-00570,2025-06-13,CUST-0275,Wireless Earbuds,Electronics,1,44693.23,0,0.0,0.0,33348.04,0.0,0.0,Instagram,Benin,Cash,Cancelled
ORD-02606,2025-06-13,CUST-0699,Wireless Earbuds,Electronics,1,41345.38,5,2067.27,39278.11,25370.38,-5715.74,-14.55,Referral,Benin,Cash,Returned
ORD-01602,2025-06-13,CUST-0498,Sneakers,Fashion,4,78539.51,0,0.0,314158.04,218125.32,-34344.49,-10.93,Walk-in,Owerri,Cash,Returned
ORD-00446,2025-06-13,CUST-0471,Smart Watch,Electronics,1,82764.77,0,0.0,0.0,51888.09,0.0,0.0,Instagram,Ibadan,Cash,Cancelled
ORD-01548,2025-06-14,CUST-0168,Sneakers,Fashion,1,73533.12,0,0.0,73533.12,47947.91,25585.21,34.79,WhatsApp,Abuja,Transfer,Completed
ORD-02912,2025-06-14,CUST-0101,Running Shoes,Fashion,1,64940.43,0,0.0,64940.43,41179.48,23760.95,36.59,Website,Benin,Cash,Completed
ORD-00731,2025-06-14,CUST-0092,Water Bottle,Home & Office,1,19847.95,5,992.4,18855.55,14224.54,-928.76,-4.93,WhatsApp,Lagos,Card,Returned
ORD-01427,2025-06-14,CUST-0135,Running Shoes,Fashion,1,69646.1,0,0.0,69646.1,51922.98,17723.12,25.45,Website,Benin,Transfer,Completed
ORD-02765,2025-06-14,CUST-0080,Running Shoes,Fashion,1,71529.93,0,0.0,71529.93,48696.89,22833.04,31.92,Instagram,Benin,USSD,Completed
ORD-00050,2025-06-14,CUST-0301,Hoodie,Fashion,4,42670.09,0,0.0,170680.36,133567.61,37112.75,21.74,Referral,Owerri,Transfer,Completed
ORD-00065,2025-06-15,CUST-0138,Wireless Earbuds,Electronics,2,42749.02,0,0.0,0.0,67754.87,0.0,0.0,Website,Abuja,Card,Cancelled
ORD-02637,2025-06-15,CUST-0169,Laptop Backpack,Accessories,1,34116.39,0,0.0,34116.39,23527.02,10589.37,31.04,WhatsApp,Enugu,Transfer,Completed
ORD-00686,2025-06-15,CUST-0139,Sneakers,Fashion,2,74688.79,0,0.0,0.0,121924.9,0.0,0.0,Walk-in,Abuja,Cash,Cancelled
ORD-01186,2025-06-16,CUST-0576,Office Chair,Home & Office,1,125221.46,20,25044.29,100177.17,75205.06,-8336.21,-8.32,Referral,Abuja,USSD,Returned
ORD-01189,2025-06-16,CUST-0234,Desk Lamp,Home & Office,1,32632.04,0,0.0,32632.04,24147.8,8484.24,26.0,Instagram,Ibadan,Transfer,Completed
ORD-02442,2025-06-16,CUST-0584,Water Bottle,Home & Office,1,18639.29,0,0.0,18639.29,11665.18,6974.11,37.42,Website,Enugu,USSD,Completed
ORD-02313,2025-06-16,CUST-0624,Wireless Earbuds,Electronics,2,40821.31,0,0.0,0.0,52833.09,0.0,0.0,WhatsApp,Enugu,Card,Cancelled
ORD-02510,2025-06-17,CUST-0053,Smart Watch,Electronics,2,85521.18,0,0.0,0.0,128217.14,0.0,0.0,Referral,Port Harcourt,Card,Cancelled
ORD-00609,2025-06-17,CUST-0667,Hoodie,Fashion,1,41865.93,0,0.0,41865.93,26722.92,-6749.28,-16.12,Website,Owerri,USSD,Returned
ORD-00503,2025-06-17,CUST-0344,Power Bank,Electronics,1,28725.53,0,0.0,28725.53,21404.44,7321.09,25.49,Walk-in,Port Harcourt,Transfer,Completed
ORD-02739,2025-06-17,CUST-0259,Water Bottle,Home & Office,3,18898.61,0,0.0,56695.83,43693.66,13002.17,22.93,Website,Ibadan,Transfer,Completed
ORD-00805,2025-06-18,CUST-0472,Power Bank,Electronics,1,27814.03,0,0.0,27814.03,19376.17,8437.86,30.34,Instagram,Lagos,Cash,Completed
ORD-02489,2025-06-18,CUST-0161,Wireless Earbuds,Electronics,4,44284.36,0,0.0,177137.44,129658.82,47478.62,26.8,Instagram,Enugu,USSD,Completed
ORD-02372,2025-06-18,CUST-0346,Perfume,Beauty,3,38820.67,0,0.0,116462.01,74763.44,41698.57,35.8,WhatsApp,Benin,Cash,Completed
ORD-01282,2025-06-18,CUST-0465,Water Bottle,Home & Office,2,17700.53,0,0.0,35401.06,27089.64,-2919.64,-8.25,Referral,Owerri,Cash,Returned
ORD-01672,2025-06-18,CUST-0111,Running Shoes,Fashion,2,66226.14,0,0.0,0.0,93016.54,0.0,0.0,Website,Ibadan,USSD,Cancelled
ORD-00931,2025-06-19,CUST-0057,Smart Watch,Electronics,1,77733.3,0,0.0,0.0,53408.04,0.0,0.0,Instagram,Port Harcourt,USSD,Cancelled
ORD-00119,2025-06-19,CUST-0039,Smart Watch,Electronics,1,84287.33,0,0.0,84287.33,68088.45,16198.88,19.22,Referral,Ibadan,Transfer,Completed
ORD-01653,2025-06-20,CUST-0069,Sneakers,Fashion,2,71713.41,0,0.0,143426.82,100582.36,42844.46,29.87,WhatsApp,Lagos,Cash,Completed
ORD-00491,2025-06-20,CUST-0315,Hoodie,Fashion,2,45768.97,0,0.0,91537.94,63749.57,-6948.9,-7.59,Referral,Benin,Card,Returned
ORD-02112,2025-06-20,CUST-0182,Sneakers,Fashion,1,75193.24,0,0.0,75193.24,59202.91,-4358.27,-5.8,Website,Enugu,Transfer,Returned
ORD-01071,2025-06-20,CUST-0408,Running Shoes,Fashion,1,65953.97,0,0.0,65953.97,47628.52,18325.45,27.79,Walk-in,Abuja,Transfer,Completed
ORD-02703,2025-06-20,CUST-0069,Laptop Backpack,Accessories,2,36646.41,0,0.0,73292.82,55813.28,17479.54,23.85,Instagram,Port Harcourt,Card,Completed
ORD-02564,2025-06-20,CUST-0571,Smart Watch,Electronics,1,85136.44,0,0.0,85136.44,56997.89,28138.55,33.05,Instagram,Port Harcourt,Card,Completed
ORD-00537,2025-06-20,CUST-0452,Wireless Earbuds,Electronics,2,45405.91,0,0.0,90811.82,61464.79,29347.03,32.32,WhatsApp,Abuja,Transfer,Completed
ORD-02045,2025-06-20,CUST-0066,Smart Watch,Electronics,2,85039.51,0,0.0,170079.02,108432.07,61646.95,36.25,Website,Port Harcourt,USSD,Completed
ORD-02386,2025-06-21,CUST-0573,Hoodie,Fashion,3,41311.47,0,0.0,0.0,80532.79,0.0,0.0,Instagram,Abuja,Cash,Cancelled
ORD-00650,2025-06-21,CUST-0330,Water Bottle,Home & Office,2,17786.31,0,0.0,35572.62,25492.3,10080.32,28.34,WhatsApp,Benin,Card,Completed
ORD-02647,2025-06-21,CUST-0274,Office Chair,Home & Office,1,114170.14,0,0.0,0.0,81634.18,0.0,0.0,Walk-in,Benin,USSD,Cancelled
ORD-01245,2025-06-21,CUST-0047,Power Bank,Electronics,2,30095.41,0,0.0,60190.82,44655.63,15535.19,25.81,Instagram,Port Harcourt,USSD,Completed
ORD-02905,2025-06-21,CUST-0440,Desk Lamp,Home & Office,1,30114.46,20,6022.89,0.0,18305.09,0.0,0.0,WhatsApp,Abuja,Card,Cancelled
ORD-02514,2025-06-21,CUST-0499,Smart Watch,Electronics,1,77175.78,10,7717.58,0.0,53373.53,0.0,0.0,Website,Lagos,Cash,Cancelled
ORD-00888,2025-06-21,CUST-0255,Office Chair,Home & Office,3,114209.03,20,68525.42,274101.67,173411.12,-46601.7,-17.0,Instagram,Benin,USSD,Returned
ORD-02504,2025-06-21,CUST-0397,Smart Watch,Electronics,1,81750.1,10,8175.01,73575.09,49773.53,23801.56,32.35,WhatsApp,Port Harcourt,Transfer,Completed
ORD-00699,2025-06-22,CUST-0616,Office Chair,Home & Office,1,110999.09,0,0.0,110999.09,88618.86,22380.23,20.16,Instagram,Benin,USSD,Completed
ORD-02675,2025-06-22,CUST-0643,Hoodie,Fashion,1,41737.01,0,0.0,0.0,31939.87,0.0,0.0,WhatsApp,Enugu,Cash,Cancelled
ORD-00202,2025-06-22,CUST-0087,Power Bank,Electronics,1,30587.3,0,0.0,30587.3,19256.73,11330.57,37.04,WhatsApp,Lagos,Card,Completed
ORD-01739,2025-06-23,CUST-0462,Skincare Set,Beauty,1,54120.03,0,0.0,54120.03,37037.88,17082.15,31.56,Walk-in,Enugu,USSD,Completed
ORD-01187,2025-06-23,CUST-0169,Running Shoes,Fashion,1,68095.79,10,6809.58,61286.21,46499.29,-6125.97,-10.0,Referral,Benin,Cash,Returned
ORD-01725,2025-06-23,CUST-0349,Water Bottle,Home & Office,2,19231.64,0,0.0,38463.28,26353.19,12110.09,31.48,WhatsApp,Abuja,USSD,Completed
ORD-00664,2025-06-23,CUST-0192,Power Bank,Electronics,1,26791.81,0,0.0,26791.81,21567.75,5224.06,19.5,WhatsApp,Abuja,USSD,Completed
ORD-01990,2025-06-24,CUST-0590,Desk Lamp,Home & Office,3,29619.09,0,0.0,88857.27,72107.51,16749.76,18.85,Instagram,Ibadan,Card,Completed
ORD-02827,2025-06-24,CUST-0568,Wireless Earbuds,Electronics,2,40002.73,0,0.0,80005.46,53533.89,26471.57,33.09,Walk-in,Port Harcourt,Card,Completed
ORD-02823,2025-06-24,CUST-0452,Perfume,Beauty,2,40938.75,20,16375.5,0.0,51563.47,0.0,0.0,Website,Abuja,Card,Cancelled
ORD-02342,2025-06-24,CUST-0339,Wireless Earbuds,Electronics,3,41887.38,5,6283.11,119379.03,85544.03,-11048.16,-9.25,Website,Port Harcourt,USSD,Returned
ORD-00362,2025-06-24,CUST-0354,Wireless Earbuds,Electronics,1,43099.92,5,2155.0,40944.92,31135.71,9809.21,23.96,WhatsApp,Ibadan,Transfer,Completed
ORD-02320,2025-06-24,CUST-0509,Power Bank,Electronics,1,30513.28,10,3051.33,27461.95,19997.35,7464.6,27.18,Instagram,Enugu,USSD,Completed
ORD-02875,2025-06-24,CUST-0280,Office Chair,Home & Office,1,116669.87,5,5833.49,110836.38,78842.83,31993.55,28.87,Referral,Port Harcourt,Transfer,Completed
ORD-02401,2025-06-25,CUST-0548,Water Bottle,Home & Office,2,18990.49,0,0.0,37980.98,29087.75,8893.23,23.41,WhatsApp,Ibadan,Transfer,Completed
ORD-01755,2025-06-25,CUST-0197,Hoodie,Fashion,3,40469.81,15,18211.41,103198.02,66236.56,36961.46,35.82,Referral,Lagos,Cash,Completed
ORD-01526,2025-06-25,CUST-0479,Skincare Set,Beauty,1,56488.63,5,2824.43,53664.2,37368.4,16295.8,30.37,WhatsApp,Benin,Card,Completed
ORD-02806,2025-06-25,CUST-0623,Running Shoes,Fashion,3,65284.92,0,0.0,195854.76,129843.54,66011.22,33.7,Instagram,Ibadan,Card,Completed
ORD-01593,2025-06-25,CUST-0062,Hoodie,Fashion,1,44333.52,0,0.0,44333.52,27843.62,16489.9,37.2,Instagram,Lagos,USSD,Completed
ORD-00944,2025-06-26,CUST-0088,Power Bank,Electronics,1,30251.41,0,0.0,30251.41,22645.2,7606.21,25.14,Website,Ibadan,Cash,Completed
ORD-00046,2025-06-26,CUST-0564,Laptop Backpack,Accessories,1,37618.74,0,0.0,37618.74,25726.05,-4600.92,-12.23,WhatsApp,Abuja,Cash,Returned
ORD-01509,2025-06-26,CUST-0324,Water Bottle,Home & Office,2,19116.96,15,5735.09,32498.83,24717.27,7781.56,23.94,Instagram,Enugu,Card,Completed
ORD-02446,2025-06-26,CUST-0035,Perfume,Beauty,1,41112.63,0,0.0,0.0,27024.99,0.0,0.0,Walk-in,Abuja,Cash,Cancelled
ORD-02630,2025-06-26,CUST-0611,Smart Watch,Electronics,3,76427.99,15,34392.6,194891.37,125081.86,69809.51,35.82,Referral,Benin,Cash,Completed
ORD-00357,2025-06-26,CUST-0547,Office Chair,Home & Office,1,112677.49,0,0.0,112677.49,90222.18,-7717.44,-6.85,Website,Enugu,Card,Returned
ORD-00413,2025-06-26,CUST-0247,Desk Lamp,Home & Office,1,30341.35,5,1517.07,28824.28,21001.49,7822.79,27.14,Referral,Enugu,Cash,Completed
ORD-01657,2025-06-26,CUST-0351,Smart Watch,Electronics,1,82791.03,0,0.0,82791.03,62947.67,-6537.62,-7.9,Instagram,Port Harcourt,Cash,Returned
ORD-01931,2025-06-27,CUST-0464,Sneakers,Fashion,2,74571.27,0,0.0,149142.54,102674.88,46467.66,31.16,WhatsApp,Owerri,Cash,Completed
ORD-02549,2025-06-27,CUST-0017,Water Bottle,Home & Office,1,19026.58,0,0.0,19026.58,13518.34,5508.24,28.95,Website,Lagos,Card,Completed
ORD-02413,2025-06-27,CUST-0059,Laptop Backpack,Accessories,2,37296.23,20,14918.49,59673.97,48649.1,11024.87,18.48,Instagram,Benin,Transfer,Completed
ORD-01926,2025-06-27,CUST-0593,Office Chair,Home & Office,2,115958.47,0,0.0,231916.94,155977.59,75939.35,32.74,Instagram,Enugu,Card,Completed
ORD-02283,2025-06-27,CUST-0249,Water Bottle,Home & Office,2,17262.59,5,1726.26,32798.92,22520.92,10278.0,31.34,Instagram,Owerri,Transfer,Completed
ORD-00825,2025-06-27,CUST-0688,Smart Watch,Electronics,1,74814.87,20,14962.97,0.0,40534.81,0.0,0.0,Referral,Ibadan,Cash,Cancelled
ORD-00478,2025-06-27,CUST-0635,Skincare Set,Beauty,1,52922.5,0,0.0,52922.5,35939.33,16983.17,32.09,WhatsApp,Port Harcourt,USSD,Completed
ORD-01284,2025-06-27,CUST-0402,Running Shoes,Fashion,2,66477.85,0,0.0,132955.7,83850.91,49104.79,36.93,Walk-in,Lagos,Card,Completed
ORD-01124,2025-06-28,CUST-0389,Running Shoes,Fashion,1,66076.26,0,0.0,66076.26,45473.91,-8680.12,-13.14,Website,Abuja,USSD,Returned
ORD-01583,2025-06-28,CUST-0354,Perfume,Beauty,1,40006.15,0,0.0,40006.15,31528.79,8477.36,21.19,Instagram,Benin,Cash,Completed
ORD-00766,2025-06-28,CUST-0128,Wireless Earbuds,Electronics,1,42672.6,5,2133.63,40538.97,33177.7,7361.27,18.16,Instagram,Enugu,Card,Completed
ORD-02057,2025-06-28,CUST-0406,Running Shoes,Fashion,1,64247.19,15,9637.08,54610.11,39718.77,14891.34,27.27,WhatsApp,Lagos,Cash,Completed
ORD-02333,2025-06-28,CUST-0503,Water Bottle,Home & Office,1,18592.72,5,929.64,17663.08,12722.32,4940.76,27.97,Instagram,Ibadan,USSD,Completed
ORD-01535,2025-06-28,CUST-0427,Power Bank,Electronics,1,26982.27,0,0.0,26982.27,17460.45,-1924.07,-7.13,Instagram,Benin,Card,Returned
ORD-00865,2025-06-28,CUST-0420,Smart Watch,Electronics,1,75552.5,5,3777.62,71774.88,48844.82,22930.06,31.95,Website,Owerri,Card,Completed
ORD-01453,2025-06-29,CUST-0436,Water Bottle,Home & Office,2,18351.84,10,3670.37,33033.31,21217.93,11815.38,35.77,Website,Abuja,Cash,Completed
ORD-01646,2025-06-29,CUST-0285,Skincare Set,Beauty,1,59069.19,15,8860.38,0.0,40863.24,0.0,0.0,Website,Abuja,Card,Cancelled
ORD-00567,2025-06-29,CUST-0232,Office Chair,Home & Office,1,117790.63,0,0.0,117790.63,73889.14,43901.49,37.27,Walk-in,Benin,USSD,Completed
ORD-01332,2025-06-30,CUST-0311,Skincare Set,Beauty,1,52596.9,5,2629.84,49967.06,35481.02,-2279.5,-4.56,Instagram,Port Harcourt,Card,Returned
ORD-02879,2025-06-30,CUST-0145,Hoodie,Fashion,2,41980.09,5,4198.01,79762.17,60490.43,19271.74,24.16,Walk-in,Abuja,USSD,Completed
ORD-02392,2025-06-30,CUST-0163,Running Shoes,Fashion,1,69987.14,15,10498.07,0.0,38413.18,0.0,0.0,WhatsApp,Lagos,Card,Cancelled
ORD-02405,2025-07-01,CUST-0293,Water Bottle,Home & Office,1,17456.18,0,0.0,17456.18,12977.11,4479.07,25.66,Referral,Owerri,Transfer,Completed
ORD-00101,2025-07-01,CUST-0151,Running Shoes,Fashion,1,64092.41,0,0.0,64092.41,47854.48,16237.93,25.34,Walk-in,Port Harcourt,USSD,Completed
ORD-01592,2025-07-01,CUST-0679,Skincare Set,Beauty,4,58971.5,0,0.0,0.0,170299.16,0.0,0.0,Referral,Benin,USSD,Cancelled
ORD-01381,2025-07-01,CUST-0617,Skincare Set,Beauty,1,55874.28,0,0.0,55874.28,43706.61,12167.67,21.78,Instagram,Enugu,Cash,Completed
ORD-02692,2025-07-01,CUST-0315,Running Shoes,Fashion,1,65331.61,0,0.0,65331.61,46405.41,18926.2,28.97,Website,Lagos,Card,Completed
ORD-01350,2025-07-01,CUST-0509,Office Chair,Home & Office,1,117096.38,0,0.0,117096.38,77319.07,39777.31,33.97,Referral,Port Harcourt,Card,Completed
ORD-00224,2025-07-01,CUST-0408,Water Bottle,Home & Office,1,17937.41,15,2690.61,0.0,10892.5,0.0,0.0,Referral,Abuja,Transfer,Cancelled
ORD-00067,2025-07-02,CUST-0195,Desk Lamp,Home & Office,1,30870.4,0,0.0,30870.4,21273.83,9596.57,31.09,WhatsApp,Ibadan,USSD,Completed
ORD-01921,2025-07-02,CUST-0659,Sneakers,Fashion,1,67674.3,5,3383.72,0.0,45331.73,0.0,0.0,Instagram,Lagos,USSD,Cancelled
ORD-01125,2025-07-02,CUST-0269,Running Shoes,Fashion,1,67448.92,0,0.0,67448.92,45100.03,22348.89,33.13,Referral,Abuja,Cash,Completed
ORD-02208,2025-07-02,CUST-0098,Wireless Earbuds,Electronics,1,41648.64,0,0.0,41648.64,29598.47,12050.17,28.93,Instagram,Ibadan,USSD,Completed
ORD-00990,2025-07-02,CUST-0447,Wireless Earbuds,Electronics,2,42284.07,0,0.0,84568.14,56056.36,28511.78,33.71,Referral,Enugu,Card,Completed
ORD-02784,2025-07-03,CUST-0260,Power Bank,Electronics,1,29435.02,0,0.0,29435.02,22377.95,-2199.0,-7.47,Instagram,Owerri,Transfer,Returned
ORD-02074,2025-07-03,CUST-0399,Water Bottle,Home & Office,2,17568.79,15,5270.64,29866.94,22493.97,-3313.51,-11.09,Instagram,Benin,Cash,Returned
ORD-02580,2025-07-04,CUST-0561,Laptop Backpack,Accessories,1,33243.42,0,0.0,33243.42,23923.45,-2898.44,-8.72,WhatsApp,Owerri,Transfer,Returned
ORD-01903,2025-07-04,CUST-0119,Power Bank,Electronics,1,30049.63,0,0.0,30049.63,22413.89,-1394.59,-4.64,Referral,Port Harcourt,Transfer,Returned
ORD-01044,2025-07-04,CUST-0568,Running Shoes,Fashion,1,66627.25,20,13325.45,53301.8,36358.23,-4580.67,-8.59,Walk-in,Port Harcourt,Card,Returned
ORD-01747,2025-07-04,CUST-0428,Hoodie,Fashion,4,43317.03,0,0.0,173268.12,108329.23,64938.89,37.48,WhatsApp,Abuja,Card,Completed
ORD-00161,2025-07-04,CUST-0151,Sneakers,Fashion,1,72626.38,0,0.0,72626.38,54714.74,17911.64,24.66,Walk-in,Owerri,USSD,Completed
ORD-02394,2025-07-05,CUST-0509,Office Chair,Home & Office,1,122821.78,0,0.0,122821.78,97318.32,-12040.19,-9.8,WhatsApp,Enugu,Transfer,Returned
ORD-01110,2025-07-05,CUST-0620,Desk Lamp,Home & Office,1,29924.23,20,5984.85,23939.38,18841.39,5097.99,21.3,Website,Lagos,Cash,Completed
ORD-00414,2025-07-05,CUST-0609,Water Bottle,Home & Office,1,17036.46,0,0.0,17036.46,11452.07,5584.39,32.78,Referral,Abuja,USSD,Completed
ORD-01544,2025-07-05,CUST-0009,Water Bottle,Home & Office,1,17296.9,20,3459.38,13837.52,10910.74,2926.78,21.15,Referral,Ibadan,USSD,Completed
ORD-01171,2025-07-05,CUST-0369,Perfume,Beauty,3,38870.79,0,0.0,116612.37,78048.14,38564.23,33.07,Referral,Ibadan,Cash,Completed
ORD-02890,2025-07-05,CUST-0551,Power Bank,Electronics,2,30017.04,0,0.0,60034.08,41956.02,18078.06,30.11,Website,Port Harcourt,Card,Completed
ORD-01843,2025-07-06,CUST-0522,Office Chair,Home & Office,3,113094.43,5,16964.16,322319.13,219240.6,103078.53,31.98,Instagram,Port Harcourt,Transfer,Completed
ORD-00401,2025-07-06,CUST-0237,Hoodie,Fashion,1,44230.13,0,0.0,44230.13,34979.49,9250.64,20.91,Instagram,Enugu,USSD,Completed
ORD-02809,2025-07-06,CUST-0153,Office Chair,Home & Office,2,117855.75,0,0.0,235711.5,161179.49,74532.01,31.62,Walk-in,Port Harcourt,Cash,Completed
ORD-00218,2025-07-07,CUST-0542,Water Bottle,Home & Office,1,18383.86,0,0.0,18383.86,13954.88,4428.98,24.09,Instagram,Enugu,Card,Completed
ORD-01329,2025-07-07,CUST-0637,Power Bank,Electronics,1,28302.31,10,2830.23,25472.08,19317.42,6154.66,24.16,Referral,Abuja,Cash,Completed
ORD-00976,2025-07-07,CUST-0071,Desk Lamp,Home & Office,1,31085.11,0,0.0,31085.11,22096.34,8988.77,28.92,Referral,Abuja,Card,Completed
ORD-00468,2025-07-07,CUST-0200,Skincare Set,Beauty,1,54694.56,0,0.0,54694.56,43208.26,11486.3,21.0,Instagram,Abuja,USSD,Completed
ORD-00450,2025-07-08,CUST-0316,Power Bank,Electronics,4,29068.58,0,0.0,116274.32,82472.02,33802.3,29.07,Website,Enugu,Cash,Completed
ORD-01948,2025-07-08,CUST-0558,Water Bottle,Home & Office,3,17215.14,0,0.0,51645.42,42099.17,9546.25,18.48,Instagram,Lagos,Card,Completed
ORD-01386,2025-07-08,CUST-0209,Water Bottle,Home & Office,1,17159.12,0,0.0,0.0,11429.42,0.0,0.0,WhatsApp,Benin,Card,Cancelled
ORD-01579,2025-07-08,CUST-0431,Desk Lamp,Home & Office,4,28079.36,5,5615.87,0.0,74077.09,0.0,0.0,Referral,Benin,USSD,Cancelled
ORD-02585,2025-07-08,CUST-0461,Desk Lamp,Home & Office,1,30883.87,0,0.0,30883.87,22115.12,8768.75,28.39,Website,Lagos,Cash,Completed
ORD-02669,2025-07-08,CUST-0387,Water Bottle,Home & Office,1,18487.6,0,0.0,0.0,12849.47,0.0,0.0,Instagram,Benin,Card,Cancelled
ORD-02254,2025-07-09,CUST-0033,Office Chair,Home & Office,3,121089.3,0,0.0,0.0,271981.25,0.0,0.0,Walk-in,Owerri,Cash,Cancelled
ORD-02115,2025-07-10,CUST-0165,Laptop Backpack,Accessories,2,33711.01,0,0.0,67422.02,50633.24,16788.78,24.9,WhatsApp,Abuja,Cash,Completed
ORD-02659,2025-07-10,CUST-0562,Hoodie,Fashion,1,39944.23,0,0.0,0.0,26421.08,0.0,0.0,Walk-in,Enugu,USSD,Cancelled
ORD-00029,2025-07-10,CUST-0566,Running Shoes,Fashion,1,62801.96,0,0.0,62801.96,43618.31,19183.65,30.55,Instagram,Port Harcourt,USSD,Completed
ORD-00244,2025-07-10,CUST-0313,Power Bank,Electronics,2,27999.17,0,0.0,55998.34,37100.52,18897.82,33.75,Walk-in,Ibadan,Transfer,Completed
ORD-02533,2025-07-11,CUST-0133,Power Bank,Electronics,2,27899.35,0,0.0,55798.7,41066.79,14731.91,26.4,Walk-in,Enugu,Cash,Completed
ORD-00791,2025-07-11,CUST-0187,Laptop Backpack,Accessories,1,34813.1,0,0.0,34813.1,21711.94,13101.16,37.63,Instagram,Lagos,Cash,Completed
ORD-02543,2025-07-11,CUST-0664,Desk Lamp,Home & Office,1,28983.11,0,0.0,28983.11,23544.67,-2562.61,-8.84,Instagram,Enugu,Card,Returned
ORD-02999,2025-07-11,CUST-0508,Desk Lamp,Home & Office,1,31140.25,0,0.0,31140.25,24328.18,6812.07,21.88,Instagram,Enugu,Transfer,Completed
ORD-01207,2025-07-11,CUST-0592,Laptop Backpack,Accessories,2,33123.02,0,0.0,66246.04,42486.98,23759.06,35.86,Instagram,Enugu,Card,Completed
ORD-00421,2025-07-11,CUST-0573,Power Bank,Electronics,1,28146.05,15,4221.91,23924.14,15228.83,8695.31,36.35,Walk-in,Abuja,Card,Completed
ORD-01197,2025-07-12,CUST-0370,Wireless Earbuds,Electronics,1,41022.65,10,4102.27,36920.38,28477.08,8443.3,22.87,Website,Lagos,Cash,Completed
ORD-02457,2025-07-12,CUST-0351,Sneakers,Fashion,1,71021.38,5,3551.07,67470.31,50778.1,16692.21,24.74,Referral,Owerri,Cash,Completed
ORD-01728,2025-07-12,CUST-0074,Wireless Earbuds,Electronics,3,43495.77,0,0.0,130487.31,82891.12,47596.19,36.48,Website,Abuja,Cash,Completed
ORD-01163,2025-07-12,CUST-0091,Laptop Backpack,Accessories,1,33361.58,0,0.0,33361.58,23238.29,10123.29,30.34,WhatsApp,Benin,Transfer,Completed
ORD-00146,2025-07-13,CUST-0305,Hoodie,Fashion,1,42849.1,10,4284.91,38564.19,25453.52,13110.67,34.0,WhatsApp,Ibadan,Cash,Completed
ORD-01713,2025-07-13,CUST-0038,Hoodie,Fashion,2,38953.43,0,0.0,77906.86,53838.37,24068.49,30.89,WhatsApp,Benin,USSD,Completed
ORD-01726,2025-07-13,CUST-0457,Desk Lamp,Home & Office,1,28739.86,20,5747.97,22991.89,16558.16,-2978.93,-12.96,Website,Benin,Transfer,Returned
ORD-01078,2025-07-13,CUST-0353,Running Shoes,Fashion,1,67599.54,20,13519.91,0.0,36968.4,0.0,0.0,Referral,Enugu,USSD,Cancelled
ORD-02759,2025-07-13,CUST-0686,Skincare Set,Beauty,2,55797.38,10,11159.48,100435.28,65073.11,-11071.34,-11.02,Website,Owerri,USSD,Returned
ORD-01936,2025-07-13,CUST-0650,Water Bottle,Home & Office,1,18001.72,0,0.0,18001.72,11689.67,-1833.7,-10.19,Walk-in,Port Harcourt,Cash,Returned
ORD-01132,2025-07-13,CUST-0375,Perfume,Beauty,1,38728.27,20,7745.65,30982.62,20648.9,10333.72,33.35,Referral,Lagos,USSD,Completed
ORD-02212,2025-07-13,CUST-0032,Smart Watch,Electronics,1,77739.53,0,0.0,77739.53,57880.0,19859.53,25.55,WhatsApp,Lagos,Transfer,Completed
ORD-02193,2025-07-13,CUST-0461,Sneakers,Fashion,2,68643.88,0,0.0,0.0,100110.42,0.0,0.0,WhatsApp,Ibadan,USSD,Cancelled
ORD-02858,2025-07-13,CUST-0497,Perfume,Beauty,1,36679.63,20,7335.93,0.0,22972.2,0.0,0.0,Instagram,Enugu,Transfer,Cancelled
ORD-02054,2025-07-14,CUST-0677,Skincare Set,Beauty,1,50908.97,0,0.0,50908.97,35219.06,15689.91,30.82,WhatsApp,Lagos,Cash,Completed
ORD-01659,2025-07-14,CUST-0041,Desk Lamp,Home & Office,1,27995.7,5,1399.78,0.0,20229.59,0.0,0.0,WhatsApp,Enugu,Card,Cancelled
ORD-03000,2025-07-14,CUST-0246,Water Bottle,Home & Office,2,17325.53,0,0.0,34651.06,27826.52,6824.54,19.7,Referral,Abuja,Cash,Completed
ORD-01684,2025-07-15,CUST-0034,Water Bottle,Home & Office,1,18128.07,0,0.0,18128.07,14617.71,-868.51,-4.79,Instagram,Lagos,Card,Returned
ORD-01073,2025-07-15,CUST-0563,Sneakers,Fashion,2,68687.38,0,0.0,137374.76,95016.34,42358.42,30.83,Referral,Abuja,Cash,Completed
ORD-00605,2025-07-15,CUST-0498,Sneakers,Fashion,2,73517.19,0,0.0,147034.38,93766.13,53268.25,36.23,Walk-in,Abuja,Cash,Completed
ORD-02752,2025-07-16,CUST-0634,Office Chair,Home & Office,1,107508.93,0,0.0,107508.93,79144.7,-8886.42,-8.27,Website,Port Harcourt,Card,Returned
ORD-00853,2025-07-16,CUST-0553,Power Bank,Electronics,1,27054.93,0,0.0,27054.93,17078.88,-4617.82,-17.07,Instagram,Benin,USSD,Returned
ORD-01352,2025-07-16,CUST-0188,Skincare Set,Beauty,1,57471.0,0,0.0,57471.0,39657.17,17813.83,31.0,Instagram,Lagos,Transfer,Completed
ORD-01559,2025-07-16,CUST-0080,Smart Watch,Electronics,3,72707.17,0,0.0,218121.51,158460.86,59660.65,27.35,WhatsApp,Benin,Cash,Completed
ORD-02948,2025-07-16,CUST-0432,Desk Lamp,Home & Office,1,29003.85,10,2900.38,26103.47,20620.68,5482.79,21.0,WhatsApp,Benin,Transfer,Completed
ORD-01683,2025-07-16,CUST-0433,Running Shoes,Fashion,1,67046.21,5,3352.31,63693.9,48354.67,15339.23,24.08,Website,Lagos,Cash,Completed
ORD-01670,2025-07-16,CUST-0512,Running Shoes,Fashion,1,62574.24,0,0.0,0.0,40672.97,0.0,0.0,Walk-in,Enugu,USSD,Cancelled
ORD-02793,2025-07-16,CUST-0556,Perfume,Beauty,1,39977.82,0,0.0,39977.82,25272.01,14705.81,36.78,Referral,Port Harcourt,Cash,Completed
ORD-02424,2025-07-17,CUST-0664,Laptop Backpack,Accessories,1,34023.39,0,0.0,34023.39,27702.35,6321.04,18.58,WhatsApp,Abuja,Card,Completed
ORD-01338,2025-07-17,CUST-0246,Skincare Set,Beauty,3,54136.09,0,0.0,162408.27,105299.96,57108.31,35.16,Walk-in,Ibadan,USSD,Completed
ORD-01394,2025-07-17,CUST-0699,Office Chair,Home & Office,1,107974.19,0,0.0,107974.19,80017.52,27956.67,25.89,Walk-in,Ibadan,Cash,Completed
ORD-02201,2025-07-17,CUST-0167,Hoodie,Fashion,1,39927.12,0,0.0,39927.12,25985.86,13941.26,34.92,Website,Enugu,Transfer,Completed
ORD-02369,2025-07-18,CUST-0397,Water Bottle,Home & Office,1,16593.99,0,0.0,16593.99,13152.84,3441.15,20.74,Walk-in,Port Harcourt,Card,Completed
ORD-00704,2025-07-18,CUST-0302,Running Shoes,Fashion,4,65942.64,0,0.0,263770.56,198991.28,-26144.61,-9.91,WhatsApp,Benin,Cash,Returned
ORD-01528,2025-07-18,CUST-0186,Sneakers,Fashion,3,75288.15,10,22586.44,203278.01,151056.01,52222.0,25.69,Referral,Ibadan,Transfer,Completed
ORD-02120,2025-07-19,CUST-0010,Water Bottle,Home & Office,1,18736.64,0,0.0,18736.64,14667.89,4068.75,21.72,Walk-in,Port Harcourt,USSD,Completed
ORD-00602,2025-07-19,CUST-0409,Power Bank,Electronics,3,26642.92,0,0.0,79928.76,63871.96,16056.8,20.09,Referral,Owerri,Transfer,Completed
ORD-02591,2025-07-19,CUST-0106,Smart Watch,Electronics,1,75833.8,0,0.0,75833.8,52364.74,23469.06,30.95,Website,Owerri,Transfer,Completed
ORD-02554,2025-07-20,CUST-0533,Water Bottle,Home & Office,1,17839.87,5,891.99,16947.88,12458.27,-1722.97,-10.17,Website,Enugu,Card,Returned
ORD-01096,2025-07-20,CUST-0141,Perfume,Beauty,1,38330.53,0,0.0,38330.53,29818.65,8511.88,22.21,Referral,Abuja,Cash,Completed
ORD-01183,2025-07-20,CUST-0548,Hoodie,Fashion,1,40409.95,0,0.0,40409.95,30551.08,9858.87,24.4,Walk-in,Abuja,Transfer,Completed
ORD-01004,2025-07-20,CUST-0608,Skincare Set,Beauty,2,53825.36,0,0.0,107650.72,74785.38,-14543.0,-13.51,Instagram,Ibadan,Card,Returned
ORD-00765,2025-07-20,CUST-0602,Power Bank,Electronics,2,26844.97,0,0.0,53689.94,37596.41,16093.53,29.97,Website,Port Harcourt,Card,Completed
ORD-01668,2025-07-21,CUST-0142,Hoodie,Fashion,1,39870.03,0,0.0,39870.03,29359.97,10510.06,26.36,Instagram,Enugu,Card,Completed
ORD-00328,2025-07-21,CUST-0560,Desk Lamp,Home & Office,1,29573.47,0,0.0,29573.47,22052.55,-1826.56,-6.18,Referral,Benin,Card,Returned
ORD-01738,2025-07-21,CUST-0700,Wireless Earbuds,Electronics,2,41132.7,0,0.0,82265.4,63167.74,19097.66,23.21,Instagram,Ibadan,Cash,Completed
ORD-00093,2025-07-21,CUST-0075,Laptop Backpack,Accessories,2,34913.27,0,0.0,69826.54,49081.14,20745.4,29.71,Instagram,Benin,Transfer,Completed
ORD-00738,2025-07-21,CUST-0186,Office Chair,Home & Office,1,113666.93,15,17050.04,96616.89,65860.88,30756.01,31.83,Website,Ibadan,Card,Completed
ORD-00250,2025-07-22,CUST-0514,Running Shoes,Fashion,1,62064.45,5,3103.22,58961.23,37123.67,21837.56,37.04,Website,Ibadan,Transfer,Completed
ORD-02492,2025-07-22,CUST-0645,Sneakers,Fashion,2,69671.96,0,0.0,139343.92,104408.23,34935.69,25.07,Referral,Ibadan,Card,Completed
ORD-01175,2025-07-22,CUST-0030,Running Shoes,Fashion,1,66172.99,0,0.0,0.0,41967.0,0.0,0.0,Walk-in,Enugu,Card,Cancelled
ORD-01204,2025-07-22,CUST-0406,Wireless Earbuds,Electronics,1,40337.35,0,0.0,40337.35,27822.31,-4939.97,-12.25,Instagram,Ibadan,Transfer,Returned
ORD-01398,2025-07-23,CUST-0678,Running Shoes,Fashion,2,62652.41,20,25060.96,0.0,75491.74,0.0,0.0,Walk-in,Enugu,Cash,Cancelled
ORD-01588,2025-07-23,CUST-0140,Wireless Earbuds,Electronics,1,39671.5,0,0.0,39671.5,26359.39,13312.11,33.56,Instagram,Enugu,USSD,Completed
ORD-00597,2025-07-23,CUST-0057,Laptop Backpack,Accessories,1,33029.32,0,0.0,33029.32,25069.06,7960.26,24.1,WhatsApp,Owerri,Transfer,Completed
ORD-00269,2025-07-23,CUST-0579,Hoodie,Fashion,1,42267.51,0,0.0,42267.51,30310.79,11956.72,28.29,WhatsApp,Ibadan,USSD,Completed
ORD-02051,2025-07-23,CUST-0115,Power Bank,Electronics,1,27202.97,0,0.0,27202.97,22088.73,5114.24,18.8,Instagram,Enugu,Card,Completed
ORD-00848,2025-07-23,CUST-0339,Hoodie,Fashion,3,38610.72,10,11583.22,104248.94,85433.73,18815.21,18.05,Walk-in,Port Harcourt,Transfer,Completed
ORD-00793,2025-07-23,CUST-0105,Running Shoes,Fashion,4,68134.72,0,0.0,272538.88,186020.93,86517.95,31.75,Instagram,Abuja,USSD,Completed
ORD-00672,2025-07-24,CUST-0216,Skincare Set,Beauty,2,56244.75,20,22497.9,89991.6,64827.6,-11405.78,-12.67,Instagram,Owerri,USSD,Returned
ORD-02735,2025-07-24,CUST-0337,Running Shoes,Fashion,1,64024.16,0,0.0,64024.16,49810.91,14213.25,22.2,Referral,Abuja,Transfer,Completed
ORD-02368,2025-07-24,CUST-0195,Desk Lamp,Home & Office,2,28463.52,20,11385.41,0.0,35003.18,0.0,0.0,Website,Owerri,Cash,Cancelled
ORD-01304,2025-07-24,CUST-0337,Skincare Set,Beauty,2,57547.25,0,0.0,115094.5,80935.62,-8824.92,-7.67,WhatsApp,Abuja,USSD,Returned
ORD-02925,2025-07-24,CUST-0377,Power Bank,Electronics,1,26099.65,15,3914.95,22184.7,16337.51,5847.19,26.36,Website,Port Harcourt,USSD,Completed
ORD-00549,2025-07-24,CUST-0154,Desk Lamp,Home & Office,1,28272.39,5,1413.62,26858.77,21590.2,5268.57,19.62,Instagram,Enugu,USSD,Completed
ORD-00774,2025-07-24,CUST-0551,Skincare Set,Beauty,1,52242.03,5,2612.1,49629.93,39325.52,10304.41,20.76,Referral,Abuja,Cash,Completed
ORD-01346,2025-07-25,CUST-0373,Power Bank,Electronics,1,28265.3,20,5653.06,22612.24,17089.34,5522.9,24.42,Instagram,Port Harcourt,Cash,Completed
ORD-02709,2025-07-25,CUST-0146,Power Bank,Electronics,1,29040.19,0,0.0,29040.19,19664.39,9375.8,32.29,Instagram,Lagos,Card,Completed
ORD-01246,2025-07-26,CUST-0202,Running Shoes,Fashion,3,60680.2,5,9102.03,172938.57,130468.49,-18779.4,-10.86,Website,Ibadan,Cash,Returned
ORD-01883,2025-07-26,CUST-0284,Laptop Backpack,Accessories,2,35488.64,15,10646.59,60330.69,39987.66,20343.03,33.72,Walk-in,Benin,USSD,Completed
ORD-00354,2025-07-26,CUST-0645,Wireless Earbuds,Electronics,2,40517.07,5,4051.71,76982.43,51735.84,-4775.6,-6.2,Website,Abuja,USSD,Returned
ORD-00943,2025-07-26,CUST-0142,Desk Lamp,Home & Office,1,29933.43,0,0.0,29933.43,19634.29,-2486.88,-8.31,Website,Abuja,Cash,Returned
ORD-01290,2025-07-27,CUST-0557,Running Shoes,Fashion,3,63841.64,20,38304.98,153219.94,100521.17,52698.77,34.39,Referral,Enugu,USSD,Completed
ORD-00140,2025-07-27,CUST-0686,Desk Lamp,Home & Office,3,27993.91,10,8398.17,75583.56,58601.4,16982.16,22.47,Instagram,Owerri,Cash,Completed
ORD-00490,2025-07-27,CUST-0494,Perfume,Beauty,1,34902.19,0,0.0,34902.19,22525.49,12376.7,35.46,Website,Owerri,Card,Completed
ORD-01695,2025-07-27,CUST-0220,Desk Lamp,Home & Office,1,29365.95,0,0.0,0.0,18898.03,0.0,0.0,WhatsApp,Benin,USSD,Cancelled
ORD-00023,2025-07-27,CUST-0420,Power Bank,Electronics,2,26956.88,15,8087.06,45826.7,36211.6,9615.1,20.98,Referral,Enugu,Cash,Completed
ORD-02532,2025-07-27,CUST-0323,Running Shoes,Fashion,1,64645.69,0,0.0,64645.69,47482.65,-7102.74,-10.99,Walk-in,Port Harcourt,Cash,Returned
ORD-00543,2025-07-28,CUST-0032,Wireless Earbuds,Electronics,1,39435.86,0,0.0,39435.86,29520.07,9915.79,25.14,WhatsApp,Owerri,Card,Completed
ORD-00524,2025-07-28,CUST-0022,Running Shoes,Fashion,2,64173.65,0,0.0,0.0,90412.77,0.0,0.0,WhatsApp,Ibadan,USSD,Cancelled
ORD-02357,2025-07-28,CUST-0148,Desk Lamp,Home & Office,2,29654.88,0,0.0,59309.76,45537.64,13772.12,23.22,Walk-in,Benin,Transfer,Completed
ORD-01813,2025-07-28,CUST-0026,Skincare Set,Beauty,1,50217.7,15,7532.66,42685.04,27692.22,14992.82,35.12,Referral,Port Harcourt,Transfer,Completed
ORD-01293,2025-07-28,CUST-0446,Perfume,Beauty,1,34649.94,15,5197.49,0.0,19013.29,0.0,0.0,Referral,Enugu,Transfer,Cancelled
ORD-02410,2025-07-28,CUST-0275,Running Shoes,Fashion,2,60476.11,0,0.0,120952.22,90762.43,30189.79,24.96,Walk-in,Owerri,Cash,Completed
ORD-00662,2025-07-29,CUST-0129,Sneakers,Fashion,1,74556.89,20,14911.38,59645.51,40432.93,19212.58,32.21,WhatsApp,Owerri,Cash,Completed
ORD-02007,2025-07-29,CUST-0625,Laptop Backpack,Accessories,1,35539.65,5,1776.98,33762.67,24782.05,8980.62,26.6,Walk-in,Benin,USSD,Completed
ORD-02324,2025-07-29,CUST-0397,Power Bank,Electronics,1,27951.15,0,0.0,27951.15,20265.74,-1161.33,-4.15,Walk-in,Lagos,USSD,Returned
ORD-00090,2025-07-29,CUST-0133,Skincare Set,Beauty,1,55201.39,0,0.0,55201.39,35353.32,19848.07,35.96,Walk-in,Benin,Transfer,Completed
ORD-01049,2025-07-29,CUST-0071,Laptop Backpack,Accessories,1,32541.68,20,6508.34,26033.34,19863.84,6169.5,23.7,Referral,Benin,USSD,Completed
ORD-01749,2025-07-29,CUST-0238,Hoodie,Fashion,1,38851.91,0,0.0,38851.91,25930.09,12921.82,33.26,WhatsApp,Lagos,Card,Completed
ORD-02621,2025-07-30,CUST-0040,Power Bank,Electronics,1,26180.29,0,0.0,26180.29,19647.24,-2850.08,-10.89,Walk-in,Enugu,Transfer,Returned
ORD-02592,2025-07-30,CUST-0495,Office Chair,Home & Office,1,104758.92,0,0.0,104758.92,67931.92,36827.0,35.15,Website,Abuja,Card,Completed
ORD-02500,2025-07-30,CUST-0598,Wireless Earbuds,Electronics,2,40583.81,0,0.0,81167.62,53167.07,-12322.62,-15.18,Instagram,Abuja,Cash,Returned
ORD-02452,2025-07-30,CUST-0366,Perfume,Beauty,2,38712.14,0,0.0,77424.28,60645.82,16778.46,21.67,Walk-in,Owerri,Card,Completed
ORD-00924,2025-07-30,CUST-0029,Office Chair,Home & Office,2,109681.87,0,0.0,219363.74,166542.33,-22999.54,-10.48,Instagram,Ibadan,Card,Returned
ORD-01228,2025-07-30,CUST-0619,Skincare Set,Beauty,1,54132.26,0,0.0,54132.26,34128.75,20003.51,36.95,WhatsApp,Enugu,Cash,Completed
ORD-02646,2025-07-31,CUST-0352,Hoodie,Fashion,2,41583.38,0,0.0,83166.76,62036.75,-10401.56,-12.51,Walk-in,Ibadan,Card,Returned
ORD-00721,2025-07-31,CUST-0512,Smart Watch,Electronics,4,77721.01,15,46632.61,264251.43,213948.45,50302.98,19.04,Instagram,Ibadan,USSD,Completed
ORD-00348,2025-07-31,CUST-0366,Perfume,Beauty,2,38514.79,0,0.0,77029.58,61801.16,15228.42,19.77,Walk-in,Port Harcourt,USSD,Completed
ORD-01975,2025-07-31,CUST-0287,Wireless Earbuds,Electronics,1,40851.43,0,0.0,0.0,25480.87,0.0,0.0,Walk-in,Lagos,USSD,Cancelled
ORD-02934,2025-07-31,CUST-0189,Hoodie,Fashion,1,38159.29,10,3815.93,34343.36,22060.16,-3213.02,-9.36,Website,Benin,Cash,Returned
ORD-01556,2025-08-01,CUST-0509,Running Shoes,Fashion,1,60162.2,0,0.0,60162.2,40266.08,19896.12,33.07,Instagram,Enugu,USSD,Completed
ORD-01966,2025-08-01,CUST-0044,Running Shoes,Fashion,1,64348.0,0,0.0,64348.0,44559.84,-9007.52,-14.0,Walk-in,Abuja,Card,Returned
ORD-02731,2025-08-01,CUST-0682,Office Chair,Home & Office,2,110557.34,0,0.0,221114.68,141526.53,79588.15,35.99,Instagram,Owerri,USSD,Completed
ORD-02713,2025-08-02,CUST-0576,Perfume,Beauty,1,35078.96,0,0.0,35078.96,24327.54,10751.42,30.65,Referral,Owerri,Cash,Completed
ORD-00233,2025-08-02,CUST-0680,Perfume,Beauty,1,37609.65,0,0.0,0.0,25239.79,0.0,0.0,Instagram,Owerri,Transfer,Cancelled
ORD-02856,2025-08-02,CUST-0189,Desk Lamp,Home & Office,1,30011.84,0,0.0,30011.84,23289.37,6722.47,22.4,WhatsApp,Benin,Transfer,Completed
ORD-02719,2025-08-02,CUST-0667,Wireless Earbuds,Electronics,2,39184.81,0,0.0,0.0,58514.74,0.0,0.0,Walk-in,Ibadan,Card,Cancelled
ORD-02860,2025-08-02,CUST-0172,Skincare Set,Beauty,2,53500.43,15,16050.13,90950.73,64564.86,-11693.03,-12.86,Walk-in,Lagos,Cash,Returned
ORD-02033,2025-08-02,CUST-0524,Water Bottle,Home & Office,3,16889.18,0,0.0,50667.54,38103.9,-5386.84,-10.63,WhatsApp,Benin,Card,Returned
ORD-01706,2025-08-02,CUST-0457,Desk Lamp,Home & Office,2,28546.45,0,0.0,57092.9,40045.93,17046.97,29.86,Instagram,Ibadan,Transfer,Completed
ORD-01785,2025-08-02,CUST-0549,Smart Watch,Electronics,1,74345.92,0,0.0,74345.92,52082.31,22263.61,29.95,Walk-in,Owerri,Transfer,Completed
ORD-01636,2025-08-03,CUST-0366,Perfume,Beauty,2,37273.27,0,0.0,74546.54,50292.13,24254.41,32.54,WhatsApp,Owerri,Transfer,Completed
ORD-02831,2025-08-03,CUST-0651,Desk Lamp,Home & Office,2,29870.75,0,0.0,59741.5,48213.14,11528.36,19.3,Website,Port Harcourt,Cash,Completed
ORD-02643,2025-08-03,CUST-0369,Smart Watch,Electronics,2,72102.61,0,0.0,144205.22,106367.15,37838.07,26.24,Website,Ibadan,Card,Completed
ORD-00516,2025-08-03,CUST-0383,Hoodie,Fashion,2,39670.86,0,0.0,79341.72,59438.45,19903.27,25.09,WhatsApp,Enugu,Transfer,Completed
ORD-02634,2025-08-03,CUST-0012,Hoodie,Fashion,2,39469.9,0,0.0,0.0,58007.44,0.0,0.0,Instagram,Port Harcourt,Card,Cancelled
ORD-00665,2025-08-03,CUST-0304,Smart Watch,Electronics,2,78838.04,0,0.0,157676.08,102794.28,-22485.5,-14.26,Website,Ibadan,Cash,Returned
ORD-01432,2025-08-03,CUST-0114,Desk Lamp,Home & Office,1,28304.34,0,0.0,0.0,20926.32,0.0,0.0,Referral,Lagos,Card,Cancelled
ORD-02862,2025-08-03,CUST-0306,Water Bottle,Home & Office,2,16719.16,0,0.0,0.0,27186.97,0.0,0.0,WhatsApp,Enugu,Card,Cancelled
ORD-02834,2025-08-04,CUST-0060,Wireless Earbuds,Electronics,2,41890.72,20,16756.29,67025.15,45513.16,21511.99,32.1,WhatsApp,Lagos,Cash,Completed
ORD-00987,2025-08-04,CUST-0383,Wireless Earbuds,Electronics,1,38104.08,5,1905.2,36198.88,22503.14,13695.74,37.83,Walk-in,Benin,USSD,Completed
ORD-01272,2025-08-04,CUST-0458,Laptop Backpack,Accessories,1,33509.31,20,6701.86,0.0,18530.67,0.0,0.0,Walk-in,Ibadan,Transfer,Cancelled
ORD-02805,2025-08-04,CUST-0634,Wireless Earbuds,Electronics,2,43023.65,0,0.0,86047.3,55238.71,30808.59,35.8,Walk-in,Abuja,Transfer,Completed
ORD-01964,2025-08-04,CUST-0393,Water Bottle,Home & Office,2,18071.37,10,3614.27,32528.47,26199.63,6328.84,19.46,Website,Lagos,USSD,Completed
ORD-00514,2025-08-05,CUST-0144,Water Bottle,Home & Office,2,18199.32,0,0.0,36398.64,29528.7,-1846.19,-5.07,WhatsApp,Abuja,USSD,Returned
ORD-01298,2025-08-05,CUST-0537,Power Bank,Electronics,1,28619.65,0,0.0,28619.65,20024.64,8595.01,30.03,Referral,Benin,Transfer,Completed
ORD-01511,2025-08-05,CUST-0458,Desk Lamp,Home & Office,1,30660.05,0,0.0,30660.05,20663.85,9996.2,32.6,Instagram,Ibadan,Card,Completed
ORD-00627,2025-08-05,CUST-0448,Desk Lamp,Home & Office,1,28727.51,5,1436.38,27291.13,18743.02,8548.11,31.32,Referral,Abuja,Transfer,Completed
ORD-02379,2025-08-06,CUST-0369,Skincare Set,Beauty,1,55811.86,0,0.0,55811.86,38088.12,17723.74,31.76,Walk-in,Port Harcourt,Card,Completed
ORD-02573,2025-08-06,CUST-0093,Laptop Backpack,Accessories,2,34997.37,5,3499.74,66495.0,42315.99,24179.01,36.36,Walk-in,Owerri,Card,Completed
ORD-02608,2025-08-06,CUST-0524,Hoodie,Fashion,1,40576.9,0,0.0,40576.9,29771.39,10805.51,26.63,Website,Port Harcourt,Cash,Completed
ORD-01477,2025-08-06,CUST-0602,Sneakers,Fashion,1,66686.86,5,3334.34,63352.52,50737.19,12615.33,19.91,WhatsApp,Lagos,Card,Completed
ORD-00124,2025-08-06,CUST-0521,Skincare Set,Beauty,1,55054.14,0,0.0,55054.14,34770.46,20283.68,36.84,WhatsApp,Owerri,Transfer,Completed
ORD-00540,2025-08-07,CUST-0334,Skincare Set,Beauty,2,52964.95,10,10592.99,95336.91,68797.82,-7525.58,-7.89,Walk-in,Abuja,Cash,Returned
ORD-00536,2025-08-07,CUST-0065,Running Shoes,Fashion,2,59690.84,10,11938.17,107443.51,66899.25,40544.26,37.74,Referral,Abuja,USSD,Completed
ORD-00722,2025-08-07,CUST-0379,Desk Lamp,Home & Office,1,30662.72,5,1533.14,29129.58,19340.19,9789.39,33.61,Website,Enugu,Cash,Completed
ORD-01899,2025-08-07,CUST-0468,Skincare Set,Beauty,1,55899.34,0,0.0,55899.34,41993.39,13905.95,24.88,Referral,Abuja,Transfer,Completed
ORD-02341,2025-08-07,CUST-0149,Perfume,Beauty,1,37373.9,0,0.0,37373.9,26139.82,-2997.49,-8.02,Referral,Owerri,Transfer,Returned
ORD-02101,2025-08-07,CUST-0656,Office Chair,Home & Office,1,115572.54,10,11557.25,104015.29,69384.39,34630.9,33.29,Referral,Abuja,USSD,Completed
ORD-01383,2025-08-07,CUST-0474,Running Shoes,Fashion,2,66478.09,0,0.0,132956.18,86829.01,46127.17,34.69,Referral,Port Harcourt,Transfer,Completed
ORD-00028,2025-08-08,CUST-0099,Running Shoes,Fashion,2,64636.01,20,25854.4,103417.62,70960.01,-15850.0,-15.33,Referral,Lagos,USSD,Returned
ORD-02910,2025-08-08,CUST-0498,Perfume,Beauty,1,35669.04,0,0.0,35669.04,24299.59,11369.45,31.87,Website,Owerri,Card,Completed
ORD-02516,2025-08-08,CUST-0275,Desk Lamp,Home & Office,1,29700.4,0,0.0,29700.4,23155.34,6545.06,22.04,Walk-in,Enugu,USSD,Completed
ORD-02176,2025-08-08,CUST-0421,Desk Lamp,Home & Office,1,30072.34,5,1503.62,28568.72,17946.15,10622.57,37.18,Referral,Benin,Card,Completed
ORD-00447,2025-08-09,CUST-0550,Laptop Backpack,Accessories,2,35453.42,0,0.0,70906.84,47223.87,23682.97,33.4,Referral,Benin,Cash,Completed
ORD-02691,2025-08-09,CUST-0077,Skincare Set,Beauty,1,49413.21,0,0.0,49413.21,40315.66,9097.55,18.41,WhatsApp,Abuja,Cash,Completed
ORD-02746,2025-08-09,CUST-0023,Smart Watch,Electronics,1,70363.65,0,0.0,70363.65,48780.4,21583.25,30.67,Walk-in,Abuja,Transfer,Completed
ORD-00719,2025-08-09,CUST-0690,Hoodie,Fashion,1,37654.29,5,1882.71,0.0,22410.8,0.0,0.0,Instagram,Port Harcourt,Transfer,Cancelled
ORD-01488,2025-08-09,CUST-0516,Desk Lamp,Home & Office,1,27374.89,5,1368.74,0.0,20011.53,0.0,0.0,Website,Enugu,Transfer,Cancelled
ORD-00322,2025-08-09,CUST-0475,Perfume,Beauty,1,35638.86,10,3563.89,32074.97,21214.87,10860.1,33.86,Referral,Abuja,Cash,Completed
ORD-02318,2025-08-09,CUST-0065,Sneakers,Fashion,1,68860.67,15,10329.1,58531.57,42844.41,15687.16,26.8,Website,Ibadan,USSD,Completed
ORD-01421,2025-08-09,CUST-0204,Office Chair,Home & Office,3,114695.81,0,0.0,344087.43,249467.78,94619.65,27.5,Website,Ibadan,Card,Completed
ORD-00679,2025-08-10,CUST-0021,Wireless Earbuds,Electronics,1,39298.63,0,0.0,39298.63,28701.46,10597.17,26.97,Instagram,Port Harcourt,USSD,Completed
ORD-01629,2025-08-10,CUST-0464,Perfume,Beauty,1,38900.03,15,5835.0,33065.03,25601.02,-2130.0,-6.44,Referral,Owerri,Card,Returned
ORD-00376,2025-08-10,CUST-0586,Wireless Earbuds,Electronics,1,42106.23,0,0.0,42106.23,28450.82,13655.41,32.43,Walk-in,Benin,Cash,Completed
ORD-00712,2025-08-11,CUST-0333,Perfume,Beauty,1,38075.08,5,1903.75,36171.33,24874.07,-2522.36,-6.97,Walk-in,Ibadan,Cash,Returned
ORD-01909,2025-08-11,CUST-0340,Water Bottle,Home & Office,1,18340.63,5,917.03,17423.6,13765.06,3658.54,21.0,Website,Enugu,Card,Completed
ORD-02090,2025-08-11,CUST-0127,Perfume,Beauty,1,33885.31,0,0.0,33885.31,26788.23,7097.08,20.94,Walk-in,Owerri,USSD,Completed
ORD-02427,2025-08-11,CUST-0551,Skincare Set,Beauty,1,54310.61,0,0.0,54310.61,41061.39,13249.22,24.4,Walk-in,Ibadan,Card,Completed
ORD-02216,2025-08-11,CUST-0257,Running Shoes,Fashion,1,60693.87,10,6069.39,54624.48,44030.95,-2929.2,-5.36,Referral,Lagos,Card,Returned
ORD-00310,2025-08-11,CUST-0331,Power Bank,Electronics,1,26624.9,0,0.0,26624.9,16773.58,9851.32,37.0,Walk-in,Abuja,Cash,Completed
ORD-00983,2025-08-12,CUST-0093,Laptop Backpack,Accessories,1,31283.1,0,0.0,31283.1,22421.28,8861.82,28.33,Walk-in,Port Harcourt,USSD,Completed
ORD-01370,2025-08-12,CUST-0396,Wireless Earbuds,Electronics,1,39163.35,0,0.0,39163.35,28460.07,10703.28,27.33,Website,Ibadan,Cash,Completed
ORD-01223,2025-08-12,CUST-0554,Skincare Set,Beauty,1,49228.31,15,7384.25,0.0,33690.67,0.0,0.0,Instagram,Owerri,Transfer,Cancelled
ORD-01083,2025-08-12,CUST-0334,Power Bank,Electronics,1,25961.22,0,0.0,25961.22,19521.91,6439.31,24.8,Walk-in,Abuja,Cash,Completed
ORD-02180,2025-08-12,CUST-0319,Laptop Backpack,Accessories,1,32473.73,20,6494.75,25978.98,17035.85,8943.13,34.42,Instagram,Lagos,Transfer,Completed
ORD-02959,2025-08-12,CUST-0516,Running Shoes,Fashion,1,60818.64,0,0.0,60818.64,45060.51,15758.13,25.91,Walk-in,Benin,Transfer,Completed
ORD-02117,2025-08-13,CUST-0208,Sneakers,Fashion,1,71857.17,0,0.0,0.0,44612.89,0.0,0.0,Referral,Abuja,Cash,Cancelled
ORD-02468,2025-08-13,CUST-0522,Running Shoes,Fashion,3,66437.64,0,0.0,199312.92,160868.18,-17365.9,-8.71,Website,Ibadan,Cash,Returned
ORD-00756,2025-08-13,CUST-0014,Power Bank,Electronics,1,25152.65,20,5030.53,20122.12,14665.12,5457.0,27.12,Referral,Owerri,Card,Completed
ORD-02803,2025-08-13,CUST-0426,Desk Lamp,Home & Office,1,29157.13,0,0.0,0.0,21357.43,0.0,0.0,WhatsApp,Owerri,Transfer,Cancelled
ORD-00078,2025-08-13,CUST-0139,Laptop Backpack,Accessories,1,31674.28,0,0.0,0.0,21466.49,0.0,0.0,Referral,Ibadan,Cash,Cancelled
ORD-00018,2025-08-13,CUST-0439,Wireless Earbuds,Electronics,1,38176.43,0,0.0,38176.43,31195.11,6981.32,18.29,WhatsApp,Port Harcourt,Card,Completed
ORD-02780,2025-08-13,CUST-0192,Running Shoes,Fashion,1,63973.3,0,0.0,63973.3,41321.44,22651.86,35.41,WhatsApp,Owerri,Cash,Completed
ORD-00967,2025-08-14,CUST-0109,Smart Watch,Electronics,1,74272.36,15,11140.85,63131.51,44126.41,19005.1,30.1,Instagram,Port Harcourt,Cash,Completed
ORD-01723,2025-08-14,CUST-0305,Desk Lamp,Home & Office,1,26937.92,10,2693.79,24244.13,16415.45,7828.68,32.29,WhatsApp,Enugu,Cash,Completed
ORD-00661,2025-08-14,CUST-0432,Power Bank,Electronics,3,25350.73,0,0.0,76052.19,47581.73,28470.46,37.44,Website,Port Harcourt,Cash,Completed
ORD-00397,2025-08-14,CUST-0399,Skincare Set,Beauty,1,51411.16,0,0.0,51411.16,42072.56,9338.6,18.16,Instagram,Benin,Cash,Completed
ORD-02688,2025-08-15,CUST-0671,Running Shoes,Fashion,1,59517.16,0,0.0,59517.16,46995.57,12521.59,21.04,WhatsApp,Lagos,Card,Completed
ORD-01594,2025-08-15,CUST-0252,Office Chair,Home & Office,1,114683.02,10,11468.3,103214.72,82901.9,20312.82,19.68,Instagram,Abuja,USSD,Completed
ORD-02568,2025-08-15,CUST-0005,Desk Lamp,Home & Office,1,26947.44,0,0.0,26947.44,21776.65,5170.79,19.19,Instagram,Owerri,USSD,Completed
ORD-00921,2025-08-15,CUST-0293,Wireless Earbuds,Electronics,1,40958.05,5,2047.9,0.0,27651.59,0.0,0.0,Walk-in,Ibadan,Cash,Cancelled
ORD-01760,2025-08-15,CUST-0275,Office Chair,Home & Office,1,103416.36,0,0.0,103416.36,76899.85,26516.51,25.64,Website,Port Harcourt,USSD,Completed
ORD-00529,2025-08-16,CUST-0013,Water Bottle,Home & Office,4,16518.29,0,0.0,66073.16,43474.49,22598.67,34.2,Instagram,Enugu,Card,Completed
ORD-01642,2025-08-16,CUST-0133,Desk Lamp,Home & Office,2,30404.16,0,0.0,60808.32,42470.23,18338.09,30.16,Walk-in,Owerri,Cash,Completed
ORD-00226,2025-08-16,CUST-0519,Perfume,Beauty,1,36814.43,0,0.0,36814.43,25371.92,11442.51,31.08,Instagram,Port Harcourt,USSD,Completed
ORD-01164,2025-08-16,CUST-0626,Office Chair,Home & Office,1,113861.61,10,11386.16,102475.45,70167.18,32308.27,31.53,Referral,Ibadan,USSD,Completed
ORD-01490,2025-08-16,CUST-0301,Office Chair,Home & Office,1,109491.94,0,0.0,109491.94,75027.93,-10710.09,-9.78,WhatsApp,Abuja,Card,Returned
ORD-01463,2025-08-16,CUST-0147,Smart Watch,Electronics,1,76318.71,0,0.0,76318.71,52757.07,23561.64,30.87,Instagram,Owerri,Transfer,Completed
ORD-01317,2025-08-17,CUST-0657,Perfume,Beauty,2,37376.65,5,3737.66,71015.64,47274.21,23741.43,33.43,Referral,Enugu,Cash,Completed
ORD-00786,2025-08-17,CUST-0511,Laptop Backpack,Accessories,1,33739.86,0,0.0,33739.86,21040.1,12699.76,37.64,Website,Port Harcourt,USSD,Completed
ORD-01841,2025-08-17,CUST-0271,Power Bank,Electronics,1,26215.74,0,0.0,0.0,20740.62,0.0,0.0,WhatsApp,Benin,Transfer,Cancelled
ORD-00054,2025-08-17,CUST-0513,Laptop Backpack,Accessories,1,35487.96,0,0.0,35487.96,26469.75,-2282.26,-6.43,Walk-in,Enugu,Transfer,Returned
ORD-00082,2025-08-17,CUST-0574,Water Bottle,Home & Office,1,16338.74,10,1633.87,14704.87,11073.35,3631.52,24.7,Referral,Lagos,Card,Completed
ORD-00546,2025-08-17,CUST-0273,Skincare Set,Beauty,1,52243.5,0,0.0,52243.5,35605.82,16637.68,31.85,Walk-in,Abuja,USSD,Completed
ORD-02449,2025-08-17,CUST-0553,Power Bank,Electronics,1,27392.3,0,0.0,27392.3,20989.57,6402.73,23.37,Referral,Benin,Card,Completed
ORD-00854,2025-08-17,CUST-0480,Hoodie,Fashion,2,40065.25,0,0.0,80130.5,54802.68,25327.82,31.61,Instagram,Ibadan,Cash,Completed
ORD-00400,2025-08-17,CUST-0551,Hoodie,Fashion,1,40424.08,0,0.0,40424.08,30275.58,10148.5,25.11,Website,Ibadan,USSD,Completed
ORD-02015,2025-08-17,CUST-0667,Office Chair,Home & Office,4,106378.96,15,63827.38,361688.46,246290.76,115397.7,31.91,WhatsApp,Abuja,Card,Completed
ORD-02179,2025-08-17,CUST-0131,Skincare Set,Beauty,1,49057.27,0,0.0,49057.27,38918.67,10138.6,20.67,Walk-in,Abuja,USSD,Completed
ORD-00692,2025-08-17,CUST-0274,Perfume,Beauty,1,37594.29,15,5639.14,31955.15,24234.32,-1539.81,-4.82,Referral,Owerri,Card,Returned
ORD-01166,2025-08-18,CUST-0473,Desk Lamp,Home & Office,2,30401.64,0,0.0,60803.28,46406.2,14397.08,23.68,Website,Benin,Card,Completed
ORD-01449,2025-08-18,CUST-0298,Running Shoes,Fashion,1,61336.26,0,0.0,61336.26,39499.82,21836.44,35.6,Referral,Enugu,Card,Completed
ORD-01275,2025-08-18,CUST-0363,Perfume,Beauty,2,37018.91,0,0.0,74037.82,56018.2,18019.62,24.34,WhatsApp,Abuja,USSD,Completed
ORD-02114,2025-08-19,CUST-0282,Sneakers,Fashion,2,68325.71,10,13665.14,122986.28,88409.56,34576.72,28.11,WhatsApp,Lagos,Cash,Completed
ORD-02870,2025-08-19,CUST-0483,Office Chair,Home & Office,1,111616.25,0,0.0,111616.25,70340.04,41276.21,36.98,Website,Ibadan,Cash,Completed
ORD-00287,2025-08-19,CUST-0053,Running Shoes,Fashion,2,62176.39,0,0.0,124352.78,77936.09,46416.69,37.33,WhatsApp,Lagos,Card,Completed
ORD-02438,2025-08-19,CUST-0080,Desk Lamp,Home & Office,1,29083.21,0,0.0,29083.21,21014.28,8068.93,27.74,Referral,Owerri,Transfer,Completed
ORD-02448,2025-08-19,CUST-0356,Desk Lamp,Home & Office,2,29107.27,0,0.0,58214.54,38924.19,19290.35,33.14,Website,Lagos,Card,Completed
ORD-02927,2025-08-19,CUST-0049,Power Bank,Electronics,3,26522.16,15,11934.97,67631.51,52984.44,14647.07,21.66,WhatsApp,Ibadan,USSD,Completed
ORD-00964,2025-08-19,CUST-0619,Perfume,Beauty,2,36976.04,0,0.0,0.0,46364.98,0.0,0.0,WhatsApp,Port Harcourt,Transfer,Cancelled
ORD-00850,2025-08-19,CUST-0541,Hoodie,Fashion,2,40471.61,0,0.0,80943.22,64563.7,-5167.87,-6.38,Referral,Lagos,Card,Returned
ORD-01280,2025-08-20,CUST-0167,Laptop Backpack,Accessories,1,31980.66,0,0.0,31980.66,23415.96,8564.7,26.78,Referral,Lagos,USSD,Completed
ORD-00984,2025-08-20,CUST-0034,Hoodie,Fashion,1,42584.6,5,2129.23,40455.37,31889.81,-1940.77,-4.8,Referral,Ibadan,Cash,Returned
ORD-02545,2025-08-20,CUST-0017,Perfume,Beauty,1,35190.19,5,1759.51,33430.68,22084.12,11346.56,33.94,Website,Owerri,USSD,Completed
ORD-01758,2025-08-20,CUST-0626,Laptop Backpack,Accessories,2,34530.62,15,10359.19,58702.05,40811.6,17890.45,30.48,Walk-in,Enugu,Card,Completed
ORD-01138,2025-08-20,CUST-0525,Sneakers,Fashion,1,71648.63,15,10747.29,60901.34,39836.3,21065.04,34.59,Instagram,Ibadan,USSD,Completed
ORD-01999,2025-08-20,CUST-0336,Perfume,Beauty,2,37517.57,15,11255.27,63779.87,41062.39,22717.48,35.62,Referral,Enugu,USSD,Completed
ORD-01261,2025-08-20,CUST-0647,Running Shoes,Fashion,2,57783.02,0,0.0,115566.04,82238.34,33327.7,28.84,Website,Enugu,Card,Completed
ORD-01505,2025-08-20,CUST-0408,Laptop Backpack,Accessories,1,33658.11,0,0.0,33658.11,21303.57,-3245.07,-9.64,Website,Abuja,Transfer,Returned
ORD-00361,2025-08-22,CUST-0412,Water Bottle,Home & Office,1,16265.71,0,0.0,16265.71,10955.28,-1204.64,-7.41,WhatsApp,Ibadan,Card,Returned
ORD-01563,2025-08-22,CUST-0216,Hoodie,Fashion,1,37254.32,5,1862.72,35391.6,22647.71,12743.89,36.01,Walk-in,Benin,Transfer,Completed
ORD-00878,2025-08-22,CUST-0381,Sneakers,Fashion,1,64773.87,0,0.0,64773.87,40876.62,23897.25,36.89,Referral,Lagos,Transfer,Completed
ORD-00896,2025-08-22,CUST-0162,Office Chair,Home & Office,1,106480.02,0,0.0,106480.02,75694.99,30785.03,28.91,Walk-in,Owerri,Card,Completed
ORD-00016,2025-08-22,CUST-0113,Water Bottle,Home & Office,1,16268.92,0,0.0,16268.92,11902.67,4366.25,26.84,Website,Abuja,USSD,Completed
ORD-00603,2025-08-23,CUST-0001,Hoodie,Fashion,1,37657.27,0,0.0,37657.27,24148.94,13508.33,35.87,Website,Benin,USSD,Completed
ORD-01957,2025-08-23,CUST-0423,Power Bank,Electronics,3,25549.42,0,0.0,76648.26,61636.51,-3211.76,-4.19,Instagram,Benin,USSD,Returned
ORD-00294,2025-08-23,CUST-0652,Running Shoes,Fashion,3,63749.91,20,38249.95,152999.78,116357.57,-8945.79,-5.85,Walk-in,Abuja,Card,Returned
ORD-01937,2025-08-23,CUST-0360,Running Shoes,Fashion,1,61559.15,10,6155.92,55403.23,40443.48,14959.75,27.0,WhatsApp,Abuja,USSD,Completed
ORD-01812,2025-08-23,CUST-0005,Perfume,Beauty,1,36693.32,0,0.0,36693.32,28009.2,-4195.48,-11.43,Walk-in,Enugu,Card,Returned
ORD-00980,2025-08-23,CUST-0479,Hoodie,Fashion,1,37143.52,0,0.0,0.0,27026.13,0.0,0.0,WhatsApp,Enugu,Transfer,Cancelled
ORD-00827,2025-08-23,CUST-0311,Laptop Backpack,Accessories,1,33108.39,0,0.0,33108.39,20998.53,12109.86,36.58,Walk-in,Owerri,Card,Completed
ORD-01181,2025-08-24,CUST-0052,Hoodie,Fashion,2,39221.69,20,15688.68,62754.7,44835.48,17919.22,28.55,Walk-in,Ibadan,Transfer,Completed
ORD-02128,2025-08-24,CUST-0473,Perfume,Beauty,1,36817.78,0,0.0,36817.78,27380.21,9437.57,25.63,Referral,Enugu,Transfer,Completed
ORD-01023,2025-08-24,CUST-0559,Smart Watch,Electronics,1,73722.01,0,0.0,73722.01,47567.44,26154.57,35.48,Walk-in,Lagos,Card,Completed
ORD-00702,2025-08-24,CUST-0480,Sneakers,Fashion,2,69238.96,0,0.0,0.0,109382.88,0.0,0.0,WhatsApp,Lagos,Cash,Cancelled
ORD-00081,2025-08-24,CUST-0513,Smart Watch,Electronics,1,76122.63,15,11418.39,64704.24,42461.94,22242.3,34.38,Referral,Ibadan,USSD,Completed
ORD-01456,2025-08-24,CUST-0192,Running Shoes,Fashion,1,63714.0,20,12742.8,50971.2,34417.14,16554.06,32.48,Walk-in,Enugu,Cash,Completed
ORD-00564,2025-08-24,CUST-0422,Smart Watch,Electronics,1,77784.49,0,0.0,77784.49,52704.9,25079.59,32.24,Walk-in,Owerri,Transfer,Completed
ORD-00063,2025-08-24,CUST-0578,Running Shoes,Fashion,1,63954.85,0,0.0,0.0,45792.26,0.0,0.0,WhatsApp,Port Harcourt,Cash,Cancelled
ORD-02693,2025-08-24,CUST-0166,Desk Lamp,Home & Office,3,28605.35,0,0.0,85816.05,59139.54,-10402.84,-12.12,Instagram,Enugu,Cash,Returned
ORD-00594,2025-08-25,CUST-0497,Hoodie,Fashion,1,37341.7,0,0.0,37341.7,29646.93,-2056.1,-5.51,Website,Lagos,Card,Returned
ORD-02134,2025-08-25,CUST-0126,Water Bottle,Home & Office,2,17022.14,5,1702.21,32342.07,21445.52,10896.55,33.69,Instagram,Ibadan,Card,Completed
ORD-01531,2025-08-26,CUST-0335,Office Chair,Home & Office,1,108501.57,10,10850.16,0.0,67197.38,0.0,0.0,Referral,Port Harcourt,Card,Cancelled
ORD-00813,2025-08-27,CUST-0158,Wireless Earbuds,Electronics,1,37164.25,0,0.0,37164.25,27669.15,9495.1,25.55,Website,Lagos,USSD,Completed
ORD-00059,2025-08-27,CUST-0461,Wireless Earbuds,Electronics,1,40986.19,0,0.0,40986.19,32208.29,8777.9,21.42,Website,Abuja,Card,Completed
ORD-01316,2025-08-27,CUST-0276,Office Chair,Home & Office,1,101592.39,0,0.0,101592.39,70791.91,-7910.76,-7.79,Referral,Owerri,Card,Returned
ORD-01776,2025-08-27,CUST-0256,Running Shoes,Fashion,2,63326.23,0,0.0,126652.46,81676.67,44975.79,35.51,Website,Port Harcourt,USSD,Completed
ORD-02943,2025-08-28,CUST-0484,Sneakers,Fashion,1,70210.74,0,0.0,70210.74,53458.24,16752.5,23.86,WhatsApp,Port Harcourt,Card,Completed
ORD-00713,2025-08-28,CUST-0047,Office Chair,Home & Office,2,109892.95,0,0.0,219785.9,137491.07,82294.83,37.44,WhatsApp,Enugu,Card,Completed
ORD-01340,2025-08-28,CUST-0156,Sneakers,Fashion,1,71371.61,0,0.0,71371.61,57648.12,13723.49,19.23,Referral,Benin,Cash,Completed
ORD-01703,2025-08-28,CUST-0605,Wireless Earbuds,Electronics,1,37673.29,0,0.0,0.0,27747.3,0.0,0.0,Walk-in,Enugu,Transfer,Cancelled
ORD-01337,2025-08-28,CUST-0644,Perfume,Beauty,1,37063.36,0,0.0,37063.36,25357.0,11706.36,31.58,WhatsApp,Port Harcourt,Card,Completed
ORD-01541,2025-08-29,CUST-0269,Office Chair,Home & Office,2,114871.99,20,45948.8,183795.18,118557.73,65237.45,35.49,Instagram,Owerri,USSD,Completed
ORD-00610,2025-08-29,CUST-0171,Power Bank,Electronics,1,28169.38,10,2816.94,25352.44,16863.63,8488.81,33.48,WhatsApp,Abuja,Transfer,Completed
ORD-01699,2025-08-29,CUST-0266,Office Chair,Home & Office,1,108887.79,10,10888.78,97999.01,62672.52,35326.49,36.05,Instagram,Owerri,Card,Completed
ORD-01162,2025-08-29,CUST-0175,Smart Watch,Electronics,1,76688.57,0,0.0,76688.57,48190.64,28497.93,37.16,Referral,Ibadan,Card,Completed
ORD-02118,2025-08-29,CUST-0238,Sneakers,Fashion,2,70271.2,10,14054.24,126488.16,101412.67,25075.49,19.82,Website,Owerri,Transfer,Completed
ORD-02672,2025-08-29,CUST-0108,Perfume,Beauty,1,35791.78,0,0.0,35791.78,29102.05,-1453.09,-4.06,Website,Enugu,Cash,Returned
ORD-01885,2025-08-29,CUST-0243,Office Chair,Home & Office,2,115122.76,5,11512.28,218733.24,179094.93,39638.31,18.12,Website,Lagos,Cash,Completed
ORD-00201,2025-08-30,CUST-0200,Office Chair,Home & Office,1,112429.09,10,11242.91,101186.18,72762.01,28424.17,28.09,Website,Benin,Card,Completed
ORD-01615,2025-08-30,CUST-0323,Desk Lamp,Home & Office,1,27534.81,0,0.0,27534.81,17873.22,-3000.66,-10.9,Instagram,Benin,Cash,Returned
ORD-00145,2025-08-30,CUST-0116,Water Bottle,Home & Office,1,17017.87,15,2552.68,0.0,9207.12,0.0,0.0,Instagram,Enugu,Cash,Cancelled
ORD-02069,2025-08-30,CUST-0413,Perfume,Beauty,1,33922.8,0,0.0,33922.8,25653.62,8269.18,24.38,Referral,Ibadan,Cash,Completed
ORD-02702,2025-08-30,CUST-0392,Sneakers,Fashion,1,66317.47,0,0.0,66317.47,47030.72,19286.75,29.08,Website,Port Harcourt,Card,Completed
ORD-01489,2025-08-31,CUST-0089,Smart Watch,Electronics,1,72702.69,5,3635.13,69067.56,52261.88,16805.68,24.33,Instagram,Ibadan,Transfer,Completed
ORD-01265,2025-08-31,CUST-0112,Sneakers,Fashion,1,70195.86,0,0.0,70195.86,55123.39,15072.47,21.47,Walk-in,Owerri,Card,Completed
ORD-02058,2025-09-01,CUST-0044,Office Chair,Home & Office,1,106171.65,5,5308.58,100863.07,65834.65,35028.42,34.73,WhatsApp,Port Harcourt,USSD,Completed
ORD-02985,2025-09-01,CUST-0633,Wireless Earbuds,Electronics,1,39272.05,10,3927.2,35344.85,26002.29,9342.56,26.43,Instagram,Ibadan,Transfer,Completed
ORD-01103,2025-09-01,CUST-0397,Office Chair,Home & Office,2,100636.75,0,0.0,0.0,132739.32,0.0,0.0,WhatsApp,Owerri,Transfer,Cancelled
ORD-01818,2025-09-01,CUST-0616,Wireless Earbuds,Electronics,1,38989.27,0,0.0,38989.27,28575.89,10413.38,26.71,Walk-in,Abuja,Transfer,Completed
ORD-02221,2025-09-01,CUST-0136,Desk Lamp,Home & Office,3,27050.29,20,16230.17,64920.7,50293.82,14626.88,22.53,Instagram,Lagos,Card,Completed
ORD-01625,2025-09-01,CUST-0449,Running Shoes,Fashion,4,57346.85,0,0.0,0.0,177732.19,0.0,0.0,Instagram,Lagos,Card,Cancelled
ORD-02495,2025-09-02,CUST-0379,Office Chair,Home & Office,2,115157.8,20,46063.12,184252.48,147378.37,36874.11,20.01,Instagram,Abuja,USSD,Completed
ORD-02946,2025-09-02,CUST-0128,Wireless Earbuds,Electronics,1,37772.21,15,5665.83,32106.38,25885.05,6221.33,19.38,Website,Benin,USSD,Completed
ORD-01534,2025-09-02,CUST-0121,Hoodie,Fashion,1,39491.91,0,0.0,39491.91,26216.01,-2865.79,-7.26,Website,Ibadan,Transfer,Returned
ORD-00451,2025-09-02,CUST-0607,Desk Lamp,Home & Office,1,26719.03,0,0.0,26719.03,19789.14,6929.89,25.94,Website,Lagos,Cash,Completed
ORD-01473,2025-09-02,CUST-0653,Office Chair,Home & Office,3,101365.22,0,0.0,304095.66,222704.79,81390.87,26.76,WhatsApp,Ibadan,USSD,Completed
ORD-01216,2025-09-03,CUST-0071,Perfume,Beauty,1,33937.86,0,0.0,33937.86,22507.17,11430.69,33.68,Website,Port Harcourt,USSD,Completed
ORD-01790,2025-09-03,CUST-0032,Wireless Earbuds,Electronics,1,42068.13,10,4206.81,37861.32,30996.06,-2206.07,-5.83,Instagram,Enugu,Card,Returned
ORD-00778,2025-09-03,CUST-0463,Wireless Earbuds,Electronics,3,41771.87,15,18797.34,106518.27,75027.84,-14674.23,-13.78,Referral,Abuja,Transfer,Returned
ORD-00522,2025-09-04,CUST-0256,Perfume,Beauty,2,36269.61,10,7253.92,0.0,42204.18,0.0,0.0,Referral,Lagos,Card,Cancelled
ORD-02451,2025-09-04,CUST-0171,Power Bank,Electronics,4,25210.19,0,0.0,0.0,69829.23,0.0,0.0,Walk-in,Lagos,Card,Cancelled
ORD-02198,2025-09-04,CUST-0395,Sneakers,Fashion,2,71733.77,0,0.0,143467.54,112866.91,30600.63,21.33,WhatsApp,Abuja,Cash,Completed
ORD-00836,2025-09-05,CUST-0663,Running Shoes,Fashion,3,64145.43,15,28865.44,0.0,129506.97,0.0,0.0,Referral,Abuja,USSD,Cancelled
ORD-02578,2025-09-05,CUST-0576,Hoodie,Fashion,2,39939.75,0,0.0,0.0,62133.78,0.0,0.0,Referral,Port Harcourt,USSD,Cancelled
ORD-00630,2025-09-06,CUST-0221,Desk Lamp,Home & Office,1,26249.29,5,1312.46,24936.83,18581.18,6355.65,25.49,Walk-in,Abuja,Cash,Completed
ORD-02480,2025-09-06,CUST-0227,Skincare Set,Beauty,1,50699.12,0,0.0,50699.12,34382.72,16316.4,32.18,Walk-in,Owerri,Card,Completed
ORD-02329,2025-09-06,CUST-0656,Laptop Backpack,Accessories,4,34838.22,15,20902.93,118449.95,92654.57,25795.38,21.78,Website,Owerri,Cash,Completed
ORD-00429,2025-09-06,CUST-0419,Sneakers,Fashion,1,63837.07,0,0.0,63837.07,51560.97,12276.1,19.23,Website,Port Harcourt,Cash,Completed
ORD-01499,2025-09-07,CUST-0469,Water Bottle,Home & Office,1,17193.49,15,2579.02,14614.47,9599.16,5015.31,34.32,Instagram,Enugu,USSD,Completed
ORD-02980,2025-09-07,CUST-0680,Office Chair,Home & Office,1,104132.67,10,10413.27,93719.4,73556.74,20162.66,21.51,Instagram,Port Harcourt,Card,Completed
ORD-02162,2025-09-07,CUST-0314,Perfume,Beauty,1,33731.61,0,0.0,33731.61,21490.69,12240.92,36.29,Walk-in,Benin,Card,Completed
ORD-02635,2025-09-08,CUST-0301,Power Bank,Electronics,1,25391.31,15,3808.7,21582.61,13727.65,-3543.84,-16.42,Website,Ibadan,USSD,Returned
ORD-00148,2025-09-08,CUST-0127,Sneakers,Fashion,2,67837.6,0,0.0,135675.2,105387.95,30287.25,22.32,Website,Owerri,Transfer,Completed
ORD-02658,2025-09-08,CUST-0605,Power Bank,Electronics,1,26864.91,0,0.0,26864.91,21147.76,5717.15,21.28,Website,Lagos,Cash,Completed
ORD-02589,2025-09-08,CUST-0029,Office Chair,Home & Office,1,111125.47,0,0.0,111125.47,82178.27,28947.2,26.05,WhatsApp,Ibadan,Transfer,Completed
ORD-01277,2025-09-08,CUST-0625,Laptop Backpack,Accessories,1,32504.59,0,0.0,0.0,25406.68,0.0,0.0,Website,Lagos,Transfer,Cancelled
ORD-00051,2025-09-09,CUST-0653,Power Bank,Electronics,2,26386.23,0,0.0,52772.46,42285.04,-3381.34,-6.41,Instagram,Owerri,Transfer,Returned
ORD-00190,2025-09-10,CUST-0483,Hoodie,Fashion,1,39819.18,0,0.0,39819.18,31841.5,-1684.83,-4.23,Website,Enugu,Card,Returned
ORD-00801,2025-09-10,CUST-0685,Desk Lamp,Home & Office,2,27556.35,5,2755.64,52357.06,33475.21,18881.85,36.06,Referral,Enugu,USSD,Completed
ORD-00481,2025-09-10,CUST-0664,Wireless Earbuds,Electronics,1,41893.61,0,0.0,41893.61,29276.39,12617.22,30.12,WhatsApp,Ibadan,Transfer,Completed
ORD-00794,2025-09-10,CUST-0101,Sneakers,Fashion,2,64584.56,0,0.0,0.0,97868.89,0.0,0.0,Referral,Owerri,Cash,Cancelled
ORD-01141,2025-09-10,CUST-0471,Running Shoes,Fashion,1,63685.95,5,3184.3,60501.65,48367.96,-5669.15,-9.37,Walk-in,Enugu,Card,Returned
ORD-00709,2025-09-10,CUST-0080,Water Bottle,Home & Office,1,17155.97,5,857.8,16298.17,12792.49,3505.68,21.51,Walk-in,Port Harcourt,USSD,Completed
ORD-01172,2025-09-11,CUST-0446,Desk Lamp,Home & Office,1,28125.92,0,0.0,28125.92,19114.61,9011.31,32.04,Website,Owerri,Cash,Completed
ORD-00856,2025-09-11,CUST-0208,Sneakers,Fashion,2,70421.12,0,0.0,140842.24,96240.26,-11021.12,-7.83,Walk-in,Abuja,Transfer,Returned
ORD-01716,2025-09-11,CUST-0616,Wireless Earbuds,Electronics,2,36560.05,10,7312.01,65808.09,46740.43,-8081.28,-12.28,Walk-in,Port Harcourt,Transfer,Returned
ORD-00089,2025-09-11,CUST-0396,Office Chair,Home & Office,1,103331.29,0,0.0,103331.29,70015.83,33315.46,32.24,Instagram,Ibadan,USSD,Completed
ORD-01829,2025-09-12,CUST-0046,Hoodie,Fashion,2,40968.15,0,0.0,81936.3,56677.72,25258.58,30.83,WhatsApp,Abuja,Card,Completed
ORD-02387,2025-09-12,CUST-0297,Office Chair,Home & Office,1,104824.76,0,0.0,104824.76,71076.45,33748.31,32.19,Instagram,Enugu,USSD,Completed
ORD-01015,2025-09-12,CUST-0303,Wireless Earbuds,Electronics,1,38321.19,0,0.0,38321.19,26294.41,12026.78,31.38,Instagram,Ibadan,Card,Completed
ORD-00957,2025-09-12,CUST-0149,Skincare Set,Beauty,3,50936.91,0,0.0,152810.73,100813.84,-23469.94,-15.36,WhatsApp,Ibadan,Transfer,Returned
ORD-02553,2025-09-13,CUST-0258,Smart Watch,Electronics,2,69478.74,0,0.0,138957.48,100492.35,38465.13,27.68,Walk-in,Port Harcourt,Cash,Completed
ORD-01837,2025-09-14,CUST-0024,Water Bottle,Home & Office,1,17444.26,10,1744.43,0.0,11160.71,0.0,0.0,Walk-in,Port Harcourt,Transfer,Cancelled
ORD-02723,2025-09-14,CUST-0036,Smart Watch,Electronics,1,76042.43,0,0.0,76042.43,59748.94,16293.49,21.43,WhatsApp,Abuja,Transfer,Completed
ORD-01708,2025-09-14,CUST-0180,Running Shoes,Fashion,2,62275.35,5,6227.54,118323.16,81071.14,37252.02,31.48,Walk-in,Ibadan,Cash,Completed
ORD-02463,2025-09-14,CUST-0524,Smart Watch,Electronics,1,77547.64,20,15509.53,62038.11,40032.76,22005.35,35.47,Instagram,Owerri,USSD,Completed
ORD-01514,2025-09-14,CUST-0046,Skincare Set,Beauty,1,52558.77,0,0.0,52558.77,38398.81,14159.96,26.94,WhatsApp,Abuja,USSD,Completed
ORD-00596,2025-09-15,CUST-0551,Laptop Backpack,Accessories,2,31328.04,10,6265.61,56390.47,45742.18,10648.29,18.88,Referral,Ibadan,USSD,Completed
ORD-01221,2025-09-15,CUST-0366,Running Shoes,Fashion,1,63599.15,0,0.0,0.0,39469.16,0.0,0.0,Website,Port Harcourt,Cash,Cancelled
ORD-01924,2025-09-15,CUST-0598,Skincare Set,Beauty,2,51741.64,5,5174.16,98309.12,69180.45,29128.67,29.63,Website,Enugu,Card,Completed
ORD-00573,2025-09-15,CUST-0544,Running Shoes,Fashion,1,63537.35,0,0.0,63537.35,39840.65,-9910.47,-15.6,Walk-in,Ibadan,Card,Returned
ORD-02152,2025-09-15,CUST-0080,Laptop Backpack,Accessories,1,33649.48,0,0.0,33649.48,24399.88,9249.6,27.49,WhatsApp,Owerri,Cash,Completed
ORD-01077,2025-09-16,CUST-0296,Hoodie,Fashion,1,38797.67,0,0.0,38797.67,27807.01,10990.66,28.33,Instagram,Abuja,USSD,Completed
ORD-02996,2025-09-16,CUST-0329,Running Shoes,Fashion,2,59952.9,0,0.0,119905.8,93276.22,26629.58,22.21,Referral,Enugu,Card,Completed
ORD-00055,2025-09-16,CUST-0408,Sneakers,Fashion,1,65052.0,20,13010.4,52041.6,41531.94,10509.66,20.19,Referral,Ibadan,USSD,Completed
ORD-00079,2025-09-16,CUST-0013,Wireless Earbuds,Electronics,1,38887.12,0,0.0,38887.12,28379.21,10507.91,27.02,Instagram,Owerri,Card,Completed
ORD-00572,2025-09-16,CUST-0668,Office Chair,Home & Office,1,101249.76,5,5062.49,96187.27,77069.73,19117.54,19.88,Instagram,Ibadan,Card,Completed
ORD-02097,2025-09-16,CUST-0207,Wireless Earbuds,Electronics,1,36740.74,20,7348.15,29392.59,21824.24,7568.35,25.75,Website,Enugu,USSD,Completed
ORD-02991,2025-09-16,CUST-0057,Smart Watch,Electronics,2,67781.97,0,0.0,135563.94,104191.83,31372.11,23.14,Walk-in,Lagos,Transfer,Completed
ORD-01407,2025-09-16,CUST-0584,Power Bank,Electronics,1,25036.04,5,1251.8,23784.24,19255.33,4528.91,19.04,WhatsApp,Abuja,Cash,Completed
ORD-01133,2025-09-17,CUST-0438,Skincare Set,Beauty,1,52288.63,0,0.0,52288.63,38206.57,14082.06,26.93,Walk-in,Owerri,Card,Completed
ORD-02184,2025-09-17,CUST-0244,Office Chair,Home & Office,2,109868.97,0,0.0,0.0,152127.01,0.0,0.0,Referral,Ibadan,Card,Cancelled
ORD-02040,2025-09-17,CUST-0443,Power Bank,Electronics,2,25356.56,0,0.0,50713.12,32940.44,17772.68,35.05,Walk-in,Lagos,Cash,Completed
ORD-02288,2025-09-17,CUST-0330,Smart Watch,Electronics,2,73465.99,10,14693.2,132238.78,89541.8,42696.98,32.29,Walk-in,Benin,Transfer,Completed
ORD-01454,2025-09-17,CUST-0404,Laptop Backpack,Accessories,1,30536.66,20,6107.33,24429.33,15230.09,9199.24,37.66,Instagram,Abuja,Transfer,Completed
ORD-01506,2025-09-17,CUST-0103,Skincare Set,Beauty,1,51422.52,0,0.0,51422.52,42163.07,9259.45,18.01,Instagram,Lagos,Card,Completed
ORD-00223,2025-09-18,CUST-0313,Laptop Backpack,Accessories,1,30695.25,5,1534.76,29160.49,20974.91,8185.58,28.07,Referral,Enugu,Card,Completed
ORD-01967,2025-09-18,CUST-0102,Sneakers,Fashion,2,62670.4,0,0.0,125340.8,98159.23,27181.57,21.69,Instagram,Benin,Cash,Completed
ORD-02625,2025-09-18,CUST-0683,Laptop Backpack,Accessories,1,33549.16,5,1677.46,31871.7,22559.94,9311.76,29.22,Referral,Ibadan,USSD,Completed
ORD-00695,2025-09-18,CUST-0293,Wireless Earbuds,Electronics,2,37229.0,0,0.0,74458.0,51723.79,22734.21,30.53,Instagram,Benin,Cash,Completed
ORD-01072,2025-09-19,CUST-0619,Smart Watch,Electronics,1,70220.1,0,0.0,70220.1,50526.97,-3333.32,-4.75,Walk-in,Owerri,Card,Returned
ORD-01766,2025-09-19,CUST-0091,Desk Lamp,Home & Office,1,26423.42,0,0.0,26423.42,20721.66,5701.76,21.58,Referral,Ibadan,Transfer,Completed
ORD-00256,2025-09-19,CUST-0424,Office Chair,Home & Office,3,103172.52,0,0.0,0.0,219786.27,0.0,0.0,WhatsApp,Ibadan,USSD,Cancelled
ORD-01041,2025-09-20,CUST-0180,Desk Lamp,Home & Office,1,27327.64,5,1366.38,25961.26,18977.71,6983.55,26.9,Walk-in,Port Harcourt,USSD,Completed
ORD-02264,2025-09-20,CUST-0092,Perfume,Beauty,1,33506.47,0,0.0,33506.47,26921.1,6585.37,19.65,Referral,Owerri,Card,Completed
ORD-01643,2025-09-20,CUST-0102,Smart Watch,Electronics,3,69294.46,0,0.0,207883.38,153183.09,54700.29,26.31,Walk-in,Lagos,Card,Completed
ORD-01736,2025-09-20,CUST-0540,Hoodie,Fashion,4,37932.01,5,7586.4,144141.64,106581.15,37560.49,26.06,WhatsApp,Lagos,Card,Completed
ORD-01127,2025-09-20,CUST-0081,Power Bank,Electronics,1,27532.8,0,0.0,27532.8,18986.69,-2526.58,-9.18,Instagram,Owerri,Cash,Returned
ORD-01680,2025-09-21,CUST-0227,Wireless Earbuds,Electronics,1,41071.86,0,0.0,41071.86,29856.45,11215.41,27.31,Website,Abuja,Card,Completed
ORD-02200,2025-09-21,CUST-0118,Wireless Earbuds,Electronics,1,37289.43,10,3728.94,33560.49,26633.01,6927.48,20.64,Walk-in,Enugu,Cash,Completed
ORD-00654,2025-09-21,CUST-0328,Smart Watch,Electronics,1,77190.59,10,7719.06,0.0,55074.11,0.0,0.0,WhatsApp,Benin,Cash,Cancelled
ORD-00098,2025-09-21,CUST-0087,Sneakers,Fashion,3,65807.83,0,0.0,197423.49,147830.69,49592.8,25.12,Referral,Abuja,Cash,Completed
ORD-01682,2025-09-21,CUST-0001,Smart Watch,Electronics,1,72074.97,10,7207.5,64867.47,42174.62,22692.85,34.98,WhatsApp,Benin,USSD,Completed
ORD-02080,2025-09-21,CUST-0366,Skincare Set,Beauty,1,53167.54,0,0.0,53167.54,34498.32,18669.22,35.11,Referral,Lagos,Cash,Completed
ORD-02623,2025-09-21,CUST-0578,Desk Lamp,Home & Office,1,27766.73,15,4165.01,0.0,16144.57,0.0,0.0,Walk-in,Enugu,Card,Cancelled
ORD-01411,2025-09-22,CUST-0230,Laptop Backpack,Accessories,2,32191.46,0,0.0,64382.92,40432.3,-11259.97,-17.49,WhatsApp,Abuja,Cash,Returned
ORD-01737,2025-09-22,CUST-0481,Skincare Set,Beauty,2,52958.85,0,0.0,0.0,69240.14,0.0,0.0,WhatsApp,Benin,Card,Cancelled
ORD-01940,2025-09-22,CUST-0052,Power Bank,Electronics,1,24652.11,10,2465.21,0.0,16953.79,0.0,0.0,WhatsApp,Lagos,Card,Cancelled
ORD-00527,2025-09-22,CUST-0609,Desk Lamp,Home & Office,3,29233.5,5,4385.02,83315.48,54451.91,-11733.06,-14.08,Instagram,Benin,Card,Returned
ORD-01483,2025-09-22,CUST-0339,Perfume,Beauty,1,33848.31,0,0.0,33848.31,22934.39,-5299.19,-15.66,WhatsApp,Ibadan,Transfer,Returned
ORD-00961,2025-09-23,CUST-0330,Perfume,Beauty,1,34886.35,5,1744.32,33142.03,22204.28,10937.75,33.0,Referral,Lagos,Cash,Completed
ORD-01979,2025-09-23,CUST-0207,Hoodie,Fashion,2,38609.06,20,15443.62,61774.5,47390.19,-5190.25,-8.4,Website,Port Harcourt,Transfer,Returned
ORD-01863,2025-09-23,CUST-0307,Skincare Set,Beauty,1,49128.54,0,0.0,49128.54,37873.58,11254.96,22.91,WhatsApp,Abuja,Cash,Completed
ORD-01150,2025-09-24,CUST-0406,Water Bottle,Home & Office,1,17479.84,10,1747.98,15731.86,11465.95,4265.91,27.12,WhatsApp,Benin,Cash,Completed
ORD-01248,2025-09-24,CUST-0437,Hoodie,Fashion,1,37288.51,0,0.0,37288.51,24606.24,12682.27,34.01,Instagram,Port Harcourt,Cash,Completed
ORD-01963,2025-09-24,CUST-0005,Office Chair,Home & Office,1,111801.37,0,0.0,111801.37,81119.03,30682.34,27.44,WhatsApp,Owerri,USSD,Completed
ORD-02222,2025-09-24,CUST-0655,Laptop Backpack,Accessories,2,32211.86,0,0.0,64423.72,50866.3,-2884.92,-4.48,Instagram,Owerri,Cash,Returned
ORD-00264,2025-09-25,CUST-0223,Power Bank,Electronics,1,24529.19,0,0.0,24529.19,19673.07,-1677.91,-6.84,Website,Benin,USSD,Returned
ORD-00017,2025-09-25,CUST-0002,Sneakers,Fashion,1,65083.51,0,0.0,65083.51,40831.92,24251.59,37.26,Instagram,Owerri,Transfer,Completed
ORD-01522,2025-09-25,CUST-0438,Water Bottle,Home & Office,1,17490.13,20,3498.03,13992.1,9723.59,4268.51,30.51,Website,Lagos,Cash,Completed
ORD-02311,2025-09-25,CUST-0200,Office Chair,Home & Office,3,109282.65,0,0.0,327847.95,258839.86,-30402.9,-9.27,Website,Owerri,USSD,Returned
ORD-00260,2025-09-25,CUST-0174,Wireless Earbuds,Electronics,2,41505.75,10,8301.15,74710.35,46343.8,28366.55,37.97,Walk-in,Benin,Cash,Completed
ORD-02797,2025-09-25,CUST-0607,Desk Lamp,Home & Office,2,26404.19,10,5280.84,47527.54,31993.57,15533.97,32.68,Website,Benin,Transfer,Completed
ORD-02486,2025-09-26,CUST-0357,Wireless Earbuds,Electronics,3,36566.67,0,0.0,0.0,83226.93,0.0,0.0,Referral,Abuja,Card,Cancelled
ORD-01600,2025-09-26,CUST-0485,Perfume,Beauty,2,35989.22,15,10796.77,61181.67,46234.6,14947.07,24.43,Website,Abuja,Transfer,Completed
ORD-01485,2025-09-26,CUST-0136,Hoodie,Fashion,2,36682.07,0,0.0,73364.14,48938.66,-10521.29,-14.34,Walk-in,Benin,Cash,Returned
ORD-02188,2025-09-26,CUST-0674,Water Bottle,Home & Office,2,15731.62,5,1573.16,29890.08,20552.4,9337.68,31.24,Instagram,Ibadan,USSD,Completed
ORD-00657,2025-09-26,CUST-0551,Water Bottle,Home & Office,2,16610.07,0,0.0,33220.14,21953.57,-5285.2,-15.91,Website,Abuja,USSD,Returned
ORD-02345,2025-09-27,CUST-0124,Smart Watch,Electronics,1,75130.46,0,0.0,75130.46,53422.26,21708.2,28.89,WhatsApp,Ibadan,Cash,Completed
ORD-01430,2025-09-27,CUST-0118,Desk Lamp,Home & Office,1,27337.02,0,0.0,0.0,17902.23,0.0,0.0,Walk-in,Benin,Card,Cancelled
ORD-01462,2025-09-28,CUST-0241,Hoodie,Fashion,1,41273.76,5,2063.69,39210.07,27476.32,11733.75,29.93,Instagram,Owerri,Transfer,Completed
ORD-01840,2025-09-28,CUST-0116,Laptop Backpack,Accessories,2,30975.01,15,9292.5,52657.52,39426.08,13231.44,25.13,WhatsApp,Port Harcourt,USSD,Completed
ORD-02544,2025-09-28,CUST-0502,Laptop Backpack,Accessories,3,32340.25,0,0.0,97020.75,77961.18,19059.57,19.64,Referral,Benin,Transfer,Completed
ORD-00817,2025-09-28,CUST-0065,Wireless Earbuds,Electronics,1,38286.76,0,0.0,38286.76,31313.59,-2527.0,-6.6,Website,Enugu,USSD,Returned
ORD-02811,2025-09-28,CUST-0593,Office Chair,Home & Office,3,109348.82,0,0.0,0.0,248019.01,0.0,0.0,Website,Lagos,USSD,Cancelled
ORD-01070,2025-09-29,CUST-0574,Hoodie,Fashion,1,40206.94,5,2010.35,38196.59,24070.38,14126.21,36.98,Walk-in,Enugu,Cash,Completed
ORD-01856,2025-09-29,CUST-0417,Power Bank,Electronics,1,24865.51,0,0.0,24865.51,18606.2,6259.31,25.17,WhatsApp,Port Harcourt,USSD,Completed
ORD-00037,2025-09-29,CUST-0656,Sneakers,Fashion,2,66308.47,5,6630.85,125986.09,79313.69,46672.4,37.05,WhatsApp,Ibadan,Transfer,Completed
ORD-00406,2025-09-29,CUST-0238,Sneakers,Fashion,1,66255.72,0,0.0,66255.72,54323.83,11931.89,18.01,Instagram,Ibadan,Cash,Completed
ORD-01517,2025-09-29,CUST-0251,Power Bank,Electronics,1,25245.34,5,1262.27,23983.07,18014.0,5969.07,24.89,WhatsApp,Abuja,USSD,Completed
ORD-02523,2025-09-29,CUST-0547,Smart Watch,Electronics,1,75262.16,0,0.0,75262.16,56734.05,18528.11,24.62,WhatsApp,Enugu,USSD,Completed
ORD-00508,2025-09-29,CUST-0605,Power Bank,Electronics,1,26765.24,5,1338.26,25426.98,19872.29,5554.69,21.85,Walk-in,Owerri,Transfer,Completed
ORD-00412,2025-09-30,CUST-0244,Hoodie,Fashion,2,38039.69,10,7607.94,68471.44,55422.99,13048.45,19.06,Referral,Enugu,Transfer,Completed
ORD-02761,2025-09-30,CUST-0367,Wireless Earbuds,Electronics,2,36376.62,10,7275.32,65477.92,40926.78,24551.14,37.5,Walk-in,Abuja,Card,Completed
ORD-02398,2025-09-30,CUST-0306,Running Shoes,Fashion,1,57679.78,10,5767.98,51911.8,34395.97,17515.83,33.74,Referral,Ibadan,USSD,Completed
ORD-01375,2025-09-30,CUST-0379,Desk Lamp,Home & Office,1,26313.85,0,0.0,26313.85,21283.82,-1361.0,-5.17,Referral,Abuja,Cash,Returned
ORD-01026,2025-09-30,CUST-0515,Running Shoes,Fashion,1,60783.97,0,0.0,0.0,49048.43,0.0,0.0,Website,Lagos,Cash,Cancelled
ORD-02356,2025-09-30,CUST-0462,Sneakers,Fashion,3,67602.02,0,0.0,0.0,149254.28,0.0,0.0,Referral,Port Harcourt,Cash,Cancelled
ORD-02277,2025-10-01,CUST-0300,Sneakers,Fashion,1,67660.02,10,6766.0,60894.02,41509.69,-6747.24,-11.08,WhatsApp,Owerri,USSD,Returned
ORD-01906,2025-10-01,CUST-0032,Desk Lamp,Home & Office,1,29720.39,0,0.0,29720.39,21456.75,-1862.16,-6.27,WhatsApp,Ibadan,Card,Returned
ORD-01315,2025-10-01,CUST-0494,Water Bottle,Home & Office,2,17782.48,0,0.0,35564.96,27729.96,7835.0,22.03,Instagram,Port Harcourt,USSD,Completed
ORD-02945,2025-10-01,CUST-0180,Office Chair,Home & Office,2,102939.42,0,0.0,205878.84,162886.45,42992.39,20.88,Referral,Benin,Card,Completed
ORD-01011,2025-10-01,CUST-0356,Smart Watch,Electronics,1,74123.24,0,0.0,74123.24,53627.16,20496.08,27.65,Instagram,Abuja,USSD,Completed
ORD-02240,2025-10-02,CUST-0065,Skincare Set,Beauty,2,51671.14,0,0.0,103342.28,82563.89,-3559.04,-3.44,Walk-in,Enugu,Transfer,Returned
ORD-00248,2025-10-02,CUST-0375,Skincare Set,Beauty,2,54520.16,0,0.0,109040.32,79799.74,29240.58,26.82,Website,Owerri,Cash,Completed
ORD-00968,2025-10-02,CUST-0087,Desk Lamp,Home & Office,2,29542.44,20,11816.98,0.0,29429.72,0.0,0.0,Instagram,Enugu,Cash,Cancelled
ORD-00350,2025-10-02,CUST-0603,Laptop Backpack,Accessories,3,32722.16,0,0.0,98166.48,72972.71,25193.77,25.66,WhatsApp,Enugu,Transfer,Completed
ORD-01735,2025-10-02,CUST-0130,Water Bottle,Home & Office,1,15769.53,5,788.48,0.0,12018.53,0.0,0.0,Referral,Ibadan,USSD,Cancelled
ORD-00735,2025-10-02,CUST-0091,Wireless Earbuds,Electronics,3,41049.31,0,0.0,123147.93,87130.76,36017.17,29.25,Walk-in,Lagos,Card,Completed
ORD-01802,2025-10-03,CUST-0625,Skincare Set,Beauty,1,54003.51,0,0.0,54003.51,41543.53,12459.98,23.07,Walk-in,Ibadan,Transfer,Completed
ORD-00383,2025-10-03,CUST-0563,Power Bank,Electronics,2,25583.35,0,0.0,51166.7,38052.95,13113.75,25.63,Walk-in,Owerri,Transfer,Completed
ORD-01396,2025-10-03,CUST-0642,Power Bank,Electronics,1,25634.96,0,0.0,0.0,17053.76,0.0,0.0,WhatsApp,Owerri,Transfer,Cancelled
ORD-00391,2025-10-03,CUST-0494,Water Bottle,Home & Office,1,17828.8,10,1782.88,16045.92,12684.45,-864.29,-5.39,WhatsApp,Abuja,Transfer,Returned
ORD-00075,2025-10-04,CUST-0137,Hoodie,Fashion,1,38965.76,10,3896.58,35069.18,22359.32,-2677.72,-7.64,WhatsApp,Port Harcourt,Cash,Returned
ORD-01925,2025-10-04,CUST-0519,Wireless Earbuds,Electronics,2,40830.67,5,4083.07,77578.27,50330.7,27247.57,35.12,WhatsApp,Benin,Cash,Completed
ORD-00385,2025-10-04,CUST-0064,Water Bottle,Home & Office,1,17170.48,5,858.52,16311.96,12229.53,4082.43,25.03,Referral,Lagos,Cash,Completed
ORD-00476,2025-10-05,CUST-0306,Wireless Earbuds,Electronics,3,37149.43,0,0.0,0.0,82512.01,0.0,0.0,WhatsApp,Owerri,Card,Cancelled
ORD-02375,2025-10-05,CUST-0441,Desk Lamp,Home & Office,1,28029.19,0,0.0,28029.19,17895.83,10133.36,36.15,Instagram,Lagos,Card,Completed
ORD-00847,2025-10-05,CUST-0637,Skincare Set,Beauty,2,52575.12,0,0.0,105150.24,73246.34,31903.9,30.34,WhatsApp,Lagos,Card,Completed
ORD-01372,2025-10-05,CUST-0673,Hoodie,Fashion,1,40863.04,20,8172.61,32690.43,20535.39,-3485.61,-10.66,Website,Port Harcourt,USSD,Returned
ORD-01572,2025-10-05,CUST-0060,Running Shoes,Fashion,1,60121.29,5,3006.06,57115.23,37087.21,-4029.19,-7.05,Walk-in,Port Harcourt,USSD,Returned
ORD-01455,2025-10-05,CUST-0579,Power Bank,Electronics,3,24800.57,0,0.0,0.0,54544.47,0.0,0.0,Referral,Enugu,Card,Cancelled
ORD-01326,2025-10-06,CUST-0279,Smart Watch,Electronics,2,74677.82,0,0.0,149355.64,106764.2,42591.44,28.52,Referral,Port Harcourt,Card,Completed
ORD-01056,2025-10-06,CUST-0168,Laptop Backpack,Accessories,1,32990.44,0,0.0,32990.44,21342.94,-3046.33,-9.23,WhatsApp,Owerri,Card,Returned
ORD-01561,2025-10-06,CUST-0458,Desk Lamp,Home & Office,1,29561.54,0,0.0,29561.54,22876.09,6685.45,22.62,Referral,Benin,Cash,Completed
ORD-01286,2025-10-06,CUST-0583,Desk Lamp,Home & Office,1,29552.37,0,0.0,29552.37,20668.52,-3284.32,-11.11,Referral,Ibadan,Cash,Returned
ORD-01112,2025-10-07,CUST-0386,Laptop Backpack,Accessories,1,30695.25,0,0.0,30695.25,19858.59,10836.66,35.3,Website,Benin,Transfer,Completed
ORD-02145,2025-10-07,CUST-0253,Skincare Set,Beauty,3,47933.4,10,14380.02,129420.18,98335.45,31084.73,24.02,WhatsApp,Ibadan,Cash,Completed
ORD-02434,2025-10-08,CUST-0281,Sneakers,Fashion,1,66218.77,0,0.0,66218.77,50369.02,15849.75,23.94,Referral,Lagos,Transfer,Completed
ORD-00247,2025-10-08,CUST-0622,Perfume,Beauty,2,37381.1,0,0.0,74762.2,59186.87,15575.33,20.83,WhatsApp,Port Harcourt,Transfer,Completed
ORD-00580,2025-10-08,CUST-0510,Sneakers,Fashion,1,69748.69,0,0.0,69748.69,55373.95,14374.74,20.61,Website,Benin,Transfer,Completed
ORD-01974,2025-10-08,CUST-0321,Hoodie,Fashion,3,36785.04,15,16553.27,93801.85,67364.87,-12971.5,-13.83,Instagram,Benin,Card,Returned
ORD-02209,2025-10-08,CUST-0512,Power Bank,Electronics,1,27708.07,0,0.0,0.0,17469.81,0.0,0.0,Website,Enugu,Card,Cancelled
ORD-02930,2025-10-09,CUST-0495,Sneakers,Fashion,1,69952.12,0,0.0,69952.12,53098.95,16853.17,24.09,Instagram,Port Harcourt,Card,Completed
ORD-01721,2025-10-09,CUST-0591,Desk Lamp,Home & Office,1,27165.61,5,1358.28,0.0,18874.53,0.0,0.0,WhatsApp,Port Harcourt,Cash,Cancelled
ORD-02971,2025-10-09,CUST-0068,Office Chair,Home & Office,1,112454.9,0,0.0,112454.9,77895.14,34559.76,30.73,Referral,Benin,Cash,Completed
ORD-01754,2025-10-10,CUST-0418,Perfume,Beauty,1,35586.73,0,0.0,35586.73,25631.06,9955.67,27.98,Website,Abuja,Cash,Completed
ORD-00356,2025-10-10,CUST-0311,Perfume,Beauty,1,34147.42,5,1707.37,32440.05,20610.04,11830.01,36.47,Walk-in,Owerri,Transfer,Completed
ORD-02782,2025-10-10,CUST-0570,Desk Lamp,Home & Office,1,27353.12,5,1367.66,25985.46,19267.87,6717.59,25.85,Instagram,Abuja,USSD,Completed
ORD-00015,2025-10-10,CUST-0318,Skincare Set,Beauty,2,53720.45,0,0.0,107440.9,77588.39,29852.51,27.79,Walk-in,Lagos,Cash,Completed
ORD-00417,2025-10-10,CUST-0351,Wireless Earbuds,Electronics,1,37512.07,5,1875.6,35636.47,25025.34,10611.13,29.78,Instagram,Owerri,USSD,Completed
ORD-00158,2025-10-11,CUST-0156,Skincare Set,Beauty,1,50158.72,0,0.0,50158.72,38941.13,11217.59,22.36,Referral,Port Harcourt,Card,Completed
ORD-02455,2025-10-11,CUST-0403,Hoodie,Fashion,2,41338.22,5,4133.82,0.0,52509.39,0.0,0.0,Instagram,Ibadan,Transfer,Cancelled
ORD-01718,2025-10-11,CUST-0662,Skincare Set,Beauty,2,51774.17,15,15532.25,0.0,69165.37,0.0,0.0,Walk-in,Ibadan,Card,Cancelled
ORD-00517,2025-10-11,CUST-0222,Power Bank,Electronics,1,24265.65,0,0.0,24265.65,15453.61,-3364.52,-13.87,WhatsApp,Port Harcourt,USSD,Returned
ORD-02505,2025-10-11,CUST-0415,Skincare Set,Beauty,4,51700.79,5,10340.16,196463.0,148444.63,-23070.19,-11.74,WhatsApp,Abuja,Transfer,Returned
ORD-01688,2025-10-12,CUST-0598,Smart Watch,Electronics,1,72340.28,0,0.0,72340.28,51302.63,-8635.58,-11.94,Walk-in,Owerri,Transfer,Returned
ORD-02915,2025-10-12,CUST-0480,Wireless Earbuds,Electronics,1,40145.54,15,6021.83,34123.71,23768.57,10355.14,30.35,Walk-in,Enugu,Transfer,Completed
ORD-01271,2025-10-12,CUST-0595,Water Bottle,Home & Office,1,16054.63,0,0.0,16054.63,12379.71,3674.92,22.89,Instagram,Ibadan,Card,Completed
ORD-00042,2025-10-12,CUST-0090,Water Bottle,Home & Office,1,15634.02,0,0.0,15634.02,11828.72,3805.3,24.34,Walk-in,Abuja,Transfer,Completed
ORD-01087,2025-10-12,CUST-0538,Office Chair,Home & Office,2,110532.06,0,0.0,221064.12,179777.21,41286.91,18.68,Referral,Owerri,USSD,Completed
ORD-00038,2025-10-12,CUST-0218,Water Bottle,Home & Office,1,15686.28,10,1568.63,14117.65,10739.74,3377.91,23.93,Instagram,Ibadan,Cash,Completed
ORD-00136,2025-10-12,CUST-0033,Water Bottle,Home & Office,2,15893.79,5,1589.38,30198.2,18871.38,11326.82,37.51,WhatsApp,Port Harcourt,Transfer,Completed
ORD-00095,2025-10-12,CUST-0361,Desk Lamp,Home & Office,1,26036.85,5,1301.84,24735.01,16216.45,8518.56,34.44,Website,Owerri,Transfer,Completed
ORD-01151,2025-10-13,CUST-0492,Hoodie,Fashion,1,40258.54,0,0.0,0.0,25335.03,0.0,0.0,Referral,Abuja,Card,Cancelled
ORD-01405,2025-10-13,CUST-0520,Office Chair,Home & Office,1,113009.2,0,0.0,113009.2,84972.3,28036.9,24.81,WhatsApp,Benin,Card,Completed
ORD-02883,2025-10-13,CUST-0364,Laptop Backpack,Accessories,1,33202.6,0,0.0,33202.6,22076.0,11126.6,33.51,Referral,Owerri,Card,Completed
ORD-01638,2025-10-13,CUST-0293,Running Shoes,Fashion,1,60870.08,0,0.0,0.0,46230.81,0.0,0.0,WhatsApp,Owerri,Cash,Cancelled
ORD-01155,2025-10-13,CUST-0610,Hoodie,Fashion,2,41640.93,0,0.0,83281.86,65451.59,17830.27,21.41,Instagram,Enugu,Cash,Completed
ORD-02060,2025-10-13,CUST-0224,Running Shoes,Fashion,2,62266.26,20,24906.5,99626.02,73150.64,-9680.22,-9.72,Referral,Benin,USSD,Returned
ORD-02710,2025-10-14,CUST-0042,Perfume,Beauty,1,37267.08,0,0.0,37267.08,25112.62,12154.46,32.61,Walk-in,Ibadan,USSD,Completed
ORD-02867,2025-10-14,CUST-0627,Office Chair,Home & Office,4,107365.94,0,0.0,429463.76,280570.72,-35622.26,-8.29,Instagram,Benin,USSD,Returned
ORD-01440,2025-10-14,CUST-0328,Running Shoes,Fashion,1,61929.47,0,0.0,61929.47,40938.57,20990.9,33.89,Instagram,Enugu,Card,Completed
ORD-02088,2025-10-15,CUST-0647,Water Bottle,Home & Office,2,16255.54,5,1625.55,30885.53,19893.52,-3340.53,-10.82,Walk-in,Ibadan,Card,Returned
ORD-01334,2025-10-15,CUST-0205,Desk Lamp,Home & Office,1,29341.4,15,4401.21,24940.19,19584.32,5355.87,21.47,Referral,Ibadan,Transfer,Completed
ORD-00683,2025-10-15,CUST-0182,Laptop Backpack,Accessories,1,31565.96,5,1578.3,29987.66,22544.13,7443.53,24.82,Instagram,Enugu,Cash,Completed
ORD-00680,2025-10-15,CUST-0259,Skincare Set,Beauty,1,49647.73,5,2482.39,0.0,29965.3,0.0,0.0,Referral,Enugu,Cash,Cancelled
ORD-00812,2025-10-15,CUST-0060,Smart Watch,Electronics,1,67929.51,0,0.0,0.0,51081.22,0.0,0.0,Walk-in,Lagos,Card,Cancelled
ORD-02657,2025-10-15,CUST-0614,Power Bank,Electronics,1,25469.34,0,0.0,0.0,17661.17,0.0,0.0,WhatsApp,Owerri,Transfer,Cancelled
ORD-00360,2025-10-16,CUST-0115,Wireless Earbuds,Electronics,1,40403.68,15,6060.55,34343.13,22127.25,12215.88,35.57,Referral,Abuja,Card,Completed
ORD-00616,2025-10-16,CUST-0478,Hoodie,Fashion,2,37796.04,10,7559.21,0.0,43340.59,0.0,0.0,WhatsApp,Benin,USSD,Cancelled
ORD-02742,2025-10-16,CUST-0232,Desk Lamp,Home & Office,2,27579.91,5,2757.99,52401.83,42281.0,10120.83,19.31,Referral,Port Harcourt,USSD,Completed
ORD-00243,2025-10-16,CUST-0124,Laptop Backpack,Accessories,2,30839.0,0,0.0,61678.0,38287.45,-10514.24,-17.05,Website,Benin,Cash,Returned
ORD-00285,2025-10-17,CUST-0380,Power Bank,Electronics,1,25380.25,0,0.0,25380.25,18276.95,7103.3,27.99,Referral,Abuja,Transfer,Completed
ORD-00267,2025-10-17,CUST-0669,Perfume,Beauty,1,36144.67,0,0.0,36144.67,27917.47,8227.2,22.76,Instagram,Owerri,Transfer,Completed
ORD-02133,2025-10-17,CUST-0059,Water Bottle,Home & Office,1,15893.97,0,0.0,15893.97,11271.44,4622.53,29.08,Instagram,Benin,USSD,Completed
ORD-00290,2025-10-17,CUST-0241,Smart Watch,Electronics,2,74957.61,0,0.0,149915.22,105014.01,44901.21,29.95,Instagram,Ibadan,Transfer,Completed
ORD-00324,2025-10-17,CUST-0681,Skincare Set,Beauty,1,48047.49,0,0.0,48047.49,38735.98,-3178.44,-6.62,Website,Ibadan,Card,Returned
ORD-01169,2025-10-17,CUST-0081,Smart Watch,Electronics,1,76155.48,5,3807.77,72347.71,47870.47,-7401.98,-10.23,Referral,Port Harcourt,Cash,Returned
ORD-01540,2025-10-17,CUST-0497,Power Bank,Electronics,4,24345.74,0,0.0,97382.96,65850.9,31532.06,32.38,Website,Ibadan,Cash,Completed
ORD-00723,2025-10-17,CUST-0323,Laptop Backpack,Accessories,1,30899.82,0,0.0,30899.82,19941.96,10957.86,35.46,Instagram,Ibadan,Cash,Completed
ORD-01897,2025-10-18,CUST-0074,Sneakers,Fashion,1,63240.07,0,0.0,63240.07,48039.15,15200.92,24.04,Instagram,Owerri,USSD,Completed
ORD-02762,2025-10-18,CUST-0423,Hoodie,Fashion,3,36683.43,5,5502.51,104547.78,82614.21,21933.57,20.98,Website,Benin,Transfer,Completed
ORD-02204,2025-10-19,CUST-0540,Smart Watch,Electronics,1,73807.59,10,7380.76,0.0,49155.91,0.0,0.0,WhatsApp,Owerri,Transfer,Cancelled
ORD-00109,2025-10-19,CUST-0187,Power Bank,Electronics,1,25727.39,0,0.0,25727.39,17781.09,7946.3,30.89,WhatsApp,Enugu,Transfer,Completed
ORD-00368,2025-10-19,CUST-0221,Water Bottle,Home & Office,1,17918.33,0,0.0,17918.33,12949.1,-1499.29,-8.37,WhatsApp,Abuja,Card,Returned
ORD-02325,2025-10-19,CUST-0212,Wireless Earbuds,Electronics,1,40764.38,0,0.0,40764.38,26945.41,-2086.15,-5.12,Instagram,Ibadan,USSD,Returned
ORD-01815,2025-10-19,CUST-0005,Office Chair,Home & Office,2,114183.93,10,22836.79,205531.07,129896.53,75634.54,36.8,Walk-in,Enugu,Transfer,Completed
ORD-02194,2025-10-19,CUST-0657,Desk Lamp,Home & Office,1,27099.25,0,0.0,27099.25,21933.08,-2123.45,-7.84,Walk-in,Abuja,Transfer,Returned
ORD-01734,2025-10-19,CUST-0412,Smart Watch,Electronics,4,75977.97,5,15195.59,288716.29,182546.51,-35804.52,-12.4,Instagram,Benin,Cash,Returned
ORD-02538,2025-10-19,CUST-0029,Hoodie,Fashion,1,36821.63,15,5523.24,31298.39,25539.11,5759.28,18.4,Instagram,Enugu,Transfer,Completed
ORD-01001,2025-10-20,CUST-0379,Laptop Backpack,Accessories,1,32956.59,0,0.0,32956.59,22679.95,-2493.21,-7.57,Website,Port Harcourt,Transfer,Returned
ORD-00857,2025-10-20,CUST-0261,Perfume,Beauty,1,35563.34,0,0.0,0.0,27378.9,0.0,0.0,Walk-in,Lagos,Cash,Cancelled
ORD-01433,2025-10-20,CUST-0394,Power Bank,Electronics,1,27199.64,20,5439.93,21759.71,15349.15,6410.56,29.46,Website,Enugu,USSD,Completed
ORD-02419,2025-10-20,CUST-0002,Hoodie,Fashion,1,37328.71,0,0.0,37328.71,27596.52,9732.19,26.07,Instagram,Owerri,USSD,Completed
ORD-02921,2025-10-20,CUST-0236,Wireless Earbuds,Electronics,2,39745.79,0,0.0,79491.58,54580.12,24911.46,31.34,Walk-in,Lagos,Card,Completed
ORD-00559,2025-10-20,CUST-0267,Skincare Set,Beauty,1,49187.51,0,0.0,0.0,30904.49,0.0,0.0,Instagram,Ibadan,Cash,Cancelled
ORD-02795,2025-10-20,CUST-0426,Water Bottle,Home & Office,1,17006.14,15,2550.92,0.0,10490.1,0.0,0.0,Instagram,Abuja,USSD,Cancelled
ORD-00232,2025-10-21,CUST-0532,Water Bottle,Home & Office,1,17927.21,10,1792.72,0.0,11607.98,0.0,0.0,Instagram,Benin,USSD,Cancelled
ORD-02613,2025-10-21,CUST-0518,Office Chair,Home & Office,1,112145.91,0,0.0,112145.91,84087.81,-13210.26,-11.78,WhatsApp,Abuja,USSD,Returned
ORD-02352,2025-10-21,CUST-0685,Sneakers,Fashion,1,67958.62,0,0.0,67958.62,55183.85,-6272.84,-9.23,Website,Abuja,Card,Returned
ORD-00019,2025-10-21,CUST-0201,Perfume,Beauty,1,37872.71,0,0.0,37872.71,29665.18,8207.53,21.67,Referral,Port Harcourt,Transfer,Completed
ORD-01472,2025-10-21,CUST-0441,Office Chair,Home & Office,1,106973.6,0,0.0,106973.6,71972.42,35001.18,32.72,WhatsApp,Abuja,Card,Completed
ORD-02125,2025-10-21,CUST-0685,Water Bottle,Home & Office,1,17622.56,0,0.0,17622.56,12874.17,4748.39,26.94,Website,Port Harcourt,Cash,Completed
ORD-02664,2025-10-21,CUST-0622,Sneakers,Fashion,1,68980.57,10,6898.06,62082.51,43711.54,18370.97,29.59,Referral,Benin,Cash,Completed
ORD-02225,2025-10-22,CUST-0131,Water Bottle,Home & Office,1,16830.07,0,0.0,16830.07,12475.45,4354.62,25.87,WhatsApp,Abuja,Cash,Completed
ORD-02186,2025-10-22,CUST-0379,Power Bank,Electronics,1,24753.34,0,0.0,24753.34,18127.05,6626.29,26.77,WhatsApp,Abuja,Card,Completed
ORD-00453,2025-10-23,CUST-0182,Smart Watch,Electronics,2,76441.19,0,0.0,152882.38,115471.56,37410.82,24.47,Instagram,Lagos,USSD,Completed
ORD-00349,2025-10-23,CUST-0606,Desk Lamp,Home & Office,1,28956.59,0,0.0,28956.59,21849.9,7106.69,24.54,Instagram,Abuja,Transfer,Completed
ORD-02960,2025-10-23,CUST-0686,Running Shoes,Fashion,1,58440.2,0,0.0,58440.2,47910.88,10529.32,18.02,Walk-in,Abuja,Transfer,Completed
ORD-00531,2025-10-23,CUST-0474,Hoodie,Fashion,1,39481.3,20,7896.26,31585.04,24999.75,6585.29,20.85,Website,Port Harcourt,Cash,Completed
ORD-02662,2025-10-24,CUST-0277,Sneakers,Fashion,3,65894.75,0,0.0,197684.25,149654.04,48030.21,24.3,Walk-in,Ibadan,Cash,Completed
ORD-01114,2025-10-24,CUST-0629,Laptop Backpack,Accessories,4,34046.67,5,6809.33,129377.35,102401.79,-7468.21,-5.77,Walk-in,Abuja,Cash,Returned
ORD-01620,2025-10-24,CUST-0488,Running Shoes,Fashion,2,57485.86,0,0.0,114971.72,75578.94,39392.78,34.26,Instagram,Port Harcourt,Cash,Completed
ORD-00912,2025-10-24,CUST-0349,Wireless Earbuds,Electronics,1,38549.41,0,0.0,38549.41,29186.06,9363.35,24.29,WhatsApp,Lagos,USSD,Completed
ORD-01519,2025-10-24,CUST-0193,Skincare Set,Beauty,1,48094.82,15,7214.22,40880.6,32063.4,8817.2,21.57,Website,Owerri,Transfer,Completed
ORD-02014,2025-10-24,CUST-0053,Office Chair,Home & Office,1,107511.97,0,0.0,0.0,77513.51,0.0,0.0,Referral,Enugu,Card,Cancelled
ORD-00532,2025-10-25,CUST-0694,Power Bank,Electronics,1,24461.61,15,3669.24,20792.37,13176.74,7615.63,36.63,Website,Lagos,USSD,Completed
ORD-02677,2025-10-25,CUST-0229,Sneakers,Fashion,2,70064.29,0,0.0,140128.58,99147.25,40981.33,29.25,WhatsApp,Benin,Transfer,Completed
ORD-01935,2025-10-25,CUST-0007,Desk Lamp,Home & Office,1,29235.79,0,0.0,0.0,19777.45,0.0,0.0,Referral,Owerri,Cash,Cancelled
ORD-01872,2025-10-25,CUST-0203,Smart Watch,Electronics,1,78029.39,0,0.0,78029.39,49829.23,-6384.13,-8.18,Instagram,Abuja,USSD,Returned
ORD-02864,2025-10-26,CUST-0052,Water Bottle,Home & Office,1,16884.93,0,0.0,16884.93,11900.07,4984.86,29.52,WhatsApp,Benin,Transfer,Completed
ORD-00380,2025-10-26,CUST-0459,Desk Lamp,Home & Office,2,29495.99,20,11798.4,0.0,31539.44,0.0,0.0,WhatsApp,Ibadan,Cash,Cancelled
ORD-02063,2025-10-27,CUST-0269,Skincare Set,Beauty,1,54413.31,0,0.0,54413.31,37183.94,17229.37,31.66,Instagram,Enugu,Transfer,Completed
ORD-02587,2025-10-27,CUST-0694,Running Shoes,Fashion,1,64678.66,0,0.0,0.0,49259.82,0.0,0.0,Referral,Port Harcourt,Cash,Cancelled
ORD-02648,2025-10-27,CUST-0534,Laptop Backpack,Accessories,1,34960.19,5,1748.01,33212.18,23857.95,9354.23,28.17,Website,Abuja,Card,Completed
ORD-00940,2025-10-27,CUST-0208,Power Bank,Electronics,1,24911.45,0,0.0,24911.45,19308.41,5603.04,22.49,Website,Port Harcourt,USSD,Completed
ORD-00449,2025-10-27,CUST-0478,Smart Watch,Electronics,1,72548.01,0,0.0,72548.01,46681.45,25866.56,35.65,WhatsApp,Lagos,Card,Completed
ORD-02681,2025-10-27,CUST-0378,Hoodie,Fashion,3,37481.69,15,16866.76,95578.31,67449.1,28129.21,29.43,Walk-in,Abuja,USSD,Completed
ORD-00946,2025-10-27,CUST-0353,Smart Watch,Electronics,1,68574.21,15,10286.13,58288.08,44546.76,-2470.97,-4.24,Instagram,Ibadan,Cash,Returned
ORD-01192,2025-10-27,CUST-0342,Sneakers,Fashion,3,68401.14,0,0.0,205203.42,141708.45,-30072.6,-14.66,Instagram,Enugu,USSD,Returned
ORD-01095,2025-10-28,CUST-0261,Smart Watch,Electronics,1,73037.67,5,3651.88,69385.79,55077.77,14308.02,20.62,WhatsApp,Owerri,Card,Completed
ORD-01767,2025-10-28,CUST-0240,Laptop Backpack,Accessories,2,33858.4,5,3385.84,64330.96,44799.7,19531.26,30.36,Website,Abuja,USSD,Completed
ORD-01645,2025-10-29,CUST-0226,Wireless Earbuds,Electronics,2,37725.93,0,0.0,75451.86,56037.99,19413.87,25.73,Website,Ibadan,USSD,Completed
ORD-01932,2025-10-29,CUST-0588,Desk Lamp,Home & Office,1,29955.75,5,1497.79,28457.96,21909.12,-1808.39,-6.35,Referral,Enugu,USSD,Returned
ORD-02990,2025-10-29,CUST-0394,Smart Watch,Electronics,1,70973.68,0,0.0,70973.68,46766.04,24207.64,34.11,Walk-in,Ibadan,USSD,Completed
ORD-01939,2025-10-29,CUST-0510,Skincare Set,Beauty,1,53012.11,0,0.0,0.0,40155.36,0.0,0.0,Website,Owerri,USSD,Cancelled
ORD-00668,2025-10-29,CUST-0673,Hoodie,Fashion,3,37495.65,15,16873.04,95613.91,62778.05,32835.86,34.34,Walk-in,Port Harcourt,USSD,Completed
ORD-02822,2025-10-29,CUST-0507,Perfume,Beauty,1,34438.01,0,0.0,34438.01,22430.81,-2434.12,-7.07,Website,Lagos,Card,Returned
ORD-01992,2025-10-29,CUST-0215,Laptop Backpack,Accessories,2,31790.98,0,0.0,63581.96,47839.19,15742.77,24.76,WhatsApp,Lagos,Card,Completed
ORD-01368,2025-10-29,CUST-0516,Hoodie,Fashion,1,40852.99,0,0.0,40852.99,32976.31,-3039.67,-7.44,Walk-in,Benin,USSD,Returned
ORD-01570,2025-10-29,CUST-0254,Office Chair,Home & Office,1,107175.77,0,0.0,107175.77,78279.07,-5079.07,-4.74,WhatsApp,Benin,USSD,Returned
ORD-00947,2025-10-30,CUST-0172,Hoodie,Fashion,1,37317.3,0,0.0,37317.3,25498.92,11818.38,31.67,Walk-in,Benin,USSD,Completed
ORD-00321,2025-10-30,CUST-0084,Sneakers,Fashion,3,71304.13,0,0.0,213912.39,166011.65,47900.74,22.39,Instagram,Owerri,Card,Completed
ORD-00868,2025-10-30,CUST-0675,Sneakers,Fashion,1,69581.31,0,0.0,69581.31,47655.38,21925.93,31.51,Instagram,Port Harcourt,Card,Completed
ORD-02185,2025-10-30,CUST-0063,Desk Lamp,Home & Office,3,28379.47,10,8513.84,76624.57,50791.49,-12800.78,-16.71,WhatsApp,Enugu,Cash,Returned
ORD-01717,2025-10-31,CUST-0676,Running Shoes,Fashion,1,62416.29,10,6241.63,56174.66,42921.08,13253.58,23.59,Referral,Port Harcourt,Card,Completed
ORD-01331,2025-10-31,CUST-0254,Office Chair,Home & Office,1,102318.19,0,0.0,102318.19,75041.8,27276.39,26.66,Walk-in,Enugu,Cash,Completed
ORD-01066,2025-10-31,CUST-0191,Power Bank,Electronics,1,25260.97,0,0.0,25260.97,19635.57,-1501.69,-5.94,Walk-in,Benin,Cash,Returned
ORD-00442,2025-10-31,CUST-0283,Office Chair,Home & Office,1,106556.63,20,21311.33,85245.3,62130.16,23115.14,27.12,Referral,Owerri,Card,Completed
ORD-02031,2025-11-01,CUST-0174,Wireless Earbuds,Electronics,2,40605.89,0,0.0,0.0,62571.14,0.0,0.0,Walk-in,Enugu,Transfer,Cancelled
ORD-02153,2025-11-01,CUST-0399,Perfume,Beauty,1,36383.47,20,7276.69,29106.78,23844.66,5262.12,18.08,Referral,Ibadan,Card,Completed
ORD-01792,2025-11-01,CUST-0349,Smart Watch,Electronics,1,76519.1,0,0.0,76519.1,53418.93,23100.17,30.19,Referral,Enugu,Card,Completed
ORD-00473,2025-11-01,CUST-0540,Sneakers,Fashion,1,66900.58,15,10035.09,56865.49,38109.88,18755.61,32.98,WhatsApp,Benin,Card,Completed
ORD-02627,2025-11-01,CUST-0002,Hoodie,Fashion,4,40563.6,0,0.0,162254.4,112506.43,49747.97,30.66,Website,Lagos,Card,Completed
ORD-00675,2025-11-01,CUST-0541,Smart Watch,Electronics,2,74319.37,0,0.0,148638.74,104865.88,43772.86,29.45,Walk-in,Enugu,Cash,Completed
ORD-00364,2025-11-01,CUST-0171,Power Bank,Electronics,1,26365.63,0,0.0,26365.63,16442.26,9923.37,37.64,Website,Port Harcourt,Card,Completed
ORD-00525,2025-11-02,CUST-0597,Office Chair,Home & Office,2,102811.95,0,0.0,205623.9,129381.15,76242.75,37.08,Instagram,Enugu,Transfer,Completed
ORD-01606,2025-11-02,CUST-0624,Water Bottle,Home & Office,1,15821.45,0,0.0,15821.45,12426.56,3394.89,21.46,Referral,Abuja,Transfer,Completed
ORD-02471,2025-11-02,CUST-0129,Wireless Earbuds,Electronics,1,37534.72,10,3753.47,33781.25,24897.9,-2770.57,-8.2,Walk-in,Benin,Card,Returned
ORD-02535,2025-11-02,CUST-0016,Hoodie,Fashion,2,42260.87,10,8452.17,0.0,60505.92,0.0,0.0,Instagram,Port Harcourt,Cash,Cancelled
ORD-01851,2025-11-02,CUST-0051,Skincare Set,Beauty,1,49003.9,0,0.0,0.0,37185.21,0.0,0.0,Instagram,Lagos,Cash,Cancelled
ORD-00810,2025-11-02,CUST-0240,Hoodie,Fashion,1,38960.33,0,0.0,38960.33,31808.27,7152.06,18.36,Walk-in,Ibadan,Card,Completed
ORD-02611,2025-11-03,CUST-0363,Water Bottle,Home & Office,2,17140.54,0,0.0,34281.08,23129.81,11151.27,32.53,Instagram,Enugu,Transfer,Completed
ORD-01242,2025-11-03,CUST-0076,Running Shoes,Fashion,1,57145.18,5,2857.26,54287.92,42730.41,11557.51,21.29,Instagram,Enugu,Transfer,Completed
ORD-02412,2025-11-03,CUST-0073,Water Bottle,Home & Office,1,17642.95,0,0.0,17642.95,13815.71,3827.24,21.69,Instagram,Enugu,Card,Completed
ORD-00579,2025-11-03,CUST-0396,Office Chair,Home & Office,1,104368.23,0,0.0,104368.23,73039.52,-7799.84,-7.47,Referral,Benin,Transfer,Returned
ORD-00834,2025-11-03,CUST-0112,Hoodie,Fashion,2,38423.28,0,0.0,76846.56,52385.83,24460.73,31.83,Website,Ibadan,USSD,Completed
ORD-02906,2025-11-04,CUST-0372,Laptop Backpack,Accessories,2,32503.43,5,3250.34,61756.52,45447.48,16309.04,26.41,Instagram,Benin,Transfer,Completed
ORD-01729,2025-11-04,CUST-0249,Hoodie,Fashion,1,42089.01,0,0.0,42089.01,31196.66,10892.35,25.88,Website,Enugu,Transfer,Completed
ORD-00706,2025-11-04,CUST-0698,Hoodie,Fashion,1,38378.16,15,5756.72,0.0,24945.84,0.0,0.0,Walk-in,Ibadan,Transfer,Cancelled
ORD-01415,2025-11-04,CUST-0150,Smart Watch,Electronics,1,74594.57,5,3729.73,0.0,53219.84,0.0,0.0,Referral,Enugu,Card,Cancelled
ORD-02364,2025-11-05,CUST-0438,Water Bottle,Home & Office,1,17067.95,0,0.0,17067.95,12972.08,4095.87,24.0,Website,Abuja,USSD,Completed
ORD-02445,2025-11-05,CUST-0268,Laptop Backpack,Accessories,3,32682.53,20,19609.52,78438.07,60246.62,18191.45,23.19,WhatsApp,Owerri,Cash,Completed
ORD-02161,2025-11-05,CUST-0682,Running Shoes,Fashion,2,65394.91,10,13078.98,0.0,86648.11,0.0,0.0,Referral,Abuja,Cash,Cancelled
ORD-00563,2025-11-05,CUST-0253,Laptop Backpack,Accessories,1,34423.95,0,0.0,34423.95,21927.82,12496.13,36.3,Instagram,Ibadan,Transfer,Completed
ORD-02524,2025-11-05,CUST-0618,Office Chair,Home & Office,2,109291.0,0,0.0,218582.0,154351.98,64230.02,29.38,WhatsApp,Abuja,Transfer,Completed
ORD-01667,2025-11-05,CUST-0391,Wireless Earbuds,Electronics,1,40929.02,0,0.0,0.0,31422.54,0.0,0.0,Referral,Ibadan,Card,Cancelled
ORD-00571,2025-11-06,CUST-0410,Wireless Earbuds,Electronics,1,39221.35,0,0.0,0.0,25665.77,0.0,0.0,Walk-in,Port Harcourt,Card,Cancelled
ORD-01314,2025-11-06,CUST-0051,Hoodie,Fashion,3,39761.01,0,0.0,119283.03,93436.2,25846.83,21.67,Website,Port Harcourt,Card,Completed
ORD-02956,2025-11-07,CUST-0353,Wireless Earbuds,Electronics,1,41628.02,0,0.0,41628.02,33584.93,8043.09,19.32,WhatsApp,Benin,Card,Completed
ORD-02676,2025-11-07,CUST-0497,Skincare Set,Beauty,1,50864.39,5,2543.22,48321.17,39240.96,9080.21,18.79,Referral,Ibadan,Cash,Completed
ORD-00959,2025-11-07,CUST-0259,Sneakers,Fashion,2,70864.95,0,0.0,141729.9,96650.78,45079.12,31.81,Referral,Benin,Card,Completed
ORD-00422,2025-11-07,CUST-0449,Running Shoes,Fashion,1,65534.06,0,0.0,65534.06,41512.34,24021.72,36.66,Referral,Port Harcourt,Transfer,Completed
ORD-02237,2025-11-07,CUST-0353,Desk Lamp,Home & Office,1,29295.26,20,5859.05,0.0,15076.73,0.0,0.0,Instagram,Abuja,Cash,Cancelled
ORD-02323,2025-11-07,CUST-0272,Hoodie,Fashion,3,38404.63,0,0.0,115213.89,85010.71,30203.18,26.21,Website,Owerri,Transfer,Completed
ORD-02718,2025-11-07,CUST-0285,Office Chair,Home & Office,3,103072.42,0,0.0,309217.26,210864.17,98353.09,31.81,Referral,Benin,Cash,Completed
ORD-02550,2025-11-07,CUST-0590,Hoodie,Fashion,1,37328.19,0,0.0,0.0,25285.03,0.0,0.0,Walk-in,Lagos,Cash,Cancelled
ORD-02365,2025-11-07,CUST-0137,Running Shoes,Fashion,1,62484.13,0,0.0,62484.13,44455.21,18028.92,28.85,Instagram,Abuja,Transfer,Completed
ORD-02421,2025-11-08,CUST-0316,Running Shoes,Fashion,1,59625.39,20,11925.08,47700.31,38215.96,9484.35,19.88,Website,Lagos,Cash,Completed
ORD-01212,2025-11-08,CUST-0499,Wireless Earbuds,Electronics,1,40688.27,0,0.0,40688.27,31873.3,8814.97,21.66,Instagram,Ibadan,USSD,Completed
ORD-02586,2025-11-08,CUST-0384,Hoodie,Fashion,1,38348.18,0,0.0,0.0,26221.12,0.0,0.0,Instagram,Ibadan,USSD,Cancelled
ORD-00837,2025-11-08,CUST-0132,Running Shoes,Fashion,1,64482.13,0,0.0,64482.13,48603.45,15878.68,24.62,Instagram,Ibadan,Card,Completed
ORD-01303,2025-11-10,CUST-0643,Skincare Set,Beauty,1,48832.72,0,0.0,48832.72,37071.87,11760.85,24.08,Walk-in,Enugu,Card,Completed
ORD-01807,2025-11-10,CUST-0525,Office Chair,Home & Office,1,102207.03,5,5110.35,97096.68,76734.08,20362.6,20.97,Website,Owerri,Transfer,Completed
ORD-02245,2025-11-11,CUST-0526,Skincare Set,Beauty,2,52232.26,0,0.0,104464.52,81401.9,23062.62,22.08,Walk-in,Ibadan,Cash,Completed
ORD-02903,2025-11-11,CUST-0065,Running Shoes,Fashion,1,62483.87,20,12496.77,49987.1,36166.39,13820.71,27.65,Referral,Enugu,Cash,Completed
ORD-00333,2025-11-11,CUST-0283,Power Bank,Electronics,2,26690.67,0,0.0,0.0,37682.91,0.0,0.0,Walk-in,Enugu,Cash,Cancelled
ORD-00993,2025-11-11,CUST-0097,Office Chair,Home & Office,3,104106.53,10,31231.96,281087.63,226737.93,54349.7,19.34,Referral,Abuja,USSD,Completed
ORD-01007,2025-11-11,CUST-0385,Running Shoes,Fashion,1,59843.76,0,0.0,59843.76,38107.29,21736.47,36.32,Walk-in,Enugu,Cash,Completed
ORD-00682,2025-11-11,CUST-0502,Office Chair,Home & Office,1,109394.3,0,0.0,0.0,70527.96,0.0,0.0,WhatsApp,Lagos,Cash,Cancelled
ORD-01387,2025-11-11,CUST-0107,Smart Watch,Electronics,1,70818.83,0,0.0,70818.83,52073.99,18744.84,26.47,Walk-in,Owerri,USSD,Completed
ORD-02026,2025-11-11,CUST-0443,Smart Watch,Electronics,1,74204.32,0,0.0,74204.32,47422.11,-7421.8,-10.0,Website,Enugu,USSD,Returned
ORD-00005,2025-11-12,CUST-0455,Smart Watch,Electronics,1,69102.49,0,0.0,69102.49,46174.64,22927.85,33.18,Referral,Ibadan,USSD,Completed
ORD-01773,2025-11-12,CUST-0062,Smart Watch,Electronics,3,77916.87,0,0.0,233750.61,160155.08,-22846.97,-9.77,WhatsApp,Enugu,Transfer,Returned
ORD-02527,2025-11-12,CUST-0147,Power Bank,Electronics,2,26441.78,0,0.0,52883.56,39444.1,13439.46,25.41,Walk-in,Lagos,USSD,Completed
ORD-00454,2025-11-12,CUST-0298,Hoodie,Fashion,1,38646.24,5,1932.31,36713.93,24424.11,12289.82,33.47,Website,Ibadan,USSD,Completed
ORD-02099,2025-11-13,CUST-0068,Skincare Set,Beauty,2,48968.15,0,0.0,97936.3,67352.7,-12984.62,-13.26,WhatsApp,Enugu,Card,Returned
ORD-01605,2025-11-13,CUST-0248,Laptop Backpack,Accessories,2,34521.18,10,6904.24,62138.12,39669.85,22468.27,36.16,Website,Port Harcourt,Card,Completed
ORD-01115,2025-11-13,CUST-0677,Running Shoes,Fashion,1,62368.51,10,6236.85,56131.66,45270.09,10861.57,19.35,Referral,Abuja,Cash,Completed
ORD-01801,2025-11-14,CUST-0113,Laptop Backpack,Accessories,3,32146.92,0,0.0,96440.76,78368.55,18072.21,18.74,WhatsApp,Owerri,USSD,Completed
ORD-01325,2025-11-14,CUST-0032,Perfume,Beauty,1,37801.74,5,1890.09,35911.65,25709.01,10202.64,28.41,WhatsApp,Owerri,USSD,Completed
ORD-02913,2025-11-14,CUST-0383,Sneakers,Fashion,2,69920.33,15,20976.1,118864.56,94082.82,24781.74,20.85,Instagram,Benin,USSD,Completed
ORD-02531,2025-11-14,CUST-0305,Wireless Earbuds,Electronics,1,40057.09,10,4005.71,36051.38,27632.29,8419.09,23.35,Walk-in,Abuja,Card,Completed
ORD-02456,2025-11-14,CUST-0155,Skincare Set,Beauty,1,55619.48,0,0.0,55619.48,36609.93,-6868.84,-12.35,Walk-in,Owerri,Cash,Returned
ORD-01324,2025-11-15,CUST-0013,Perfume,Beauty,1,38148.12,15,5722.22,32425.9,25017.6,7408.3,22.85,Referral,Port Harcourt,Transfer,Completed
ORD-00080,2025-11-15,CUST-0606,Running Shoes,Fashion,1,58622.9,0,0.0,58622.9,43452.49,15170.41,25.88,Website,Ibadan,Transfer,Completed
ORD-02541,2025-11-15,CUST-0167,Running Shoes,Fashion,1,59804.1,15,8970.62,50833.48,41363.46,9470.02,18.63,Referral,Benin,Cash,Completed
ORD-02579,2025-11-15,CUST-0617,Skincare Set,Beauty,1,53458.75,15,8018.81,45439.94,28217.66,17222.28,37.9,Walk-in,Owerri,Transfer,Completed
ORD-02291,2025-11-16,CUST-0265,Smart Watch,Electronics,1,71126.64,0,0.0,0.0,47669.16,0.0,0.0,Walk-in,Owerri,Transfer,Cancelled
ORD-02716,2025-11-16,CUST-0589,Water Bottle,Home & Office,2,17138.25,0,0.0,34276.5,23241.23,11035.27,32.19,Referral,Abuja,Card,Completed
ORD-00724,2025-11-16,CUST-0295,Power Bank,Electronics,4,25263.12,0,0.0,101052.48,72604.22,28448.26,28.15,Website,Lagos,USSD,Completed
ORD-01358,2025-11-16,CUST-0194,Wireless Earbuds,Electronics,2,41360.36,5,4136.04,78584.68,55376.05,-8323.74,-10.59,Instagram,Enugu,Transfer,Returned
ORD-02502,2025-11-17,CUST-0059,Office Chair,Home & Office,1,104387.77,0,0.0,104387.77,70695.58,33692.19,32.28,WhatsApp,Ibadan,Card,Completed
ORD-01003,2025-11-17,CUST-0392,Hoodie,Fashion,1,39697.23,0,0.0,39697.23,27222.34,-4872.45,-12.27,Referral,Ibadan,Cash,Returned
ORD-02132,2025-11-17,CUST-0072,Sneakers,Fashion,2,66373.51,0,0.0,132747.02,83905.29,-21740.15,-16.38,Referral,Owerri,Transfer,Returned
ORD-01188,2025-11-17,CUST-0553,Smart Watch,Electronics,2,74193.96,15,22258.19,126129.73,83610.34,42519.39,33.71,Referral,Port Harcourt,Card,Completed
ORD-01827,2025-11-17,CUST-0628,Perfume,Beauty,2,35491.3,0,0.0,70982.6,49119.58,21863.02,30.8,Walk-in,Abuja,Cash,Completed
ORD-01889,2025-11-18,CUST-0096,Sneakers,Fashion,1,66450.15,0,0.0,66450.15,49323.99,17126.16,25.77,Instagram,Benin,Transfer,Completed
ORD-01423,2025-11-18,CUST-0322,Perfume,Beauty,1,35439.49,0,0.0,35439.49,23196.26,12243.23,34.55,Referral,Port Harcourt,Transfer,Completed
ORD-02239,2025-11-18,CUST-0168,Power Bank,Electronics,1,26750.64,0,0.0,26750.64,17387.47,9363.17,35.0,Instagram,Ibadan,Card,Completed
ORD-00595,2025-11-18,CUST-0329,Power Bank,Electronics,3,25238.57,0,0.0,75715.71,61492.46,14223.25,18.79,Website,Port Harcourt,Cash,Completed
ORD-00369,2025-11-19,CUST-0507,Power Bank,Electronics,1,27634.15,0,0.0,27634.15,21038.62,6595.53,23.87,Referral,Owerri,Cash,Completed
ORD-02023,2025-11-19,CUST-0248,Perfume,Beauty,1,35037.42,0,0.0,0.0,22501.36,0.0,0.0,Referral,Ibadan,USSD,Cancelled
ORD-00493,2025-11-19,CUST-0537,Office Chair,Home & Office,1,113488.6,0,0.0,0.0,79286.48,0.0,0.0,Referral,Enugu,Transfer,Cancelled
ORD-00803,2025-11-19,CUST-0146,Smart Watch,Electronics,1,74630.13,0,0.0,74630.13,54627.62,20002.51,26.8,Website,Ibadan,USSD,Completed
ORD-02596,2025-11-20,CUST-0444,Power Bank,Electronics,1,26516.28,0,0.0,26516.28,21463.49,5052.79,19.06,Walk-in,Owerri,USSD,Completed
ORD-00901,2025-11-20,CUST-0443,Laptop Backpack,Accessories,1,33035.9,15,4955.38,28080.52,18269.94,9810.58,34.94,Website,Lagos,USSD,Completed
ORD-02561,2025-11-20,CUST-0506,Skincare Set,Beauty,1,52188.92,0,0.0,52188.92,37536.42,14652.5,28.08,Instagram,Owerri,Transfer,Completed
ORD-02042,2025-11-20,CUST-0666,Sneakers,Fashion,2,68596.78,10,13719.36,0.0,78996.1,0.0,0.0,Referral,Lagos,Cash,Cancelled
ORD-00261,2025-11-20,CUST-0113,Wireless Earbuds,Electronics,1,39488.8,0,0.0,39488.8,27791.81,11696.99,29.62,Website,Owerri,Transfer,Completed
ORD-00088,2025-11-20,CUST-0283,Water Bottle,Home & Office,2,16071.17,0,0.0,32142.34,23563.6,8578.74,26.69,Walk-in,Owerri,Cash,Completed
ORD-02435,2025-11-20,CUST-0542,Sneakers,Fashion,2,68171.21,5,6817.12,129525.3,83456.06,46069.24,35.57,Website,Port Harcourt,Cash,Completed
ORD-02604,2025-11-20,CUST-0625,Desk Lamp,Home & Office,1,30223.87,10,3022.39,27201.48,21641.81,5559.67,20.44,WhatsApp,Lagos,Cash,Completed
ORD-00608,2025-11-21,CUST-0483,Office Chair,Home & Office,1,110385.17,0,0.0,110385.17,87562.53,22822.64,20.68,WhatsApp,Owerri,Card,Completed
ORD-01426,2025-11-21,CUST-0360,Running Shoes,Fashion,2,63789.55,5,6378.96,121200.14,91320.96,29879.18,24.65,Website,Ibadan,USSD,Completed
ORD-02567,2025-11-21,CUST-0463,Office Chair,Home & Office,2,114268.86,5,11426.89,217110.83,170221.15,-9214.34,-4.24,WhatsApp,Abuja,USSD,Returned
ORD-00639,2025-11-21,CUST-0068,Power Bank,Electronics,1,27376.06,0,0.0,27376.06,17507.59,9868.47,36.05,Referral,Owerri,Card,Completed
ORD-01030,2025-11-21,CUST-0168,Office Chair,Home & Office,3,103587.68,0,0.0,310763.04,194131.12,-39410.38,-12.68,Walk-in,Owerri,Transfer,Returned
ORD-00252,2025-11-21,CUST-0324,Laptop Backpack,Accessories,1,33498.93,5,1674.95,31823.98,23073.91,8750.07,27.5,WhatsApp,Lagos,Transfer,Completed
ORD-00872,2025-11-21,CUST-0377,Running Shoes,Fashion,4,60132.78,0,0.0,240531.12,189750.3,50780.82,21.11,Website,Port Harcourt,USSD,Completed
ORD-00588,2025-11-21,CUST-0522,Sneakers,Fashion,4,68882.0,0,0.0,275528.0,219934.17,55593.83,20.18,WhatsApp,Owerri,USSD,Completed
ORD-01649,2025-11-22,CUST-0278,Office Chair,Home & Office,2,103103.39,0,0.0,206206.78,164313.58,-14615.69,-7.09,Walk-in,Port Harcourt,Cash,Returned
ORD-02038,2025-11-23,CUST-0533,Water Bottle,Home & Office,1,16445.64,0,0.0,16445.64,11458.42,4987.22,30.33,WhatsApp,Port Harcourt,Card,Completed
ORD-02884,2025-11-23,CUST-0333,Running Shoes,Fashion,2,64075.01,15,19222.5,108927.52,74862.28,34065.24,31.27,Walk-in,Port Harcourt,Card,Completed
ORD-02601,2025-11-23,CUST-0243,Wireless Earbuds,Electronics,1,39416.64,20,7883.33,31533.31,21068.19,10465.12,33.19,Referral,Port Harcourt,Transfer,Completed
ORD-01877,2025-11-23,CUST-0163,Office Chair,Home & Office,1,110408.95,0,0.0,110408.95,76465.26,33943.69,30.74,Website,Owerri,USSD,Completed
ORD-02360,2025-11-23,CUST-0283,Hoodie,Fashion,1,40434.77,10,4043.48,36391.29,28621.69,7769.6,21.35,Walk-in,Abuja,Transfer,Completed
ORD-02270,2025-11-24,CUST-0524,Water Bottle,Home & Office,1,17836.5,0,0.0,17836.5,11827.06,6009.44,33.69,Referral,Abuja,Transfer,Completed
ORD-00814,2025-11-24,CUST-0449,Wireless Earbuds,Electronics,3,42319.62,5,6347.94,120610.92,76660.15,43950.77,36.44,Website,Lagos,USSD,Completed
ORD-00752,2025-11-24,CUST-0504,Wireless Earbuds,Electronics,2,40256.7,0,0.0,80513.4,50095.65,30417.75,37.78,Referral,Ibadan,USSD,Completed
ORD-01581,2025-11-24,CUST-0483,Smart Watch,Electronics,2,73043.68,0,0.0,146087.36,92343.35,-10933.63,-7.48,Referral,Abuja,Transfer,Returned
ORD-00471,2025-11-24,CUST-0666,Desk Lamp,Home & Office,1,30432.99,0,0.0,30432.99,24393.47,6039.52,19.85,Referral,Port Harcourt,Cash,Completed
ORD-00783,2025-11-25,CUST-0013,Office Chair,Home & Office,1,112390.66,5,5619.53,106771.13,66647.77,40123.36,37.58,Referral,Port Harcourt,Cash,Completed
ORD-00126,2025-11-25,CUST-0541,Laptop Backpack,Accessories,1,31798.79,15,4769.82,27028.97,18193.74,8835.23,32.69,Website,Port Harcourt,Card,Completed
ORD-00194,2025-11-25,CUST-0615,Water Bottle,Home & Office,1,16376.63,5,818.83,15557.8,9839.66,5718.14,36.75,Website,Ibadan,Cash,Completed
ORD-01119,2025-11-25,CUST-0465,Hoodie,Fashion,1,41923.3,5,2096.16,39827.14,31750.79,8076.35,20.28,WhatsApp,Abuja,Cash,Completed
ORD-00562,2025-11-26,CUST-0002,Smart Watch,Electronics,1,73419.35,0,0.0,73419.35,45883.64,27535.71,37.5,Instagram,Port Harcourt,USSD,Completed
ORD-02498,2025-11-26,CUST-0223,Wireless Earbuds,Electronics,1,43077.0,0,0.0,43077.0,28068.92,-4698.93,-10.91,WhatsApp,Benin,Card,Returned
ORD-00925,2025-11-26,CUST-0647,Power Bank,Electronics,1,25654.82,0,0.0,25654.82,16825.95,8828.87,34.41,WhatsApp,Benin,Transfer,Completed
ORD-02868,2025-11-26,CUST-0395,Hoodie,Fashion,1,40362.36,0,0.0,40362.36,29000.45,11361.91,28.15,Walk-in,Abuja,Cash,Completed
ORD-01769,2025-11-26,CUST-0381,Laptop Backpack,Accessories,1,32005.65,10,3200.56,28805.09,21117.2,7687.89,26.69,Walk-in,Benin,Cash,Completed
ORD-00764,2025-11-26,CUST-0178,Running Shoes,Fashion,1,61515.11,0,0.0,61515.11,40100.41,21414.7,34.81,Instagram,Abuja,Transfer,Completed
ORD-01457,2025-11-26,CUST-0082,Smart Watch,Electronics,3,77036.48,0,0.0,231109.44,143450.13,87659.31,37.93,Instagram,Abuja,Cash,Completed
ORD-00441,2025-11-27,CUST-0364,Wireless Earbuds,Electronics,1,42557.01,5,2127.85,40429.16,32721.39,7707.77,19.06,WhatsApp,Benin,Cash,Completed
ORD-00960,2025-11-27,CUST-0415,Running Shoes,Fashion,1,61590.11,0,0.0,0.0,38202.57,0.0,0.0,Instagram,Benin,Transfer,Cancelled
ORD-02381,2025-11-27,CUST-0448,Desk Lamp,Home & Office,1,30266.93,0,0.0,30266.93,22788.74,7478.19,24.71,Instagram,Port Harcourt,Transfer,Completed
ORD-01611,2025-11-27,CUST-0553,Running Shoes,Fashion,1,59461.21,0,0.0,59461.21,44953.4,14507.81,24.4,Referral,Ibadan,Cash,Completed
ORD-02895,2025-11-27,CUST-0547,Power Bank,Electronics,1,25648.79,10,2564.88,23083.91,17906.53,-1643.79,-7.12,Walk-in,Owerri,USSD,Returned
ORD-00127,2025-11-28,CUST-0038,Office Chair,Home & Office,2,113542.68,0,0.0,227085.36,144743.61,82341.75,36.26,WhatsApp,Ibadan,USSD,Completed
ORD-02901,2025-11-28,CUST-0415,Wireless Earbuds,Electronics,1,39711.56,0,0.0,39711.56,31410.8,8300.76,20.9,Walk-in,Abuja,Cash,Completed
ORD-01090,2025-11-28,CUST-0458,Running Shoes,Fashion,1,61444.19,10,6144.42,55299.77,40647.63,-3579.83,-6.47,Website,Lagos,USSD,Returned
ORD-00905,2025-11-28,CUST-0228,Skincare Set,Beauty,1,55378.31,0,0.0,55378.31,36533.55,18844.76,34.03,Instagram,Abuja,Card,Completed
ORD-02210,2025-11-28,CUST-0021,Laptop Backpack,Accessories,1,34526.25,0,0.0,0.0,26341.94,0.0,0.0,WhatsApp,Abuja,Transfer,Cancelled
ORD-01724,2025-11-29,CUST-0080,Skincare Set,Beauty,2,52425.83,0,0.0,104851.66,76390.67,28460.99,27.14,Website,Enugu,USSD,Completed
ORD-00732,2025-11-29,CUST-0401,Running Shoes,Fashion,1,58615.62,5,2930.78,55684.84,42465.42,13219.42,23.74,Walk-in,Owerri,Card,Completed
ORD-02355,2025-11-29,CUST-0618,Skincare Set,Beauty,1,55416.39,15,8312.46,47103.93,34894.69,12209.24,25.92,WhatsApp,Port Harcourt,Card,Completed
ORD-01184,2025-11-29,CUST-0413,Smart Watch,Electronics,1,72423.48,0,0.0,72423.48,57521.44,-6766.5,-9.34,WhatsApp,Port Harcourt,Card,Returned
ORD-00489,2025-11-29,CUST-0428,Running Shoes,Fashion,1,59396.07,0,0.0,59396.07,39026.51,20369.56,34.29,Website,Abuja,Cash,Completed
ORD-00711,2025-11-29,CUST-0626,Sneakers,Fashion,1,73040.59,15,10956.09,0.0,45217.34,0.0,0.0,Referral,Owerri,Cash,Cancelled
ORD-01664,2025-11-30,CUST-0530,Perfume,Beauty,1,38302.01,0,0.0,38302.01,24272.76,14029.25,36.63,Walk-in,Ibadan,USSD,Completed
ORD-01543,2025-11-30,CUST-0595,Running Shoes,Fashion,1,63222.1,0,0.0,63222.1,50685.09,12537.01,19.83,Website,Benin,Transfer,Completed
ORD-00159,2025-11-30,CUST-0198,Smart Watch,Electronics,1,72757.58,0,0.0,72757.58,54422.71,18334.87,25.2,Walk-in,Ibadan,Cash,Completed
ORD-02203,2025-11-30,CUST-0342,Skincare Set,Beauty,1,54671.43,0,0.0,54671.43,40462.96,-5003.33,-9.15,Instagram,Benin,USSD,Returned
ORD-02131,2025-11-30,CUST-0494,Running Shoes,Fashion,1,59910.37,0,0.0,59910.37,48769.86,11140.51,18.6,Instagram,Ibadan,USSD,Completed
ORD-00553,2025-11-30,CUST-0575,Desk Lamp,Home & Office,1,29455.52,0,0.0,29455.52,18420.7,11034.82,37.46,WhatsApp,Owerri,USSD,Completed
ORD-01402,2025-12-01,CUST-0293,Laptop Backpack,Accessories,1,31970.7,0,0.0,31970.7,25869.7,-1463.38,-4.58,Walk-in,Ibadan,Card,Returned
ORD-00153,2025-12-01,CUST-0268,Smart Watch,Electronics,2,77293.87,20,30917.55,0.0,83696.39,0.0,0.0,WhatsApp,Ibadan,Transfer,Cancelled
ORD-02743,2025-12-01,CUST-0634,Desk Lamp,Home & Office,1,27800.29,5,1390.01,26410.28,21208.35,-1653.61,-6.26,Instagram,Owerri,Cash,Returned
ORD-01918,2025-12-02,CUST-0019,Water Bottle,Home & Office,2,18048.24,0,0.0,36096.48,25060.1,-5335.84,-14.78,Referral,Benin,Cash,Returned
ORD-01050,2025-12-02,CUST-0603,Power Bank,Electronics,2,26590.46,0,0.0,53180.92,39141.57,14039.35,26.4,Website,Enugu,Cash,Completed
ORD-01978,2025-12-02,CUST-0693,Skincare Set,Beauty,1,56222.5,10,5622.25,50600.25,37118.54,-5781.07,-11.42,Referral,Abuja,Card,Returned
ORD-00864,2025-12-02,CUST-0485,Hoodie,Fashion,1,40888.36,5,2044.42,38843.94,28587.85,10256.09,26.4,Instagram,Benin,USSD,Completed
ORD-01042,2025-12-03,CUST-0005,Perfume,Beauty,1,38111.32,0,0.0,38111.32,30372.24,7739.08,20.31,Instagram,Port Harcourt,Cash,Completed
ORD-00824,2025-12-03,CUST-0566,Sneakers,Fashion,1,68691.24,0,0.0,68691.24,51977.76,16713.48,24.33,Instagram,Ibadan,Cash,Completed
ORD-01149,2025-12-03,CUST-0670,Office Chair,Home & Office,2,105781.04,0,0.0,211562.08,149272.68,62289.4,29.44,WhatsApp,Benin,Transfer,Completed
ORD-01076,2025-12-03,CUST-0557,Desk Lamp,Home & Office,4,31022.84,10,12409.14,111682.22,84618.8,27063.42,24.23,Instagram,Port Harcourt,Card,Completed
ORD-00198,2025-12-04,CUST-0308,Running Shoes,Fashion,3,63189.33,0,0.0,0.0,138307.27,0.0,0.0,Walk-in,Abuja,Transfer,Cancelled
ORD-01060,2025-12-04,CUST-0438,Office Chair,Home & Office,1,108744.28,0,0.0,108744.28,84914.5,23829.78,21.91,Website,Enugu,Cash,Completed
ORD-02962,2025-12-04,CUST-0198,Water Bottle,Home & Office,2,16562.17,0,0.0,33124.34,24479.53,8644.81,26.1,Walk-in,Abuja,Transfer,Completed
ORD-02351,2025-12-05,CUST-0694,Water Bottle,Home & Office,1,16687.1,10,1668.71,15018.39,11927.12,3091.27,20.58,WhatsApp,Lagos,Cash,Completed
ORD-01997,2025-12-05,CUST-0076,Power Bank,Electronics,1,25717.66,0,0.0,0.0,18589.69,0.0,0.0,Walk-in,Benin,Card,Cancelled
ORD-01237,2025-12-05,CUST-0036,Skincare Set,Beauty,2,51522.67,0,0.0,103045.34,67101.45,-11761.92,-11.41,Walk-in,Port Harcourt,Transfer,Returned
ORD-00861,2025-12-05,CUST-0624,Hoodie,Fashion,2,41163.51,10,8232.7,74094.32,46433.82,-8381.41,-11.31,Walk-in,Benin,Cash,Returned
ORD-01388,2025-12-05,CUST-0034,Water Bottle,Home & Office,1,18698.93,0,0.0,18698.93,11971.52,6727.41,35.98,Website,Lagos,Transfer,Completed
ORD-00389,2025-12-06,CUST-0239,Laptop Backpack,Accessories,1,35073.32,0,0.0,35073.32,25263.84,9809.48,27.97,WhatsApp,Ibadan,Cash,Completed
ORD-01934,2025-12-06,CUST-0636,Sneakers,Fashion,2,71282.51,5,7128.25,135436.77,95708.28,39728.49,29.33,Instagram,Owerri,USSD,Completed
ORD-00488,2025-12-06,CUST-0496,Laptop Backpack,Accessories,1,31924.19,0,0.0,31924.19,23115.98,8808.21,27.59,Website,Owerri,Transfer,Completed
ORD-00331,2025-12-06,CUST-0183,Laptop Backpack,Accessories,1,32364.99,5,1618.25,0.0,23189.53,0.0,0.0,Website,Lagos,Cash,Cancelled
ORD-01276,2025-12-07,CUST-0631,Power Bank,Electronics,2,26461.53,15,7938.46,44984.6,32659.62,12324.98,27.4,Website,Ibadan,USSD,Completed
ORD-00914,2025-12-07,CUST-0394,Perfume,Beauty,1,34607.66,0,0.0,0.0,21934.27,0.0,0.0,Referral,Lagos,USSD,Cancelled
ORD-02674,2025-12-07,CUST-0549,Desk Lamp,Home & Office,1,27564.09,0,0.0,27564.09,21803.73,-943.25,-3.42,Walk-in,Owerri,Cash,Returned
ORD-00670,2025-12-07,CUST-0454,Laptop Backpack,Accessories,1,32185.76,5,1609.29,30576.47,22034.75,8541.72,27.94,Website,Lagos,Cash,Completed
ORD-00096,2025-12-08,CUST-0318,Water Bottle,Home & Office,1,16848.47,0,0.0,16848.47,11490.44,-2210.11,-13.12,Walk-in,Lagos,Card,Returned
ORD-01447,2025-12-08,CUST-0185,Perfume,Beauty,1,34909.83,0,0.0,34909.83,23636.03,11273.8,32.29,Referral,Lagos,Card,Completed
ORD-00855,2025-12-08,CUST-0095,Desk Lamp,Home & Office,2,30392.56,5,3039.26,0.0,44075.4,0.0,0.0,Walk-in,Lagos,Cash,Cancelled
ORD-00972,2025-12-08,CUST-0348,Wireless Earbuds,Electronics,1,38621.85,15,5793.28,32828.57,23082.94,9745.63,29.69,Website,Abuja,Transfer,Completed
ORD-02720,2025-12-08,CUST-0187,Smart Watch,Electronics,2,72071.65,10,14414.33,129728.97,99814.37,-8444.5,-6.51,Referral,Port Harcourt,Cash,Returned
ORD-00225,2025-12-08,CUST-0205,Water Bottle,Home & Office,1,17071.08,10,1707.11,15363.97,12521.13,-853.17,-5.55,Referral,Lagos,Card,Returned
ORD-02454,2025-12-08,CUST-0322,Office Chair,Home & Office,1,107294.77,0,0.0,107294.77,80673.62,26621.15,24.81,Walk-in,Port Harcourt,Transfer,Completed
ORD-00928,2025-12-08,CUST-0343,Running Shoes,Fashion,1,60988.75,0,0.0,60988.75,41932.79,19055.96,31.25,Instagram,Port Harcourt,Transfer,Completed
ORD-01850,2025-12-08,CUST-0042,Sneakers,Fashion,1,68789.59,20,13757.92,0.0,38171.82,0.0,0.0,Website,Benin,Card,Cancelled
ORD-01253,2025-12-09,CUST-0623,Hoodie,Fashion,2,39859.47,0,0.0,79718.94,62850.01,-4107.1,-5.15,Instagram,Port Harcourt,Card,Returned
ORD-02717,2025-12-09,CUST-0682,Office Chair,Home & Office,4,119517.86,0,0.0,478071.44,368108.18,109963.26,23.0,Website,Abuja,Card,Completed
ORD-02466,2025-12-09,CUST-0459,Sneakers,Fashion,2,74684.07,0,0.0,149368.14,101687.55,-16816.9,-11.26,Instagram,Ibadan,USSD,Returned
ORD-01378,2025-12-09,CUST-0391,Smart Watch,Electronics,2,71671.22,0,0.0,143342.44,92558.7,-24619.82,-17.18,WhatsApp,Owerri,Card,Returned
ORD-00009,2025-12-10,CUST-0419,Wireless Earbuds,Electronics,1,38394.5,10,3839.45,34555.05,26309.23,8245.82,23.86,Website,Port Harcourt,Card,Completed
ORD-02484,2025-12-10,CUST-0353,Perfume,Beauty,1,35655.99,15,5348.4,30307.59,19688.34,10619.25,35.04,Website,Lagos,USSD,Completed
ORD-01609,2025-12-10,CUST-0544,Skincare Set,Beauty,3,57123.58,0,0.0,171370.74,131462.64,39908.1,23.29,Referral,Benin,USSD,Completed
ORD-02191,2025-12-10,CUST-0671,Perfume,Beauty,1,38591.98,0,0.0,38591.98,24594.55,13997.43,36.27,Referral,Enugu,Cash,Completed
ORD-02665,2025-12-10,CUST-0082,Laptop Backpack,Accessories,1,35468.54,0,0.0,35468.54,26135.72,-2476.96,-6.98,Website,Benin,Cash,Returned
ORD-02174,2025-12-10,CUST-0569,Skincare Set,Beauty,1,52687.42,0,0.0,52687.42,37462.71,15224.71,28.9,Website,Benin,Card,Completed
ORD-02336,2025-12-11,CUST-0444,Perfume,Beauty,1,35335.82,5,1766.79,0.0,27477.84,0.0,0.0,Instagram,Benin,Card,Cancelled
ORD-02706,2025-12-11,CUST-0288,Sneakers,Fashion,1,71799.78,0,0.0,71799.78,56833.45,-5308.15,-7.39,WhatsApp,Enugu,Cash,Returned
ORD-01367,2025-12-11,CUST-0139,Skincare Set,Beauty,1,57625.18,0,0.0,0.0,38172.36,0.0,0.0,Referral,Owerri,Transfer,Cancelled
ORD-01123,2025-12-12,CUST-0004,Perfume,Beauty,1,35406.32,0,0.0,35406.32,22132.12,13274.2,37.49,Website,Ibadan,USSD,Completed
ORD-02758,2025-12-12,CUST-0288,Water Bottle,Home & Office,1,17976.53,5,898.83,17077.7,10850.14,-1551.52,-9.09,Referral,Benin,Card,Returned
ORD-00917,2025-12-12,CUST-0080,Wireless Earbuds,Electronics,1,38800.65,0,0.0,38800.65,25279.87,13520.78,34.85,Walk-in,Ibadan,USSD,Completed
ORD-01190,2025-12-12,CUST-0583,Office Chair,Home & Office,1,119157.65,0,0.0,119157.65,87913.17,31244.48,26.22,Instagram,Enugu,Card,Completed
ORD-00625,2025-12-12,CUST-0656,Hoodie,Fashion,1,38792.39,0,0.0,38792.39,29225.69,9566.7,24.66,Walk-in,Port Harcourt,USSD,Completed
ORD-00069,2025-12-12,CUST-0214,Smart Watch,Electronics,1,74947.6,0,0.0,74947.6,47850.9,27096.7,36.15,WhatsApp,Benin,USSD,Completed
ORD-02067,2025-12-13,CUST-0412,Laptop Backpack,Accessories,1,33994.58,20,6798.92,0.0,21658.03,0.0,0.0,WhatsApp,Enugu,Transfer,Cancelled
ORD-01545,2025-12-14,CUST-0356,Running Shoes,Fashion,1,61837.21,0,0.0,61837.21,39255.73,-10433.52,-16.87,Website,Benin,USSD,Returned
ORD-02642,2025-12-14,CUST-0630,Wireless Earbuds,Electronics,2,43307.25,0,0.0,0.0,67275.86,0.0,0.0,Referral,Lagos,Transfer,Cancelled
ORD-02426,2025-12-14,CUST-0637,Perfume,Beauty,2,38942.08,0,0.0,0.0,61461.9,0.0,0.0,WhatsApp,Owerri,Card,Cancelled
ORD-00452,2025-12-14,CUST-0108,Wireless Earbuds,Electronics,2,43054.69,10,8610.94,77498.44,57387.13,20111.31,25.95,WhatsApp,Abuja,Cash,Completed
ORD-02970,2025-12-14,CUST-0137,Desk Lamp,Home & Office,2,30561.96,0,0.0,61123.92,46293.89,14830.03,24.26,WhatsApp,Ibadan,Card,Completed
ORD-00099,2025-12-15,CUST-0328,Perfume,Beauty,1,36098.05,0,0.0,0.0,27231.59,0.0,0.0,Website,Benin,Card,Cancelled
ORD-01038,2025-12-15,CUST-0413,Laptop Backpack,Accessories,3,35642.7,0,0.0,106928.1,84394.46,22533.64,21.07,Referral,Owerri,USSD,Completed
ORD-01467,2025-12-15,CUST-0142,Office Chair,Home & Office,1,112622.05,0,0.0,112622.05,81585.07,31036.98,27.56,Referral,Abuja,USSD,Completed
ORD-00403,2025-12-15,CUST-0596,Running Shoes,Fashion,1,65759.63,0,0.0,65759.63,43640.82,22118.81,33.64,Referral,Ibadan,Card,Completed
ORD-01484,2025-12-16,CUST-0459,Water Bottle,Home & Office,1,18967.27,0,0.0,18967.27,13347.67,5619.6,29.63,Instagram,Abuja,USSD,Completed
ORD-02224,2025-12-16,CUST-0133,Wireless Earbuds,Electronics,1,40228.07,15,6034.21,34193.86,21523.27,-2092.02,-6.12,Website,Owerri,Card,Returned
ORD-02602,2025-12-16,CUST-0229,Laptop Backpack,Accessories,3,34236.98,10,10271.09,92439.85,62053.55,30386.3,32.87,WhatsApp,Abuja,USSD,Completed
ORD-02961,2025-12-16,CUST-0616,Water Bottle,Home & Office,1,18791.9,5,939.6,17852.3,11882.14,5970.16,33.44,WhatsApp,Abuja,USSD,Completed
ORD-02953,2025-12-16,CUST-0231,Smart Watch,Electronics,1,81320.91,0,0.0,81320.91,62171.8,19149.11,23.55,Walk-in,Lagos,Cash,Completed
ORD-02089,2025-12-16,CUST-0356,Power Bank,Electronics,1,26133.88,0,0.0,26133.88,16769.82,9364.06,35.83,Walk-in,Benin,Card,Completed
ORD-02083,2025-12-16,CUST-0074,Desk Lamp,Home & Office,1,31571.72,5,1578.59,29993.13,19259.2,-2976.94,-9.93,WhatsApp,Lagos,Transfer,Returned
ORD-02683,2025-12-16,CUST-0033,Laptop Backpack,Accessories,1,35529.25,0,0.0,35529.25,23621.42,11907.83,33.52,WhatsApp,Owerri,Transfer,Completed
ORD-01319,2025-12-16,CUST-0285,Perfume,Beauty,1,40166.03,20,8033.21,32132.82,20660.03,11472.79,35.7,Referral,Port Harcourt,USSD,Completed
ORD-02882,2025-12-16,CUST-0280,Water Bottle,Home & Office,1,18859.93,15,2828.99,0.0,12713.32,0.0,0.0,Walk-in,Ibadan,USSD,Cancelled
ORD-02503,2025-12-17,CUST-0114,Running Shoes,Fashion,2,64874.3,0,0.0,129748.6,94107.35,35641.25,27.47,Instagram,Enugu,Cash,Completed
ORD-00207,2025-12-17,CUST-0665,Water Bottle,Home & Office,1,16705.04,0,0.0,16705.04,12356.82,4348.22,26.03,WhatsApp,Enugu,USSD,Completed
ORD-02061,2025-12-17,CUST-0060,Power Bank,Electronics,1,27255.94,0,0.0,27255.94,17624.16,9631.78,35.34,Instagram,Port Harcourt,Cash,Completed
ORD-00343,2025-12-18,CUST-0595,Hoodie,Fashion,1,40344.83,0,0.0,40344.83,32002.29,8342.54,20.68,Instagram,Lagos,Transfer,Completed
ORD-00787,2025-12-18,CUST-0483,Wireless Earbuds,Electronics,2,39561.65,0,0.0,79123.3,62181.88,16941.42,21.41,WhatsApp,Benin,Card,Completed
ORD-01764,2025-12-18,CUST-0185,Water Bottle,Home & Office,1,18572.81,0,0.0,18572.81,12466.47,6106.34,32.88,Referral,Abuja,Cash,Completed
ORD-02035,2025-12-19,CUST-0548,Perfume,Beauty,1,38442.89,0,0.0,38442.89,24899.11,-4160.59,-10.82,Referral,Owerri,Cash,Returned
ORD-01830,2025-12-19,CUST-0538,Desk Lamp,Home & Office,1,29521.86,0,0.0,29521.86,21775.87,7745.99,26.24,Website,Enugu,Card,Completed
ORD-01704,2025-12-20,CUST-0574,Desk Lamp,Home & Office,1,31646.34,0,0.0,0.0,20433.23,0.0,0.0,Referral,Owerri,Card,Cancelled
ORD-00902,2025-12-20,CUST-0042,Desk Lamp,Home & Office,1,30806.46,5,1540.32,29266.14,23022.33,-2149.78,-7.35,Walk-in,Lagos,Cash,Returned
ORD-01858,2025-12-21,CUST-0692,Hoodie,Fashion,1,40179.11,0,0.0,40179.11,30515.13,9663.98,24.05,Website,Benin,Card,Completed
ORD-00431,2025-12-21,CUST-0187,Laptop Backpack,Accessories,1,35715.31,5,1785.77,33929.54,21512.06,-2652.65,-7.82,Referral,Enugu,USSD,Returned
ORD-00396,2025-12-21,CUST-0439,Water Bottle,Home & Office,1,17900.63,0,0.0,17900.63,12743.76,5156.87,28.81,Instagram,Ibadan,USSD,Completed
ORD-02382,2025-12-21,CUST-0094,Running Shoes,Fashion,2,62346.24,0,0.0,124692.48,96252.14,28440.34,22.81,Referral,Port Harcourt,Transfer,Completed
ORD-02004,2025-12-21,CUST-0381,Power Bank,Electronics,1,27158.95,0,0.0,27158.95,17171.04,9987.91,36.78,Instagram,Abuja,USSD,Completed
ORD-01465,2025-12-21,CUST-0580,Perfume,Beauty,2,36356.23,20,14542.49,0.0,36671.39,0.0,0.0,Instagram,Abuja,USSD,Cancelled
ORD-02521,2025-12-21,CUST-0420,Wireless Earbuds,Electronics,1,43314.87,0,0.0,43314.87,27089.84,16225.03,37.46,WhatsApp,Ibadan,USSD,Completed
ORD-00150,2025-12-22,CUST-0662,Perfume,Beauty,2,37557.61,0,0.0,75115.22,49000.25,-10490.92,-13.97,Walk-in,Lagos,Cash,Returned
ORD-01385,2025-12-22,CUST-0460,Laptop Backpack,Accessories,2,35112.36,20,14044.94,56179.78,36179.29,20000.49,35.6,Website,Benin,USSD,Completed
ORD-01763,2025-12-22,CUST-0455,Sneakers,Fashion,1,76767.85,0,0.0,76767.85,58077.06,18690.79,24.35,Website,Port Harcourt,Cash,Completed
ORD-02462,2025-12-22,CUST-0447,Office Chair,Home & Office,2,114303.23,0,0.0,228606.46,187241.5,41364.96,18.09,Walk-in,Benin,Cash,Completed
ORD-00750,2025-12-22,CUST-0299,Water Bottle,Home & Office,3,16956.4,0,0.0,50869.2,38751.14,12118.06,23.82,Website,Enugu,Cash,Completed
ORD-02828,2025-12-23,CUST-0563,Perfume,Beauty,1,40093.78,5,2004.69,38089.09,25489.67,12599.42,33.08,Website,Benin,Cash,Completed
ORD-00312,2025-12-23,CUST-0571,Skincare Set,Beauty,3,52473.26,0,0.0,157419.78,98010.49,-12864.35,-8.17,Walk-in,Abuja,Card,Returned
ORD-00577,2025-12-23,CUST-0197,Wireless Earbuds,Electronics,1,42177.23,15,6326.58,35850.65,25009.22,10841.43,30.24,Instagram,Enugu,Transfer,Completed
ORD-02967,2025-12-23,CUST-0535,Power Bank,Electronics,1,27180.23,0,0.0,27180.23,22025.32,5154.91,18.97,Website,Abuja,USSD,Completed
ORD-02312,2025-12-24,CUST-0665,Laptop Backpack,Accessories,4,35942.94,0,0.0,143771.76,97214.46,-21972.57,-15.28,WhatsApp,Benin,USSD,Returned
ORD-01518,2025-12-24,CUST-0514,Laptop Backpack,Accessories,1,33230.15,0,0.0,33230.15,25698.28,7531.87,22.67,Website,Owerri,Transfer,Completed
ORD-01665,2025-12-24,CUST-0034,Water Bottle,Home & Office,1,17157.9,0,0.0,17157.9,11341.69,5816.21,33.9,Website,Owerri,Transfer,Completed
ORD-02954,2025-12-25,CUST-0271,Water Bottle,Home & Office,1,17768.0,0,0.0,17768.0,11360.6,6407.4,36.06,Referral,Abuja,Transfer,Completed
ORD-01794,2025-12-26,CUST-0396,Wireless Earbuds,Electronics,2,39344.68,0,0.0,78689.36,64329.9,14359.46,18.25,Referral,Lagos,USSD,Completed
ORD-01260,2025-12-26,CUST-0662,Office Chair,Home & Office,1,117192.01,0,0.0,117192.01,87020.27,30171.74,25.75,Walk-in,Ibadan,Transfer,Completed
ORD-02916,2025-12-26,CUST-0251,Hoodie,Fashion,1,39789.1,20,7957.82,31831.28,24454.34,7376.94,23.18,Referral,Abuja,USSD,Completed
ORD-02399,2025-12-26,CUST-0474,Power Bank,Electronics,4,27539.75,0,0.0,110159.0,89920.32,20238.68,18.37,Instagram,Lagos,USSD,Completed
ORD-00307,2025-12-26,CUST-0102,Laptop Backpack,Accessories,1,35954.26,0,0.0,35954.26,24773.87,11180.39,31.1,Referral,Lagos,Cash,Completed
ORD-00205,2025-12-26,CUST-0590,Skincare Set,Beauty,4,56447.71,0,0.0,225790.84,151524.33,74266.51,32.89,Website,Lagos,Card,Completed
ORD-02847,2025-12-27,CUST-0093,Power Bank,Electronics,1,29640.92,0,0.0,29640.92,21935.13,7705.79,26.0,Walk-in,Benin,Cash,Completed
ORD-02729,2025-12-27,CUST-0350,Smart Watch,Electronics,2,75231.81,0,0.0,150463.62,106755.34,43708.28,29.05,Website,Port Harcourt,Transfer,Completed
ORD-00455,2025-12-27,CUST-0363,Hoodie,Fashion,1,39613.22,0,0.0,39613.22,29361.29,10251.93,25.88,WhatsApp,Lagos,USSD,Completed
ORD-02992,2025-12-27,CUST-0478,Office Chair,Home & Office,1,122941.42,0,0.0,122941.42,89143.88,33797.54,27.49,Website,Enugu,USSD,Completed
ORD-00715,2025-12-28,CUST-0376,Wireless Earbuds,Electronics,1,43979.79,0,0.0,43979.79,35713.51,8266.28,18.8,Walk-in,Ibadan,Card,Completed
ORD-02170,2025-12-28,CUST-0652,Perfume,Beauty,4,38727.74,10,15491.1,139419.86,107884.8,31535.06,22.62,WhatsApp,Enugu,Cash,Completed
ORD-02310,2025-12-28,CUST-0583,Desk Lamp,Home & Office,2,28715.55,0,0.0,57431.1,37041.96,20389.14,35.5,Website,Abuja,Card,Completed
ORD-02005,2025-12-28,CUST-0376,Office Chair,Home & Office,1,108123.66,0,0.0,108123.66,81634.55,26489.11,24.5,Walk-in,Port Harcourt,USSD,Completed
ORD-02302,2025-12-29,CUST-0293,Power Bank,Electronics,1,27233.84,0,0.0,0.0,17751.88,0.0,0.0,Instagram,Enugu,Transfer,Cancelled
ORD-02432,2025-12-29,CUST-0001,Office Chair,Home & Office,2,108505.3,5,10850.53,206160.07,148602.71,57557.36,27.92,Referral,Owerri,Cash,Completed
ORD-00955,2025-12-29,CUST-0027,Wireless Earbuds,Electronics,1,41749.76,5,2087.49,39662.27,25122.83,14539.44,36.66,Walk-in,Lagos,Card,Completed
ORD-01285,2025-12-29,CUST-0250,Laptop Backpack,Accessories,2,34475.29,0,0.0,68950.58,54340.45,-7043.95,-10.22,Website,Port Harcourt,Cash,Returned
ORD-00693,2025-12-29,CUST-0675,Water Bottle,Home & Office,1,16876.59,15,2531.49,14345.1,10390.76,3954.34,27.57,Referral,Ibadan,Transfer,Completed
ORD-02029,2025-12-30,CUST-0293,Perfume,Beauty,1,40430.48,0,0.0,40430.48,27567.99,12862.49,31.81,Walk-in,Ibadan,Card,Completed
ORD-02064,2025-12-30,CUST-0501,Laptop Backpack,Accessories,2,33160.2,15,9948.06,56372.34,37038.22,19334.12,34.3,WhatsApp,Abuja,Transfer,Completed
ORD-00879,2025-12-30,CUST-0647,Office Chair,Home & Office,1,123778.83,0,0.0,123778.83,91589.02,32189.81,26.01,Website,Port Harcourt,Card,Completed
ORD-01461,2025-12-30,CUST-0664,Water Bottle,Home & Office,1,18962.4,0,0.0,0.0,14777.58,0.0,0.0,Website,Abuja,Card,Cancelled
ORD-00241,2025-12-30,CUST-0277,Water Bottle,Home & Office,1,17536.71,10,1753.67,15783.04,12562.74,-678.89,-4.3,Referral,Abuja,Transfer,Returned
ORD-00152,2025-12-30,CUST-0117,Laptop Backpack,Accessories,1,35513.2,0,0.0,35513.2,26194.95,9318.25,26.24,Instagram,Owerri,Transfer,Completed
ORD-02779,2025-12-31,CUST-0666,Perfume,Beauty,2,40114.76,0,0.0,80229.52,54562.82,25666.7,31.99,WhatsApp,Port Harcourt,Transfer,Completed
ORD-01252,2025-12-31,CUST-0189,Desk Lamp,Home & Office,1,28420.47,0,0.0,28420.47,22917.28,5503.19,19.36,Instagram,Abuja,Transfer,Completed
ORD-02566,2025-12-31,CUST-0380,Running Shoes,Fashion,1,64783.64,0,0.0,64783.64,51096.28,-3342.68,-5.16,Walk-in,Owerri,USSD,Returned
ORD-00797,2025-12-31,CUST-0351,Skincare Set,Beauty,4,57369.16,10,22947.66,0.0,155152.95,0.0,0.0,Referral,Abuja,USSD,Cancelled
ORD-00238,2026-01-01,CUST-0575,Hoodie,Fashion,2,40227.07,5,4022.71,76431.43,52274.01,24157.42,31.61,Walk-in,Benin,Card,Completed
ORD-01800,2026-01-01,CUST-0312,Office Chair,Home & Office,1,110804.89,0,0.0,110804.89,73794.4,37010.49,33.4,Referral,Lagos,USSD,Completed
ORD-00427,2026-01-01,CUST-0675,Perfume,Beauty,2,40156.9,0,0.0,0.0,57169.35,0.0,0.0,Referral,Enugu,Card,Cancelled
ORD-01803,2026-01-01,CUST-0401,Desk Lamp,Home & Office,1,30053.86,0,0.0,30053.86,24311.82,-2799.12,-9.31,Walk-in,Port Harcourt,Transfer,Returned
ORD-01617,2026-01-01,CUST-0210,Smart Watch,Electronics,2,84017.16,10,16803.43,0.0,101123.63,0.0,0.0,WhatsApp,Ibadan,Card,Cancelled
ORD-02335,2026-01-02,CUST-0089,Water Bottle,Home & Office,2,19035.92,15,5710.78,0.0,23617.93,0.0,0.0,Website,Abuja,Transfer,Cancelled
ORD-01686,2026-01-02,CUST-0573,Perfume,Beauty,1,37768.33,0,0.0,0.0,28366.48,0.0,0.0,WhatsApp,Owerri,USSD,Cancelled
ORD-00347,2026-01-02,CUST-0043,Laptop Backpack,Accessories,1,36545.25,0,0.0,36545.25,26966.4,9578.85,26.21,Website,Lagos,Transfer,Completed
ORD-02111,2026-01-02,CUST-0016,Wireless Earbuds,Electronics,2,42471.92,0,0.0,84943.84,55411.88,29531.96,34.77,Instagram,Abuja,Transfer,Completed
ORD-02760,2026-01-02,CUST-0118,Wireless Earbuds,Electronics,2,42796.57,5,4279.66,0.0,63272.61,0.0,0.0,Website,Ibadan,USSD,Cancelled
ORD-02025,2026-01-02,CUST-0275,Laptop Backpack,Accessories,1,34855.89,0,0.0,34855.89,22390.31,12465.58,35.76,Instagram,Lagos,Card,Completed
ORD-00494,2026-01-02,CUST-0114,Smart Watch,Electronics,2,79510.81,0,0.0,0.0,127930.8,0.0,0.0,Website,Benin,Cash,Cancelled
ORD-02603,2026-01-02,CUST-0290,Office Chair,Home & Office,1,112485.8,0,0.0,112485.8,71844.52,40641.28,36.13,Referral,Port Harcourt,Cash,Completed
ORD-00611,2026-01-02,CUST-0615,Desk Lamp,Home & Office,2,29515.5,0,0.0,59031.0,45182.55,13848.45,23.46,Walk-in,Lagos,Card,Completed
ORD-00776,2026-01-03,CUST-0624,Laptop Backpack,Accessories,1,34464.54,15,5169.68,29294.86,19024.17,-4712.95,-16.09,Instagram,Lagos,USSD,Returned
ORD-00975,2026-01-03,CUST-0524,Skincare Set,Beauty,2,57192.21,5,5719.22,108665.2,83165.18,-11551.62,-10.63,WhatsApp,Lagos,Card,Returned
ORD-02301,2026-01-03,CUST-0465,Sneakers,Fashion,1,72968.07,20,14593.61,58374.46,47524.42,10850.04,18.59,Walk-in,Abuja,Card,Completed
ORD-01373,2026-01-03,CUST-0260,Power Bank,Electronics,1,29296.76,0,0.0,29296.76,23939.82,5356.94,18.29,Instagram,Enugu,Card,Completed
ORD-00053,2026-01-04,CUST-0149,Skincare Set,Beauty,2,53715.73,20,21486.29,0.0,53494.93,0.0,0.0,Walk-in,Port Harcourt,USSD,Cancelled
ORD-01222,2026-01-05,CUST-0331,Desk Lamp,Home & Office,1,31270.25,0,0.0,31270.25,25198.3,6071.95,19.42,Referral,Enugu,USSD,Completed
ORD-00938,2026-01-06,CUST-0437,Skincare Set,Beauty,1,56611.11,0,0.0,0.0,38217.68,0.0,0.0,Instagram,Benin,Card,Cancelled
ORD-02938,2026-01-06,CUST-0329,Running Shoes,Fashion,2,66070.45,0,0.0,132140.9,103716.67,-8164.77,-6.18,Instagram,Enugu,Transfer,Returned
ORD-02076,2026-01-06,CUST-0608,Sneakers,Fashion,2,73386.57,10,14677.31,132095.83,103990.94,28104.89,21.28,Walk-in,Abuja,Cash,Completed
ORD-02279,2026-01-06,CUST-0016,Hoodie,Fashion,1,40198.85,0,0.0,40198.85,32022.93,8175.92,20.34,Referral,Port Harcourt,Card,Completed
ORD-02265,2026-01-07,CUST-0090,Perfume,Beauty,1,36441.03,15,5466.15,30974.88,22757.9,-3646.6,-11.77,Website,Port Harcourt,Cash,Returned
ORD-02218,2026-01-07,CUST-0323,Desk Lamp,Home & Office,1,29151.67,0,0.0,29151.67,20335.16,8816.51,30.24,Instagram,Ibadan,Card,Completed
ORD-02914,2026-01-07,CUST-0157,Laptop Backpack,Accessories,1,35997.62,0,0.0,35997.62,24184.27,11813.35,32.82,Instagram,Port Harcourt,Transfer,Completed
ORD-02747,2026-01-08,CUST-0560,Laptop Backpack,Accessories,1,36791.96,10,3679.2,0.0,26461.27,0.0,0.0,Referral,Enugu,Cash,Cancelled
ORD-00002,2026-01-08,CUST-0192,Laptop Backpack,Accessories,1,36485.7,0,0.0,36485.7,27889.66,-1928.25,-5.28,Referral,Ibadan,Card,Returned
ORD-00950,2026-01-08,CUST-0039,Water Bottle,Home & Office,3,17839.38,0,0.0,53518.14,40156.58,13361.56,24.97,Walk-in,Owerri,USSD,Completed
ORD-02678,2026-01-08,CUST-0616,Running Shoes,Fashion,1,66520.7,0,0.0,66520.7,52403.87,14116.83,21.22,Instagram,Benin,Card,Completed
ORD-02261,2026-01-08,CUST-0108,Water Bottle,Home & Office,1,19443.69,0,0.0,19443.69,15546.66,3897.03,20.04,Referral,Lagos,Transfer,Completed
ORD-02618,2026-01-09,CUST-0397,Running Shoes,Fashion,1,69597.89,10,6959.79,62638.1,41796.71,20841.39,33.27,Walk-in,Enugu,USSD,Completed
ORD-01292,2026-01-09,CUST-0686,Hoodie,Fashion,2,41535.3,0,0.0,0.0,59735.39,0.0,0.0,Instagram,Benin,Cash,Cancelled
ORD-02695,2026-01-09,CUST-0570,Laptop Backpack,Accessories,1,37380.02,0,0.0,0.0,23535.73,0.0,0.0,WhatsApp,Ibadan,Cash,Cancelled
ORD-02926,2026-01-09,CUST-0308,Office Chair,Home & Office,1,120740.08,0,0.0,120740.08,93741.81,-7145.65,-5.92,WhatsApp,Enugu,Card,Returned
ORD-01542,2026-01-09,CUST-0126,Smart Watch,Electronics,2,84115.49,0,0.0,168230.98,136802.17,31428.81,18.68,Website,Abuja,Cash,Completed
ORD-00822,2026-01-10,CUST-0680,Office Chair,Home & Office,1,113981.95,5,5699.1,108282.85,75583.29,32699.56,30.2,Walk-in,Ibadan,Card,Completed
ORD-01259,2026-01-10,CUST-0302,Power Bank,Electronics,1,29926.19,5,1496.31,28429.88,19119.01,9310.87,32.75,Referral,Enugu,Card,Completed
ORD-00162,2026-01-10,CUST-0495,Perfume,Beauty,3,36715.88,5,5507.38,0.0,74163.79,0.0,0.0,Instagram,Lagos,Cash,Cancelled
ORD-02563,2026-01-11,CUST-0424,Perfume,Beauty,1,37886.09,0,0.0,37886.09,26273.15,11612.94,30.65,WhatsApp,Abuja,Card,Completed
ORD-00749,2026-01-11,CUST-0585,Sneakers,Fashion,1,71023.88,0,0.0,71023.88,56126.78,14897.1,20.97,Referral,Ibadan,Cash,Completed
ORD-01429,2026-01-11,CUST-0399,Office Chair,Home & Office,1,119987.54,0,0.0,119987.54,74831.89,45155.65,37.63,Website,Port Harcourt,Cash,Completed
ORD-00395,2026-01-11,CUST-0486,Sneakers,Fashion,1,77184.5,5,3859.22,73325.28,54513.22,-3724.82,-5.08,Instagram,Enugu,USSD,Returned
ORD-01779,2026-01-11,CUST-0029,Laptop Backpack,Accessories,2,37822.07,15,11346.62,64297.52,42926.59,-7321.52,-11.39,Walk-in,Ibadan,USSD,Returned
ORD-00479,2026-01-12,CUST-0421,Smart Watch,Electronics,1,84276.68,0,0.0,84276.68,66914.64,17362.04,20.6,Website,Benin,USSD,Completed
ORD-00263,2026-01-12,CUST-0350,Sneakers,Fashion,2,76207.91,0,0.0,152415.82,122007.44,-13384.44,-8.78,Instagram,Lagos,Card,Returned
ORD-02776,2026-01-12,CUST-0240,Wireless Earbuds,Electronics,1,42238.29,10,4223.83,38014.46,23776.67,14237.79,37.45,Instagram,Benin,Cash,Completed
ORD-01016,2026-01-12,CUST-0277,Hoodie,Fashion,4,41477.78,0,0.0,165911.12,117231.9,48679.22,29.34,Instagram,Benin,Card,Completed
ORD-02187,2026-01-13,CUST-0574,Sneakers,Fashion,1,71259.56,0,0.0,71259.56,54368.72,16890.84,23.7,Walk-in,Owerri,Card,Completed
ORD-02164,2026-01-13,CUST-0597,Wireless Earbuds,Electronics,1,43775.31,0,0.0,43775.31,30192.42,-6562.83,-14.99,Instagram,Owerri,Cash,Returned
ORD-00206,2026-01-13,CUST-0374,Sneakers,Fashion,1,78817.26,10,7881.73,70935.53,48134.33,22801.2,32.14,Walk-in,Ibadan,USSD,Completed
ORD-01391,2026-01-13,CUST-0367,Laptop Backpack,Accessories,3,34640.92,0,0.0,103922.76,64558.64,39364.12,37.88,Referral,Ibadan,Cash,Completed
ORD-00769,2026-01-13,CUST-0270,Water Bottle,Home & Office,1,17245.47,0,0.0,17245.47,12539.73,-2259.31,-13.1,Referral,Ibadan,Card,Returned
ORD-00107,2026-01-13,CUST-0610,Water Bottle,Home & Office,1,17248.59,0,0.0,17248.59,13798.94,-1401.47,-8.13,Referral,Ibadan,Card,Returned
ORD-01530,2026-01-13,CUST-0156,Perfume,Beauty,1,38880.87,0,0.0,38880.87,30818.0,8062.87,20.74,Website,Enugu,Cash,Completed
ORD-00694,2026-01-14,CUST-0456,Smart Watch,Electronics,1,83499.74,5,4174.99,0.0,63281.36,0.0,0.0,Referral,Port Harcourt,USSD,Cancelled
ORD-00273,2026-01-14,CUST-0341,Sneakers,Fashion,1,72077.98,0,0.0,72077.98,47493.97,24584.01,34.11,Referral,Ibadan,USSD,Completed
ORD-00235,2026-01-14,CUST-0476,Smart Watch,Electronics,1,79628.43,0,0.0,79628.43,52343.32,27285.11,34.27,Website,Owerri,Card,Completed
ORD-00584,2026-01-15,CUST-0420,Office Chair,Home & Office,1,123415.34,10,12341.53,111073.81,79015.42,-9140.42,-8.23,WhatsApp,Enugu,Card,Returned
ORD-00195,2026-01-15,CUST-0628,Laptop Backpack,Accessories,1,36850.77,10,3685.08,0.0,25367.23,0.0,0.0,Walk-in,Port Harcourt,Cash,Cancelled
ORD-00041,2026-01-15,CUST-0168,Wireless Earbuds,Electronics,1,43560.27,15,6534.04,37026.23,25815.45,11210.78,30.28,Instagram,Port Harcourt,USSD,Completed
ORD-02423,2026-01-15,CUST-0573,Skincare Set,Beauty,1,56766.18,0,0.0,0.0,42456.31,0.0,0.0,Website,Lagos,Card,Cancelled
ORD-02715,2026-01-15,CUST-0049,Running Shoes,Fashion,1,63228.62,0,0.0,63228.62,40628.09,-11159.27,-17.65,Website,Owerri,Transfer,Returned
ORD-01033,2026-01-15,CUST-0494,Desk Lamp,Home & Office,2,30210.69,5,3021.07,57400.31,43608.57,-2740.5,-4.77,Instagram,Benin,USSD,Returned
ORD-02008,2026-01-15,CUST-0113,Running Shoes,Fashion,1,71274.09,0,0.0,71274.09,44319.57,26954.52,37.82,Referral,Owerri,Transfer,Completed
ORD-00939,2026-01-16,CUST-0492,Office Chair,Home & Office,1,124146.73,10,12414.67,111732.06,78747.2,32984.86,29.52,WhatsApp,Lagos,USSD,Completed
ORD-00845,2026-01-16,CUST-0019,Water Bottle,Home & Office,1,19430.99,0,0.0,19430.99,14896.39,4534.6,23.34,Referral,Owerri,USSD,Completed
ORD-01404,2026-01-16,CUST-0387,Desk Lamp,Home & Office,1,32057.51,0,0.0,32057.51,22511.82,9545.69,29.78,WhatsApp,Owerri,Transfer,Completed
ORD-02840,2026-01-16,CUST-0160,Laptop Backpack,Accessories,2,34822.24,15,10446.67,59197.81,46961.6,12236.21,20.67,WhatsApp,Port Harcourt,Transfer,Completed
ORD-00102,2026-01-16,CUST-0523,Power Bank,Electronics,1,28580.56,15,4287.08,24293.48,19033.67,5259.81,21.65,Instagram,Benin,Transfer,Completed
ORD-00951,2026-01-16,CUST-0574,Skincare Set,Beauty,1,54897.97,0,0.0,54897.97,35823.96,19074.01,34.74,Walk-in,Ibadan,Transfer,Completed
ORD-02450,2026-01-17,CUST-0531,Sneakers,Fashion,2,73993.05,0,0.0,147986.1,113033.42,34952.68,23.62,Instagram,Abuja,Transfer,Completed
ORD-00240,2026-01-17,CUST-0377,Running Shoes,Fashion,4,65646.09,0,0.0,262584.36,211023.72,-20551.3,-7.83,WhatsApp,Abuja,Cash,Returned
ORD-01393,2026-01-17,CUST-0123,Wireless Earbuds,Electronics,1,42947.02,0,0.0,0.0,28106.41,0.0,0.0,WhatsApp,Enugu,Cash,Cancelled
ORD-00258,2026-01-17,CUST-0571,Skincare Set,Beauty,1,53579.25,0,0.0,53579.25,34439.01,19140.24,35.72,Website,Benin,Card,Completed
ORD-00818,2026-01-17,CUST-0698,Skincare Set,Beauty,1,54530.49,10,5453.05,0.0,37719.26,0.0,0.0,WhatsApp,Owerri,Transfer,Cancelled
ORD-01603,2026-01-18,CUST-0614,Skincare Set,Beauty,2,59346.34,10,11869.27,106823.41,76020.81,30802.6,28.84,Instagram,Benin,Transfer,Completed
ORD-00820,2026-01-18,CUST-0115,Wireless Earbuds,Electronics,1,42055.98,0,0.0,42055.98,30034.57,12021.41,28.58,WhatsApp,Ibadan,Transfer,Completed
ORD-02361,2026-01-18,CUST-0327,Desk Lamp,Home & Office,3,28947.03,0,0.0,86841.09,65092.1,21748.99,25.04,Walk-in,Benin,Cash,Completed
ORD-02238,2026-01-19,CUST-0477,Power Bank,Electronics,1,28371.5,15,4255.73,24115.77,18529.66,-2009.18,-8.33,Instagram,Enugu,Card,Returned
ORD-02292,2026-01-19,CUST-0256,Skincare Set,Beauty,1,60224.34,20,12044.87,48179.47,34658.15,13521.32,28.06,WhatsApp,Enugu,Cash,Completed
ORD-00674,2026-01-19,CUST-0214,Smart Watch,Electronics,1,79192.63,10,7919.26,0.0,47520.67,0.0,0.0,Website,Abuja,USSD,Cancelled
ORD-02781,2026-01-19,CUST-0504,Water Bottle,Home & Office,3,18885.43,5,2832.81,53823.48,40382.5,13440.98,24.97,WhatsApp,Ibadan,USSD,Completed
ORD-02263,2026-01-19,CUST-0266,Desk Lamp,Home & Office,2,31613.03,15,9483.91,53742.15,37437.25,16304.9,30.34,Instagram,Ibadan,Card,Completed
ORD-00533,2026-01-19,CUST-0459,Sneakers,Fashion,1,75163.35,0,0.0,75163.35,52875.84,-6764.85,-9.0,Referral,Enugu,Card,Returned
ORD-01970,2026-01-19,CUST-0108,Office Chair,Home & Office,3,126193.03,0,0.0,378579.09,254691.69,123887.4,32.72,Referral,Enugu,Cash,Completed
ORD-01982,2026-01-20,CUST-0694,Running Shoes,Fashion,1,64435.59,0,0.0,64435.59,48430.98,16004.61,24.84,Referral,Owerri,USSD,Completed
ORD-02252,2026-01-20,CUST-0417,Hoodie,Fashion,2,45649.6,0,0.0,91299.2,68197.24,23101.96,25.3,WhatsApp,Abuja,Card,Completed
ORD-02105,2026-01-20,CUST-0538,Perfume,Beauty,1,39179.24,0,0.0,39179.24,29474.87,-3852.12,-9.83,Website,Benin,Transfer,Returned
ORD-00174,2026-01-20,CUST-0220,Water Bottle,Home & Office,1,19015.5,20,3803.1,15212.4,11262.08,-1304.84,-8.58,Website,Abuja,Card,Returned
ORD-01641,2026-01-20,CUST-0142,Sneakers,Fashion,1,69941.76,5,3497.09,66444.67,45281.37,21163.3,31.85,WhatsApp,Enugu,USSD,Completed
ORD-01784,2026-01-21,CUST-0380,Office Chair,Home & Office,1,114825.47,0,0.0,114825.47,88834.1,25991.37,22.64,Instagram,Port Harcourt,USSD,Completed
ORD-00649,2026-01-21,CUST-0642,Power Bank,Electronics,1,28742.21,0,0.0,28742.21,23489.15,5253.06,18.28,Walk-in,Enugu,Card,Completed
ORD-02266,2026-01-21,CUST-0519,Desk Lamp,Home & Office,1,30527.05,0,0.0,30527.05,20929.83,9597.22,31.44,Walk-in,Abuja,Transfer,Completed
ORD-01710,2026-01-21,CUST-0601,Wireless Earbuds,Electronics,2,41578.26,0,0.0,83156.52,54405.7,28750.82,34.57,Website,Enugu,USSD,Completed
ORD-01972,2026-01-21,CUST-0162,Office Chair,Home & Office,1,125350.66,0,0.0,125350.66,92136.63,-6200.44,-4.95,Instagram,Owerri,Card,Returned
ORD-01062,2026-01-21,CUST-0165,Desk Lamp,Home & Office,3,29925.3,0,0.0,89775.9,68876.38,-9930.56,-11.06,Instagram,Lagos,Transfer,Returned
ORD-00365,2026-01-22,CUST-0632,Running Shoes,Fashion,1,69602.8,15,10440.42,59162.38,45333.96,13828.42,23.37,Website,Ibadan,Card,Completed
ORD-00300,2026-01-22,CUST-0378,Hoodie,Fashion,1,44250.62,0,0.0,44250.62,31542.68,12707.94,28.72,Referral,Abuja,Transfer,Completed
ORD-00141,2026-01-22,CUST-0206,Water Bottle,Home & Office,1,19809.63,0,0.0,19809.63,15437.79,4371.84,22.07,Website,Enugu,USSD,Completed
ORD-01930,2026-01-22,CUST-0068,Skincare Set,Beauty,3,59649.72,5,8947.46,170001.7,131254.48,38747.22,22.79,Referral,Abuja,Cash,Completed
ORD-02955,2026-01-22,CUST-0246,Sneakers,Fashion,1,72289.15,0,0.0,72289.15,56602.4,15686.75,21.7,Walk-in,Lagos,USSD,Completed
ORD-00237,2026-01-22,CUST-0688,Power Bank,Electronics,2,27779.98,0,0.0,0.0,41093.4,0.0,0.0,WhatsApp,Ibadan,USSD,Cancelled
ORD-00377,2026-01-23,CUST-0540,Sneakers,Fashion,4,77942.82,10,31177.13,280594.15,215936.2,64657.95,23.04,Website,Ibadan,Cash,Completed
ORD-02234,2026-01-23,CUST-0128,Water Bottle,Home & Office,1,18828.74,5,941.44,17887.3,12147.42,5739.88,32.09,Walk-in,Lagos,Transfer,Completed
ORD-02615,2026-01-23,CUST-0013,Wireless Earbuds,Electronics,1,45230.15,15,6784.52,38445.63,30468.92,-2559.02,-6.66,Walk-in,Lagos,Transfer,Returned
ORD-01513,2026-01-24,CUST-0134,Wireless Earbuds,Electronics,1,45602.83,10,4560.28,41042.55,27943.27,13099.28,31.92,Instagram,Abuja,Cash,Completed
ORD-02756,2026-01-25,CUST-0538,Office Chair,Home & Office,1,126080.66,0,0.0,126080.66,89259.16,36821.5,29.2,Instagram,Ibadan,Transfer,Completed
ORD-01986,2026-01-25,CUST-0573,Laptop Backpack,Accessories,2,36028.58,10,7205.72,64851.44,49395.69,15455.75,23.83,WhatsApp,Abuja,Cash,Completed
ORD-02393,2026-01-25,CUST-0215,Wireless Earbuds,Electronics,1,42991.55,0,0.0,42991.55,35228.07,7763.48,18.06,Walk-in,Lagos,Card,Completed
ORD-01941,2026-01-25,CUST-0373,Office Chair,Home & Office,2,122182.26,5,12218.23,232146.29,145917.99,86228.3,37.14,Website,Enugu,Card,Completed
ORD-00994,2026-01-25,CUST-0607,Water Bottle,Home & Office,1,18524.6,0,0.0,18524.6,12950.47,5574.13,30.09,Referral,Benin,USSD,Completed
ORD-01798,2026-01-25,CUST-0155,Running Shoes,Fashion,1,72083.19,10,7208.32,64874.87,51497.31,-3846.42,-5.93,WhatsApp,Lagos,Card,Returned
ORD-00338,2026-01-26,CUST-0338,Sneakers,Fashion,1,74386.02,5,3719.3,0.0,45246.1,0.0,0.0,Instagram,Lagos,Card,Cancelled
ORD-01712,2026-01-26,CUST-0545,Hoodie,Fashion,1,46785.86,0,0.0,46785.86,29546.61,17239.25,36.85,Website,Enugu,Transfer,Completed
ORD-01573,2026-01-26,CUST-0694,Perfume,Beauty,2,38607.48,0,0.0,77214.96,54757.01,22457.95,29.08,Walk-in,Owerri,Cash,Completed
ORD-01482,2026-01-26,CUST-0503,Laptop Backpack,Accessories,1,39063.52,0,0.0,39063.52,31014.87,-1955.91,-5.01,Instagram,Benin,USSD,Returned
ORD-01804,2026-01-27,CUST-0617,Hoodie,Fashion,2,46852.75,0,0.0,93705.5,68133.6,25571.9,27.29,Instagram,Port Harcourt,Transfer,Completed
ORD-02049,2026-01-27,CUST-0541,Water Bottle,Home & Office,3,19606.14,0,0.0,58818.42,48218.67,10599.75,18.02,WhatsApp,Ibadan,Transfer,Completed
ORD-00339,2026-01-27,CUST-0318,Office Chair,Home & Office,1,128271.77,0,0.0,128271.77,93581.56,34690.21,27.04,Website,Ibadan,Transfer,Completed
ORD-01871,2026-01-28,CUST-0133,Water Bottle,Home & Office,2,19901.21,0,0.0,39802.42,28345.28,11457.14,28.79,Referral,Ibadan,Card,Completed
ORD-01306,2026-01-28,CUST-0532,Sneakers,Fashion,1,77862.99,0,0.0,77862.99,52723.6,25139.39,32.29,Website,Benin,Cash,Completed
ORD-01621,2026-01-28,CUST-0184,Running Shoes,Fashion,1,70595.69,0,0.0,70595.69,48654.58,21941.11,31.08,Walk-in,Benin,Card,Completed
ORD-01498,2026-01-28,CUST-0388,Office Chair,Home & Office,2,118301.56,5,11830.16,224772.96,157821.02,66951.94,29.79,Referral,Benin,Card,Completed
ORD-01180,2026-01-28,CUST-0312,Hoodie,Fashion,1,44785.89,10,4478.59,40307.3,27383.17,12924.13,32.06,WhatsApp,Owerri,Transfer,Completed
ORD-00795,2026-01-28,CUST-0435,Sneakers,Fashion,2,76168.35,15,22850.5,129486.2,83453.37,46032.83,35.55,Instagram,Abuja,Transfer,Completed
ORD-00908,2026-01-28,CUST-0443,Water Bottle,Home & Office,1,20084.87,0,0.0,0.0,15190.03,0.0,0.0,Referral,Ibadan,Card,Cancelled
ORD-00754,2026-01-29,CUST-0617,Wireless Earbuds,Electronics,2,43641.0,5,4364.1,0.0,67988.56,0.0,0.0,Instagram,Enugu,USSD,Cancelled
ORD-00044,2026-01-29,CUST-0096,Running Shoes,Fashion,2,71063.44,20,28425.38,113701.5,79877.98,33823.52,29.75,Walk-in,Owerri,Card,Completed
ORD-01578,2026-01-29,CUST-0150,Desk Lamp,Home & Office,1,30600.1,0,0.0,30600.1,21554.85,-4327.09,-14.14,WhatsApp,Ibadan,Transfer,Returned
ORD-01443,2026-01-29,CUST-0389,Running Shoes,Fashion,2,66005.17,0,0.0,132010.34,104229.83,27780.51,21.04,Website,Abuja,Card,Completed
ORD-01705,2026-01-29,CUST-0358,Skincare Set,Beauty,1,55139.89,0,0.0,55139.89,36765.61,18374.28,33.32,Instagram,Owerri,Cash,Completed
ORD-01655,2026-01-30,CUST-0156,Power Bank,Electronics,1,31418.56,0,0.0,31418.56,25171.26,6247.3,19.88,Referral,Owerri,Card,Completed
ORD-01120,2026-01-30,CUST-0648,Perfume,Beauty,1,38458.95,0,0.0,38458.95,25846.04,12612.91,32.8,Referral,Benin,Transfer,Completed
ORD-02464,2026-01-30,CUST-0443,Smart Watch,Electronics,1,78803.19,5,3940.16,74863.03,50349.17,24513.86,32.74,Referral,Enugu,Transfer,Completed
ORD-01960,2026-01-30,CUST-0241,Smart Watch,Electronics,3,86509.84,10,25952.95,233576.57,178094.04,55482.53,23.75,Referral,Lagos,USSD,Completed
ORD-01891,2026-01-30,CUST-0021,Smart Watch,Electronics,4,79203.4,0,0.0,0.0,252016.67,0.0,0.0,Walk-in,Owerri,USSD,Cancelled
ORD-02000,2026-01-30,CUST-0161,Office Chair,Home & Office,1,113836.84,0,0.0,113836.84,76425.94,37410.9,32.86,Instagram,Benin,Transfer,Completed
ORD-02826,2026-01-31,CUST-0074,Wireless Earbuds,Electronics,2,43498.62,15,13049.59,73947.65,55861.83,18085.82,24.46,Referral,Abuja,USSD,Completed
ORD-02744,2026-01-31,CUST-0266,Desk Lamp,Home & Office,2,33113.83,0,0.0,66227.66,45782.89,-6005.65,-9.07,Walk-in,Port Harcourt,Cash,Returned
ORD-00461,2026-01-31,CUST-0401,Wireless Earbuds,Electronics,2,44492.44,0,0.0,88984.88,57565.68,31419.2,35.31,Website,Enugu,Cash,Completed
ORD-02519,2026-02-01,CUST-0531,Skincare Set,Beauty,2,56112.61,10,11222.52,0.0,71249.99,0.0,0.0,Instagram,Lagos,Transfer,Cancelled
ORD-01431,2026-02-01,CUST-0685,Desk Lamp,Home & Office,1,31021.03,0,0.0,31021.03,21905.22,9115.81,29.39,Walk-in,Abuja,USSD,Completed
ORD-02569,2026-02-01,CUST-0431,Running Shoes,Fashion,2,71850.75,5,7185.08,136516.42,91260.67,45255.75,33.15,Instagram,Enugu,USSD,Completed
ORD-02673,2026-02-01,CUST-0194,Hoodie,Fashion,1,43557.65,15,6533.65,0.0,26807.74,0.0,0.0,WhatsApp,Lagos,Transfer,Cancelled
ORD-01908,2026-02-01,CUST-0560,Skincare Set,Beauty,4,58337.54,0,0.0,233350.16,172211.37,-28316.16,-12.13,Instagram,Port Harcourt,Card,Returned
ORD-02790,2026-02-01,CUST-0599,Wireless Earbuds,Electronics,2,44564.75,0,0.0,89129.5,62564.97,26564.53,29.8,Website,Enugu,Card,Completed
ORD-00200,2026-02-01,CUST-0560,Wireless Earbuds,Electronics,3,45953.89,0,0.0,137861.67,104447.72,33413.95,24.24,Walk-in,Lagos,Transfer,Completed
ORD-02425,2026-02-01,CUST-0356,Hoodie,Fashion,1,47149.65,15,7072.45,40077.2,27759.1,12318.1,30.74,Referral,Ibadan,USSD,Completed
ORD-00870,2026-02-01,CUST-0308,Running Shoes,Fashion,1,68862.91,0,0.0,68862.91,48601.89,20261.02,29.42,Website,Port Harcourt,USSD,Completed
ORD-00249,2026-02-02,CUST-0376,Perfume,Beauty,2,40257.73,0,0.0,80515.46,53814.82,26700.64,33.16,Referral,Lagos,Transfer,Completed
ORD-02282,2026-02-02,CUST-0033,Smart Watch,Electronics,1,82716.47,15,12407.47,70309.0,51129.06,19179.94,27.28,Walk-in,Enugu,USSD,Completed
ORD-00025,2026-02-02,CUST-0688,Running Shoes,Fashion,1,67208.17,5,3360.41,63847.76,48791.69,15056.07,23.58,Referral,Port Harcourt,Cash,Completed
ORD-00935,2026-02-02,CUST-0099,Sneakers,Fashion,1,72236.62,0,0.0,72236.62,50520.69,21715.93,30.06,Instagram,Enugu,Transfer,Completed
ORD-01597,2026-02-02,CUST-0115,Desk Lamp,Home & Office,1,32667.04,0,0.0,32667.04,21766.16,10900.88,33.37,Website,Lagos,Card,Completed
ORD-02034,2026-02-03,CUST-0479,Desk Lamp,Home & Office,1,29734.39,5,1486.72,0.0,18441.64,0.0,0.0,Referral,Benin,Transfer,Cancelled
ORD-02397,2026-02-03,CUST-0001,Laptop Backpack,Accessories,1,35038.11,0,0.0,35038.11,26366.88,8671.23,24.75,Walk-in,Benin,Card,Completed
ORD-01464,2026-02-03,CUST-0334,Desk Lamp,Home & Office,1,29880.56,5,1494.03,28386.53,20985.86,7400.67,26.07,Referral,Ibadan,Cash,Completed
ORD-02577,2026-02-03,CUST-0007,Perfume,Beauty,1,42221.14,0,0.0,42221.14,27297.58,14923.56,35.35,Website,Ibadan,Transfer,Completed
ORD-01327,2026-02-03,CUST-0647,Wireless Earbuds,Electronics,1,41960.16,5,2098.01,39862.15,24763.03,15099.12,37.88,WhatsApp,Lagos,Cash,Completed
ORD-00691,2026-02-03,CUST-0326,Sneakers,Fashion,1,75924.47,0,0.0,75924.47,52987.93,-9884.37,-13.02,WhatsApp,Enugu,Cash,Returned
ORD-00189,2026-02-03,CUST-0266,Running Shoes,Fashion,1,65261.65,0,0.0,65261.65,52957.52,12304.13,18.85,Website,Abuja,Card,Completed
ORD-01308,2026-02-03,CUST-0657,Smart Watch,Electronics,1,83338.18,0,0.0,83338.18,55934.63,27403.55,32.88,Referral,Enugu,Transfer,Completed
ORD-02924,2026-02-03,CUST-0067,Laptop Backpack,Accessories,1,38929.75,10,3892.98,35036.77,23313.07,11723.7,33.46,Instagram,Owerri,Cash,Completed
ORD-02447,2026-02-03,CUST-0297,Running Shoes,Fashion,1,72144.95,20,14428.99,0.0,35798.15,0.0,0.0,Referral,Ibadan,Cash,Cancelled
ORD-01341,2026-02-03,CUST-0607,Office Chair,Home & Office,1,128478.05,0,0.0,0.0,102006.75,0.0,0.0,WhatsApp,Ibadan,Cash,Cancelled
ORD-02645,2026-02-04,CUST-0143,Hoodie,Fashion,1,45286.03,0,0.0,45286.03,35160.96,10125.07,22.36,Instagram,Owerri,Card,Completed
ORD-01987,2026-02-05,CUST-0123,Sneakers,Fashion,2,73536.51,0,0.0,147073.02,101166.02,45907.0,31.21,Website,Lagos,Transfer,Completed
ORD-01022,2026-02-06,CUST-0607,Perfume,Beauty,1,38525.04,20,7705.01,30820.03,22261.11,-2515.18,-8.16,Website,Ibadan,Card,Returned
ORD-02243,2026-02-06,CUST-0193,Perfume,Beauty,1,42713.63,0,0.0,0.0,32575.26,0.0,0.0,Referral,Ibadan,Cash,Cancelled
ORD-02515,2026-02-06,CUST-0136,Desk Lamp,Home & Office,1,30115.22,0,0.0,30115.22,19838.33,10276.89,34.13,Instagram,Port Harcourt,Cash,Completed
ORD-00873,2026-02-06,CUST-0235,Wireless Earbuds,Electronics,1,43591.36,0,0.0,0.0,32470.09,0.0,0.0,WhatsApp,Benin,USSD,Cancelled
ORD-00569,2026-02-06,CUST-0139,Perfume,Beauty,1,42350.63,0,0.0,42350.63,29681.37,12669.26,29.92,Instagram,Abuja,Transfer,Completed
ORD-00717,2026-02-06,CUST-0210,Hoodie,Fashion,4,44224.38,0,0.0,176897.52,118955.6,-10778.17,-6.09,Website,Enugu,Transfer,Returned
ORD-02362,2026-02-06,CUST-0463,Water Bottle,Home & Office,2,18028.64,15,5408.59,30648.69,20138.05,10510.64,34.29,WhatsApp,Lagos,Card,Completed
ORD-02821,2026-02-06,CUST-0012,Water Bottle,Home & Office,3,18579.33,5,2786.9,52951.09,35562.8,17388.29,32.84,Referral,Lagos,USSD,Completed
ORD-02989,2026-02-07,CUST-0465,Skincare Set,Beauty,3,55571.61,0,0.0,166714.83,130425.52,-7784.37,-4.67,Referral,Owerri,Card,Returned
ORD-01694,2026-02-07,CUST-0324,Power Bank,Electronics,1,29993.47,10,2999.35,26994.12,17650.09,9344.03,34.62,Instagram,Benin,Transfer,Completed
ORD-01732,2026-02-07,CUST-0023,Power Bank,Electronics,3,30325.87,10,9097.76,81879.85,63307.08,18572.77,22.68,WhatsApp,Lagos,Transfer,Completed
ORD-00633,2026-02-08,CUST-0628,Sneakers,Fashion,3,74221.84,0,0.0,0.0,157290.45,0.0,0.0,Walk-in,Enugu,Card,Cancelled
ORD-02848,2026-02-08,CUST-0193,Smart Watch,Electronics,2,79421.58,15,23826.47,135016.69,97656.07,37360.62,27.67,WhatsApp,Benin,Card,Completed
ORD-02062,2026-02-08,CUST-0315,Wireless Earbuds,Electronics,1,42063.87,0,0.0,42063.87,26792.63,15271.24,36.3,Website,Enugu,Transfer,Completed
ORD-01604,2026-02-08,CUST-0434,Sneakers,Fashion,1,81048.48,20,16209.7,64838.78,40782.42,24056.36,37.1,Instagram,Owerri,Cash,Completed
ORD-00319,2026-02-08,CUST-0401,Laptop Backpack,Accessories,1,38857.11,5,1942.86,36914.25,24575.25,12339.0,33.43,Instagram,Ibadan,Card,Completed
ORD-00745,2026-02-08,CUST-0024,Smart Watch,Electronics,2,80168.62,0,0.0,160337.24,127413.94,32923.3,20.53,Referral,Benin,Cash,Completed
ORD-00729,2026-02-09,CUST-0510,Water Bottle,Home & Office,2,17992.02,0,0.0,35984.04,28487.62,7496.42,20.83,WhatsApp,Enugu,Card,Completed
ORD-00092,2026-02-09,CUST-0661,Office Chair,Home & Office,2,115704.32,15,34711.3,196697.34,156173.61,40523.73,20.6,Website,Ibadan,Card,Completed
ORD-00589,2026-02-09,CUST-0145,Perfume,Beauty,1,42910.54,0,0.0,42910.54,33177.3,9733.24,22.68,Walk-in,Abuja,Card,Completed
ORD-02236,2026-02-09,CUST-0258,Wireless Earbuds,Electronics,2,41776.21,0,0.0,83552.42,59210.59,-12146.85,-14.54,Referral,Ibadan,Card,Returned
ORD-01838,2026-02-10,CUST-0202,Sneakers,Fashion,3,73524.72,0,0.0,220574.16,139884.32,80689.84,36.58,Instagram,Lagos,Card,Completed
ORD-00254,2026-02-10,CUST-0540,Perfume,Beauty,3,40065.15,10,12019.54,108175.91,80907.05,27268.86,25.21,Referral,Enugu,USSD,Completed
ORD-02562,2026-02-10,CUST-0224,Perfume,Beauty,2,42828.61,0,0.0,85657.22,68206.98,17450.24,20.37,Walk-in,Owerri,Transfer,Completed
ORD-02202,2026-02-10,CUST-0497,Hoodie,Fashion,1,46621.35,0,0.0,46621.35,38058.76,8562.59,18.37,Walk-in,Lagos,Cash,Completed
ORD-01720,2026-02-10,CUST-0161,Desk Lamp,Home & Office,1,30338.76,10,3033.88,27304.88,17998.15,9306.73,34.08,Instagram,Benin,Cash,Completed
ORD-01985,2026-02-10,CUST-0266,Skincare Set,Beauty,1,60565.44,5,3028.27,57537.17,45227.96,12309.21,21.39,Referral,Port Harcourt,USSD,Completed
ORD-02733,2026-02-10,CUST-0680,Office Chair,Home & Office,2,129638.92,0,0.0,259277.84,196787.8,62490.04,24.1,Website,Owerri,Cash,Completed
ORD-01816,2026-02-10,CUST-0661,Laptop Backpack,Accessories,1,39003.43,0,0.0,39003.43,28848.51,10154.92,26.04,Instagram,Lagos,Card,Completed
ORD-00187,2026-02-11,CUST-0244,Office Chair,Home & Office,1,122563.71,15,18384.56,104179.15,74945.72,-10182.04,-9.77,Instagram,Owerri,Cash,Returned
ORD-02415,2026-02-11,CUST-0451,Running Shoes,Fashion,3,65174.97,10,19552.49,175972.42,137012.57,38959.85,22.14,Referral,Benin,Transfer,Completed
ORD-00330,2026-02-11,CUST-0073,Office Chair,Home & Office,2,128429.36,0,0.0,0.0,200713.05,0.0,0.0,Walk-in,Enugu,Transfer,Cancelled
ORD-01333,2026-02-12,CUST-0671,Sneakers,Fashion,1,75361.33,10,7536.13,0.0,49077.06,0.0,0.0,Instagram,Enugu,Transfer,Cancelled
ORD-00464,2026-02-13,CUST-0608,Hoodie,Fashion,2,47783.92,0,0.0,95567.84,66704.44,28863.4,30.2,WhatsApp,Benin,Cash,Completed
ORD-02786,2026-02-13,CUST-0228,Office Chair,Home & Office,2,128838.84,0,0.0,257677.68,163552.13,94125.55,36.53,Walk-in,Ibadan,Transfer,Completed
ORD-00907,2026-02-13,CUST-0061,Smart Watch,Electronics,4,85174.02,20,68139.22,272556.86,170557.16,-19831.56,-7.28,Referral,Port Harcourt,Transfer,Returned
ORD-01002,2026-02-13,CUST-0343,Skincare Set,Beauty,2,59349.9,5,5934.99,112764.81,82799.58,29965.23,26.57,Website,Owerri,Card,Completed
ORD-00697,2026-02-13,CUST-0595,Sneakers,Fashion,1,71442.09,0,0.0,71442.09,49777.6,21664.49,30.32,Referral,Port Harcourt,USSD,Completed
ORD-01780,2026-02-13,CUST-0362,Office Chair,Home & Office,1,130840.49,0,0.0,130840.49,88666.45,42174.04,32.23,Instagram,Port Harcourt,Card,Completed
ORD-01595,2026-02-13,CUST-0343,Sneakers,Fashion,1,80984.69,0,0.0,80984.69,61853.1,19131.59,23.62,WhatsApp,Port Harcourt,Cash,Completed
ORD-01032,2026-02-13,CUST-0424,Office Chair,Home & Office,1,126907.08,0,0.0,126907.08,80095.44,46811.64,36.89,Referral,Port Harcourt,USSD,Completed
ORD-01504,2026-02-14,CUST-0207,Running Shoes,Fashion,1,64553.67,0,0.0,0.0,46399.78,0.0,0.0,Instagram,Benin,Transfer,Cancelled
ORD-01113,2026-02-14,CUST-0202,Power Bank,Electronics,1,28833.03,0,0.0,28833.03,19891.76,8941.27,31.01,Walk-in,Benin,Card,Completed
ORD-01826,2026-02-14,CUST-0656,Wireless Earbuds,Electronics,3,42322.68,0,0.0,126968.04,86393.54,40574.5,31.96,Walk-in,Enugu,Cash,Completed
ORD-02878,2026-02-14,CUST-0671,Perfume,Beauty,2,39798.75,0,0.0,79597.5,62349.25,17248.25,21.67,Referral,Benin,Transfer,Completed
ORD-00327,2026-02-15,CUST-0661,Power Bank,Electronics,1,29355.34,15,4403.3,24952.04,19495.99,-1569.26,-6.29,Website,Port Harcourt,Cash,Returned
ORD-00470,2026-02-15,CUST-0220,Desk Lamp,Home & Office,1,32016.75,5,1600.84,30415.91,20392.72,-3794.1,-12.47,Website,Port Harcourt,USSD,Returned
ORD-01194,2026-02-16,CUST-0069,Skincare Set,Beauty,1,54875.18,0,0.0,54875.18,36916.46,-3298.77,-6.01,WhatsApp,Benin,Transfer,Returned
ORD-00134,2026-02-16,CUST-0242,Water Bottle,Home & Office,1,19908.8,10,1990.88,17917.92,11731.77,6186.15,34.52,Referral,Port Harcourt,USSD,Completed
ORD-00289,2026-02-16,CUST-0471,Laptop Backpack,Accessories,1,36307.74,0,0.0,36307.74,23381.85,12925.89,35.6,Instagram,Owerri,Cash,Completed
ORD-02039,2026-02-17,CUST-0158,Sneakers,Fashion,1,75393.16,0,0.0,75393.16,58743.02,16650.14,22.08,Referral,Benin,Card,Completed
ORD-02199,2026-02-17,CUST-0157,Water Bottle,Home & Office,1,18603.39,0,0.0,18603.39,14163.01,4440.38,23.87,Instagram,Ibadan,USSD,Completed
ORD-02020,2026-02-17,CUST-0085,Sneakers,Fashion,1,72539.93,15,10880.99,61658.94,48947.12,-4510.33,-7.31,Walk-in,Benin,Cash,Returned
ORD-02740,2026-02-17,CUST-0563,Smart Watch,Electronics,1,85818.15,5,4290.91,81527.24,53559.12,27968.12,34.31,Instagram,Enugu,Transfer,Completed
ORD-01082,2026-02-18,CUST-0276,Desk Lamp,Home & Office,1,31349.19,0,0.0,31349.19,19586.82,11762.37,37.52,Referral,Ibadan,Cash,Completed
ORD-01503,2026-02-18,CUST-0341,Skincare Set,Beauty,1,60742.38,0,0.0,60742.38,42240.68,-4246.03,-6.99,Instagram,Enugu,Cash,Returned
ORD-02998,2026-02-18,CUST-0640,Hoodie,Fashion,4,44510.34,15,26706.2,151335.16,122809.68,-7396.45,-4.89,Walk-in,Enugu,Transfer,Returned
ORD-01831,2026-02-18,CUST-0665,Wireless Earbuds,Electronics,2,47541.83,0,0.0,95083.66,67109.95,27973.71,29.42,Referral,Enugu,Card,Completed
ORD-01093,2026-02-19,CUST-0428,Smart Watch,Electronics,1,89294.31,0,0.0,89294.31,66352.83,22941.48,25.69,Website,Abuja,USSD,Completed
ORD-01886,2026-02-19,CUST-0561,Office Chair,Home & Office,1,121260.78,15,18189.12,103071.66,84117.48,18954.18,18.39,WhatsApp,Abuja,Cash,Completed
ORD-00742,2026-02-19,CUST-0422,Hoodie,Fashion,2,43544.4,0,0.0,87088.8,69646.6,17442.2,20.03,Website,Abuja,Transfer,Completed
ORD-02576,2026-02-19,CUST-0509,Water Bottle,Home & Office,1,18274.63,0,0.0,18274.63,13332.02,4942.61,27.05,Walk-in,Abuja,Card,Completed
ORD-00685,2026-02-19,CUST-0084,Desk Lamp,Home & Office,1,33279.94,0,0.0,33279.94,21149.29,12130.65,36.45,Referral,Owerri,Transfer,Completed
ORD-00819,2026-02-19,CUST-0473,Skincare Set,Beauty,1,55295.73,0,0.0,55295.73,45262.55,10033.18,18.14,WhatsApp,Owerri,USSD,Completed
ORD-02479,2026-02-20,CUST-0079,Office Chair,Home & Office,2,122199.85,0,0.0,244399.7,155409.03,88990.67,36.41,Instagram,Abuja,Card,Completed
ORD-01117,2026-02-20,CUST-0014,Sneakers,Fashion,1,75324.99,0,0.0,75324.99,59035.78,16289.21,21.63,Website,Abuja,Card,Completed
ORD-00408,2026-02-21,CUST-0265,Skincare Set,Beauty,1,61792.36,0,0.0,61792.36,38619.87,23172.49,37.5,Referral,Lagos,Card,Completed
ORD-01662,2026-02-21,CUST-0120,Perfume,Beauty,1,38078.0,15,5711.7,32366.3,24509.27,7857.03,24.28,Website,Lagos,Card,Completed
ORD-00242,2026-02-21,CUST-0279,Running Shoes,Fashion,1,73667.16,5,3683.36,69983.8,46066.98,23916.82,34.17,Website,Ibadan,USSD,Completed
ORD-00606,2026-02-22,CUST-0214,Water Bottle,Home & Office,2,20173.83,0,0.0,40347.66,27514.43,12833.23,31.81,Instagram,Port Harcourt,Cash,Completed
ORD-01486,2026-02-22,CUST-0381,Smart Watch,Electronics,3,87524.61,0,0.0,262573.83,166074.02,96499.81,36.75,Website,Benin,Cash,Completed
ORD-02160,2026-02-22,CUST-0171,Sneakers,Fashion,1,75831.62,10,7583.16,0.0,55457.41,0.0,0.0,Website,Enugu,USSD,Cancelled
ORD-02892,2026-02-22,CUST-0328,Hoodie,Fashion,1,45295.07,0,0.0,45295.07,33603.18,11691.89,25.81,Referral,Owerri,USSD,Completed
ORD-00599,2026-02-23,CUST-0641,Hoodie,Fashion,2,44125.76,5,4412.58,0.0,55124.18,0.0,0.0,Instagram,Benin,Cash,Cancelled
ORD-00768,2026-02-23,CUST-0112,Skincare Set,Beauty,1,60094.5,0,0.0,60094.5,47545.87,12548.63,20.88,Instagram,Enugu,USSD,Completed
ORD-02869,2026-02-23,CUST-0411,Perfume,Beauty,1,39696.58,10,3969.66,35726.92,25152.29,10574.63,29.6,Walk-in,Enugu,Transfer,Completed
ORD-02403,2026-02-23,CUST-0681,Desk Lamp,Home & Office,1,30273.36,10,3027.34,27246.02,17823.82,9422.2,34.58,Website,Abuja,Card,Completed
ORD-00268,2026-02-23,CUST-0392,Desk Lamp,Home & Office,1,33546.27,0,0.0,0.0,21478.07,0.0,0.0,Instagram,Owerri,USSD,Cancelled
ORD-01348,2026-02-23,CUST-0210,Smart Watch,Electronics,1,80223.58,0,0.0,80223.58,60556.47,19667.11,24.52,Website,Enugu,Transfer,Completed
ORD-01965,2026-02-23,CUST-0099,Office Chair,Home & Office,2,115505.17,0,0.0,231010.34,146329.24,-29583.68,-12.81,Instagram,Lagos,USSD,Returned
ORD-01797,2026-02-24,CUST-0485,Skincare Set,Beauty,1,56237.48,15,8435.62,0.0,39082.88,0.0,0.0,Walk-in,Abuja,Card,Cancelled
ORD-02350,2026-02-24,CUST-0416,Skincare Set,Beauty,1,60479.48,0,0.0,60479.48,49499.64,10979.84,18.15,Website,Abuja,Cash,Completed
ORD-01553,2026-02-24,CUST-0559,Smart Watch,Electronics,2,78641.19,0,0.0,157282.38,106103.43,51178.95,32.54,Website,Owerri,Card,Completed
ORD-01860,2026-02-24,CUST-0054,Power Bank,Electronics,1,28981.86,0,0.0,0.0,18096.1,0.0,0.0,Website,Lagos,Transfer,Cancelled
ORD-00785,2026-02-24,CUST-0652,Power Bank,Electronics,2,29215.54,0,0.0,58431.08,43084.37,15346.71,26.26,Instagram,Enugu,USSD,Completed
ORD-01587,2026-02-24,CUST-0638,Laptop Backpack,Accessories,1,37227.91,0,0.0,37227.91,26724.66,10503.25,28.21,WhatsApp,Port Harcourt,Cash,Completed
ORD-02085,2026-02-24,CUST-0259,Water Bottle,Home & Office,1,19006.15,0,0.0,19006.15,14882.6,-1644.43,-8.65,Walk-in,Port Harcourt,Cash,Returned
ORD-01287,2026-02-25,CUST-0378,Wireless Earbuds,Electronics,1,46515.7,0,0.0,46515.7,36319.67,10196.03,21.92,WhatsApp,Benin,USSD,Completed
ORD-00211,2026-02-25,CUST-0367,Wireless Earbuds,Electronics,1,43939.12,0,0.0,43939.12,33296.06,10643.06,24.22,Website,Ibadan,Cash,Completed
ORD-00323,2026-02-25,CUST-0536,Wireless Earbuds,Electronics,1,47155.86,10,4715.59,42440.27,29132.62,13307.65,31.36,Instagram,Owerri,Cash,Completed
ORD-01496,2026-02-25,CUST-0017,Wireless Earbuds,Electronics,1,43081.66,5,2154.08,40927.58,28906.05,12021.53,29.37,WhatsApp,Ibadan,USSD,Completed
ORD-00064,2026-02-26,CUST-0447,Water Bottle,Home & Office,4,19679.35,0,0.0,78717.4,57539.52,21177.88,26.9,Instagram,Owerri,Card,Completed
ORD-00484,2026-02-26,CUST-0196,Running Shoes,Fashion,3,73270.13,0,0.0,219810.39,155676.34,64134.05,29.18,Website,Abuja,Card,Completed
ORD-00658,2026-02-26,CUST-0425,Smart Watch,Electronics,3,87521.73,0,0.0,262565.19,200531.5,62033.69,23.63,Referral,Abuja,Card,Completed
ORD-01994,2026-02-26,CUST-0386,Sneakers,Fashion,1,74533.59,0,0.0,0.0,54345.89,0.0,0.0,Instagram,Port Harcourt,Card,Cancelled
ORD-01157,2026-02-26,CUST-0673,Laptop Backpack,Accessories,2,38220.15,0,0.0,76440.3,59278.62,17161.68,22.45,Instagram,Lagos,USSD,Completed
ORD-00402,2026-02-26,CUST-0387,Perfume,Beauty,1,40201.07,10,4020.11,36180.96,24261.49,11919.47,32.94,WhatsApp,Owerri,Card,Completed
ORD-01512,2026-02-27,CUST-0089,Laptop Backpack,Accessories,1,39684.66,0,0.0,39684.66,27126.29,-5906.68,-14.88,Referral,Benin,Transfer,Returned
ORD-00434,2026-02-27,CUST-0494,Water Bottle,Home & Office,1,20461.16,5,1023.06,19438.1,12082.95,7355.15,37.84,Referral,Owerri,Card,Completed
ORD-01580,2026-02-28,CUST-0278,Sneakers,Fashion,2,73508.08,5,7350.81,139665.35,94413.43,45251.92,32.4,Website,Enugu,Transfer,Completed
ORD-00923,2026-02-28,CUST-0570,Wireless Earbuds,Electronics,4,46018.0,10,18407.2,165664.8,105548.34,60116.46,36.29,Referral,Benin,USSD,Completed
ORD-01295,2026-02-28,CUST-0587,Running Shoes,Fashion,2,68520.93,0,0.0,137041.86,108887.88,28153.98,20.54,Instagram,Abuja,Card,Completed
ORD-00074,2026-03-01,CUST-0377,Running Shoes,Fashion,1,71579.3,0,0.0,0.0,49477.0,0.0,0.0,Website,Ibadan,Transfer,Cancelled
ORD-02150,2026-03-01,CUST-0157,Perfume,Beauty,1,41733.37,0,0.0,41733.37,27595.48,14137.89,33.88,Instagram,Enugu,USSD,Completed
ORD-01068,2026-03-02,CUST-0159,Laptop Backpack,Accessories,1,38835.93,0,0.0,38835.93,30546.63,8289.3,21.34,Referral,Ibadan,Transfer,Completed
ORD-01268,2026-03-02,CUST-0103,Wireless Earbuds,Electronics,3,44760.65,5,6714.1,127567.85,79573.57,47994.28,37.62,Instagram,Benin,Transfer,Completed
ORD-00358,2026-03-02,CUST-0239,Sneakers,Fashion,2,81633.82,5,8163.38,155104.26,109789.33,-11490.96,-7.41,Walk-in,Benin,Card,Returned
ORD-01399,2026-03-02,CUST-0078,Perfume,Beauty,1,39737.39,0,0.0,39737.39,27501.55,12235.84,30.79,Walk-in,Abuja,Card,Completed
ORD-01413,2026-03-02,CUST-0466,Office Chair,Home & Office,2,128755.72,20,51502.29,0.0,141956.65,0.0,0.0,Walk-in,Abuja,USSD,Cancelled
ORD-00170,2026-03-03,CUST-0051,Running Shoes,Fashion,1,65455.0,0,0.0,65455.0,52338.22,13116.78,20.04,Referral,Ibadan,Card,Completed
ORD-01549,2026-03-03,CUST-0221,Running Shoes,Fashion,1,68359.16,15,10253.87,0.0,44436.55,0.0,0.0,Walk-in,Abuja,Transfer,Cancelled
ORD-02138,2026-03-03,CUST-0031,Perfume,Beauty,2,41335.79,0,0.0,82671.58,63547.76,19123.82,23.13,Walk-in,Enugu,USSD,Completed
ORD-02373,2026-03-04,CUST-0098,Office Chair,Home & Office,2,123779.23,0,0.0,247558.46,165481.75,82076.71,33.15,Walk-in,Enugu,Cash,Completed
ORD-00399,2026-03-04,CUST-0187,Hoodie,Fashion,2,44547.59,10,8909.52,80185.66,56239.09,23946.57,29.86,Website,Enugu,USSD,Completed
ORD-00601,2026-03-04,CUST-0393,Perfume,Beauty,1,42336.31,0,0.0,42336.31,27031.31,-3701.82,-8.74,WhatsApp,Lagos,Transfer,Returned
ORD-01064,2026-03-04,CUST-0156,Sneakers,Fashion,2,75538.47,0,0.0,151076.94,107703.12,43373.82,28.71,Instagram,Ibadan,Card,Completed
ORD-00432,2026-03-05,CUST-0159,Office Chair,Home & Office,1,130981.31,0,0.0,130981.31,87269.72,43711.59,33.37,Website,Benin,Card,Completed
ORD-00885,2026-03-05,CUST-0051,Desk Lamp,Home & Office,1,30698.63,0,0.0,30698.63,25000.66,-1013.42,-3.3,Website,Owerri,Cash,Returned
ORD-01494,2026-03-05,CUST-0176,Water Bottle,Home & Office,2,18214.22,15,5464.27,30964.17,23236.03,-1166.27,-3.77,Walk-in,Benin,Card,Returned
ORD-02050,2026-03-05,CUST-0377,Wireless Earbuds,Electronics,2,47888.18,0,0.0,95776.36,61014.14,34762.22,36.3,Website,Ibadan,USSD,Completed
ORD-01251,2026-03-06,CUST-0338,Running Shoes,Fashion,3,73073.47,0,0.0,219220.41,137004.4,-16405.56,-7.48,Instagram,Benin,Card,Returned
ORD-02241,2026-03-06,CUST-0580,Wireless Earbuds,Electronics,2,44216.46,0,0.0,88432.92,70583.5,17849.42,20.18,Walk-in,Benin,USSD,Completed
ORD-01568,2026-03-06,CUST-0279,Hoodie,Fashion,1,44531.94,0,0.0,0.0,32824.62,0.0,0.0,Website,Enugu,Cash,Cancelled
ORD-00748,2026-03-07,CUST-0634,Office Chair,Home & Office,2,125646.48,5,12564.65,0.0,179612.51,0.0,0.0,Instagram,Abuja,Card,Cancelled
ORD-02129,2026-03-07,CUST-0516,Desk Lamp,Home & Office,1,33622.18,0,0.0,33622.18,24026.02,9596.16,28.54,Walk-in,Abuja,Card,Completed
ORD-02581,2026-03-07,CUST-0669,Perfume,Beauty,2,42828.38,5,4282.84,81373.92,56296.05,25077.87,30.82,WhatsApp,Benin,Cash,Completed
ORD-02230,2026-03-08,CUST-0492,Power Bank,Electronics,1,29837.02,5,1491.85,0.0,18885.92,0.0,0.0,Instagram,Benin,Cash,Cancelled
ORD-02491,2026-03-08,CUST-0579,Power Bank,Electronics,1,31194.81,0,0.0,31194.81,20453.65,-4592.33,-14.72,Referral,Owerri,Transfer,Returned
ORD-01345,2026-03-08,CUST-0544,Desk Lamp,Home & Office,1,34098.27,0,0.0,34098.27,22551.51,11546.76,33.86,Walk-in,Benin,USSD,Completed
ORD-02181,2026-03-08,CUST-0414,Wireless Earbuds,Electronics,1,44913.19,0,0.0,44913.19,35847.53,-1851.34,-4.12,WhatsApp,Benin,USSD,Returned
ORD-02107,2026-03-08,CUST-0539,Sneakers,Fashion,1,75279.75,10,7527.98,0.0,42905.52,0.0,0.0,Website,Lagos,Transfer,Cancelled
ORD-01867,2026-03-08,CUST-0270,Power Bank,Electronics,2,31037.22,5,3103.72,58970.72,42241.36,-4201.25,-7.12,Website,Owerri,USSD,Returned
ORD-01984,2026-03-08,CUST-0145,Water Bottle,Home & Office,2,18952.2,0,0.0,0.0,26651.04,0.0,0.0,WhatsApp,Lagos,Cash,Cancelled
ORD-01170,2026-03-08,CUST-0606,Laptop Backpack,Accessories,2,39237.86,0,0.0,0.0,55163.69,0.0,0.0,Website,Port Harcourt,USSD,Cancelled
ORD-01677,2026-03-09,CUST-0024,Wireless Earbuds,Electronics,1,48642.85,0,0.0,48642.85,30765.06,17877.79,36.75,WhatsApp,Lagos,Cash,Completed
ORD-00550,2026-03-09,CUST-0588,Smart Watch,Electronics,2,80953.67,15,24286.1,137621.24,100561.45,37059.79,26.93,Website,Benin,Cash,Completed
ORD-00486,2026-03-09,CUST-0480,Skincare Set,Beauty,1,62285.11,10,6228.51,0.0,43586.72,0.0,0.0,WhatsApp,Abuja,Cash,Cancelled
ORD-00676,2026-03-09,CUST-0158,Wireless Earbuds,Electronics,2,48299.0,0,0.0,96598.0,78249.77,-6151.13,-6.37,WhatsApp,Ibadan,Cash,Returned
ORD-01360,2026-03-10,CUST-0589,Hoodie,Fashion,1,44604.84,0,0.0,44604.84,35126.48,9478.36,21.25,Referral,Port Harcourt,Transfer,Completed
ORD-01628,2026-03-10,CUST-0234,Water Bottle,Home & Office,1,19619.23,5,980.96,0.0,11710.81,0.0,0.0,Instagram,Lagos,USSD,Cancelled
ORD-02966,2026-03-10,CUST-0249,Wireless Earbuds,Electronics,1,46417.62,0,0.0,46417.62,31332.35,-2407.61,-5.19,Website,Port Harcourt,Card,Returned
ORD-00996,2026-03-10,CUST-0258,Power Bank,Electronics,1,31944.35,5,1597.22,30347.13,19492.46,-5375.72,-17.71,Instagram,Enugu,Cash,Returned
ORD-00538,2026-03-10,CUST-0058,Wireless Earbuds,Electronics,1,47440.12,5,2372.01,45068.11,33760.83,-2163.96,-4.8,WhatsApp,Abuja,Transfer,Returned
ORD-01330,2026-03-11,CUST-0661,Power Bank,Electronics,2,30299.51,0,0.0,60599.02,37705.05,22893.97,37.78,WhatsApp,Owerri,Card,Completed
ORD-00203,2026-03-11,CUST-0436,Perfume,Beauty,1,38591.91,0,0.0,38591.91,26918.59,-5802.29,-15.03,WhatsApp,Benin,Cash,Returned
ORD-00275,2026-03-11,CUST-0165,Wireless Earbuds,Electronics,2,44328.31,0,0.0,88656.62,69019.56,19637.06,22.15,Walk-in,Owerri,Card,Completed
ORD-02850,2026-03-12,CUST-0497,Desk Lamp,Home & Office,1,31058.81,0,0.0,31058.81,21019.72,10039.09,32.32,Walk-in,Lagos,Transfer,Completed
ORD-02965,2026-03-12,CUST-0682,Laptop Backpack,Accessories,2,38750.23,0,0.0,77500.46,54230.39,23270.07,30.03,Instagram,Enugu,Transfer,Completed
ORD-00445,2026-03-12,CUST-0660,Power Bank,Electronics,1,29178.11,0,0.0,0.0,23405.53,0.0,0.0,Website,Enugu,Cash,Cancelled
ORD-02436,2026-03-12,CUST-0421,Running Shoes,Fashion,1,74763.73,5,3738.19,71025.54,49917.15,21108.39,29.72,Walk-in,Owerri,USSD,Completed
ORD-02638,2026-03-12,CUST-0063,Wireless Earbuds,Electronics,1,45580.79,20,9116.16,0.0,27166.25,0.0,0.0,WhatsApp,Benin,Cash,Cancelled
ORD-01557,2026-03-13,CUST-0322,Running Shoes,Fashion,1,73010.82,0,0.0,73010.82,54762.84,18247.98,24.99,Website,Benin,Transfer,Completed
ORD-01200,2026-03-13,CUST-0689,Power Bank,Electronics,1,31304.35,0,0.0,0.0,21962.26,0.0,0.0,WhatsApp,Owerri,Cash,Cancelled
ORD-02792,2026-03-13,CUST-0376,Skincare Set,Beauty,2,63233.01,0,0.0,126466.02,83845.77,-9219.52,-7.29,Referral,Ibadan,Cash,Returned
ORD-01137,2026-03-13,CUST-0364,Smart Watch,Electronics,2,84379.2,0,0.0,168758.4,119693.13,49065.27,29.07,Website,Benin,Transfer,Completed
ORD-02734,2026-03-13,CUST-0509,Running Shoes,Fashion,1,70095.05,5,3504.75,0.0,46329.22,0.0,0.0,Instagram,Enugu,Transfer,Cancelled
ORD-02725,2026-03-13,CUST-0157,Hoodie,Fashion,2,46929.52,5,4692.95,89166.09,57133.18,32032.91,35.92,Website,Lagos,USSD,Completed
ORD-01466,2026-03-13,CUST-0077,Wireless Earbuds,Electronics,2,46482.52,0,0.0,0.0,74540.13,0.0,0.0,Website,Lagos,Transfer,Cancelled
ORD-02027,2026-03-14,CUST-0519,Running Shoes,Fashion,2,71706.52,0,0.0,143413.04,94126.09,49286.95,34.37,Instagram,Ibadan,USSD,Completed
ORD-02902,2026-03-14,CUST-0418,Laptop Backpack,Accessories,1,37571.84,15,5635.78,31936.06,19884.24,-5809.86,-18.19,Referral,Enugu,USSD,Returned
ORD-00388,2026-03-14,CUST-0296,Office Chair,Home & Office,2,117969.02,0,0.0,0.0,179437.5,0.0,0.0,Instagram,Enugu,Card,Cancelled
ORD-02694,2026-03-14,CUST-0179,Power Bank,Electronics,1,31481.51,0,0.0,31481.51,22444.09,9037.42,28.71,Website,Port Harcourt,USSD,Completed
ORD-01218,2026-03-15,CUST-0236,Desk Lamp,Home & Office,1,34005.5,0,0.0,34005.5,22810.3,11195.2,32.92,Instagram,Abuja,Cash,Completed
ORD-00496,2026-03-16,CUST-0540,Hoodie,Fashion,1,47647.61,0,0.0,47647.61,36512.96,11134.65,23.37,WhatsApp,Owerri,Card,Completed
ORD-00677,2026-03-16,CUST-0017,Smart Watch,Electronics,1,88915.49,10,8891.55,80023.94,56073.09,23950.85,29.93,WhatsApp,Port Harcourt,Transfer,Completed
ORD-01586,2026-03-16,CUST-0615,Sneakers,Fashion,1,73906.73,0,0.0,73906.73,58758.62,-4700.58,-6.36,Referral,Port Harcourt,USSD,Returned
ORD-02768,2026-03-16,CUST-0182,Laptop Backpack,Accessories,2,37860.69,5,3786.07,0.0,52343.58,0.0,0.0,Website,Benin,Transfer,Cancelled
ORD-00535,2026-03-16,CUST-0477,Hoodie,Fashion,2,44311.47,0,0.0,88622.94,55314.15,33308.79,37.58,Walk-in,Lagos,Cash,Completed
ORD-02157,2026-03-16,CUST-0518,Hoodie,Fashion,3,46061.64,0,0.0,138184.92,96946.75,41238.17,29.84,WhatsApp,Benin,Card,Completed
ORD-01392,2026-03-16,CUST-0608,Smart Watch,Electronics,1,88260.33,0,0.0,88260.33,64739.58,23520.75,26.65,WhatsApp,Owerri,USSD,Completed
ORD-00852,2026-03-16,CUST-0017,Water Bottle,Home & Office,1,19323.07,0,0.0,0.0,14209.73,0.0,0.0,Instagram,Enugu,Cash,Cancelled
ORD-00448,2026-03-17,CUST-0278,Laptop Backpack,Accessories,2,39793.22,0,0.0,79586.44,51831.74,-9361.75,-11.76,Instagram,Owerri,Card,Returned
ORD-01177,2026-03-17,CUST-0385,Sneakers,Fashion,1,74044.24,0,0.0,74044.24,56835.66,17208.58,23.24,Instagram,Port Harcourt,Cash,Completed
ORD-01495,2026-03-18,CUST-0279,Laptop Backpack,Accessories,2,38388.35,10,7677.67,69099.03,46056.32,23042.71,33.35,Instagram,Enugu,Card,Completed
ORD-01148,2026-03-18,CUST-0513,Running Shoes,Fashion,1,66245.87,0,0.0,0.0,41715.91,0.0,0.0,Referral,Abuja,Transfer,Cancelled
ORD-00621,2026-03-18,CUST-0164,Desk Lamp,Home & Office,2,34173.86,20,13669.54,54678.18,44569.3,10108.88,18.49,WhatsApp,Benin,Transfer,Completed
ORD-00040,2026-03-18,CUST-0497,Wireless Earbuds,Electronics,1,46877.66,0,0.0,46877.66,37913.64,8964.02,19.12,Referral,Port Harcourt,USSD,Completed
ORD-01698,2026-03-19,CUST-0588,Laptop Backpack,Accessories,1,39665.88,5,1983.29,37682.59,24373.09,13309.5,35.32,Walk-in,Port Harcourt,USSD,Completed
ORD-02298,2026-03-19,CUST-0445,Laptop Backpack,Accessories,1,35760.2,0,0.0,0.0,25963.08,0.0,0.0,Website,Owerri,Transfer,Cancelled
ORD-02750,2026-03-19,CUST-0594,Office Chair,Home & Office,2,126035.87,10,25207.17,226864.57,164001.57,62863.0,27.71,Website,Lagos,USSD,Completed
ORD-00246,2026-03-19,CUST-0542,Desk Lamp,Home & Office,1,32115.69,0,0.0,32115.69,22362.87,-2761.42,-8.6,WhatsApp,Owerri,Card,Returned
ORD-01627,2026-03-19,CUST-0575,Hoodie,Fashion,1,46138.66,15,6920.8,39217.86,31910.47,7307.39,18.63,Referral,Abuja,Transfer,Completed
ORD-01497,2026-03-20,CUST-0140,Office Chair,Home & Office,1,119573.49,0,0.0,119573.49,82035.97,-12905.27,-10.79,Walk-in,Owerri,Cash,Returned
ORD-01199,2026-03-20,CUST-0244,Sneakers,Fashion,1,78577.17,0,0.0,78577.17,60074.56,18502.61,23.55,Walk-in,Lagos,Card,Completed
ORD-01880,2026-03-20,CUST-0445,Water Bottle,Home & Office,1,18716.54,0,0.0,18716.54,15141.76,3574.78,19.1,Instagram,Enugu,Card,Completed
ORD-00352,2026-03-21,CUST-0619,Office Chair,Home & Office,1,128835.91,0,0.0,128835.91,91281.42,37554.49,29.15,Walk-in,Benin,USSD,Completed
ORD-02019,2026-03-21,CUST-0422,Running Shoes,Fashion,2,73975.93,5,7397.59,0.0,90833.54,0.0,0.0,WhatsApp,Ibadan,USSD,Cancelled
ORD-02469,2026-03-21,CUST-0407,Office Chair,Home & Office,1,117174.01,10,11717.4,105456.61,68101.88,37354.73,35.42,Website,Enugu,Cash,Completed
ORD-02006,2026-03-21,CUST-0013,Office Chair,Home & Office,1,126578.25,0,0.0,126578.25,86242.17,40336.08,31.87,WhatsApp,Lagos,Transfer,Completed
ORD-02416,2026-03-22,CUST-0069,Power Bank,Electronics,1,29038.1,5,1451.9,27586.2,20774.57,6811.63,24.69,Website,Enugu,Card,Completed
ORD-00659,2026-03-22,CUST-0278,Office Chair,Home & Office,3,122439.08,20,73463.45,293853.79,213517.41,80336.38,27.34,WhatsApp,Benin,USSD,Completed
ORD-02439,2026-03-22,CUST-0252,Water Bottle,Home & Office,1,19057.21,0,0.0,19057.21,13809.79,5247.42,27.54,Website,Owerri,USSD,Completed
ORD-00521,2026-03-23,CUST-0335,Wireless Earbuds,Electronics,1,43481.89,0,0.0,43481.89,29622.48,13859.41,31.87,WhatsApp,Benin,Transfer,Completed
ORD-02273,2026-03-23,CUST-0137,Smart Watch,Electronics,1,88553.31,0,0.0,88553.31,68330.19,20223.12,22.84,Instagram,Abuja,USSD,Completed
ORD-00234,2026-03-23,CUST-0227,Smart Watch,Electronics,1,84577.69,15,12686.65,71891.04,52318.01,19573.03,27.23,Referral,Benin,Card,Completed
ORD-01014,2026-03-23,CUST-0432,Smart Watch,Electronics,1,85173.84,0,0.0,85173.84,64052.75,21121.09,24.8,Referral,Benin,Cash,Completed
ORD-00614,2026-03-23,CUST-0557,Laptop Backpack,Accessories,1,36863.33,0,0.0,36863.33,23837.92,13025.41,35.33,WhatsApp,Enugu,Card,Completed
ORD-02411,2026-03-23,CUST-0616,Water Bottle,Home & Office,2,20969.73,0,0.0,41939.46,34241.5,7697.96,18.35,Referral,Port Harcourt,Transfer,Completed
ORD-00922,2026-03-23,CUST-0420,Power Bank,Electronics,2,32296.39,20,12918.56,51674.22,32148.29,19525.93,37.79,Website,Abuja,USSD,Completed
ORD-00545,2026-03-23,CUST-0344,Office Chair,Home & Office,1,117606.91,0,0.0,117606.91,78580.32,-8615.21,-7.33,Website,Lagos,USSD,Returned
ORD-01278,2026-03-24,CUST-0034,Smart Watch,Electronics,1,89741.43,0,0.0,0.0,57741.56,0.0,0.0,WhatsApp,Lagos,Transfer,Cancelled
ORD-02287,2026-03-24,CUST-0673,Perfume,Beauty,2,38774.45,0,0.0,77548.9,58766.44,18782.46,24.22,Website,Owerri,USSD,Completed
ORD-02667,2026-03-25,CUST-0355,Water Bottle,Home & Office,1,18510.51,0,0.0,18510.51,12851.23,5659.28,30.57,Walk-in,Benin,USSD,Completed
ORD-01254,2026-03-25,CUST-0214,Sneakers,Fashion,2,79127.67,0,0.0,158255.34,112722.15,45533.19,28.77,Instagram,Port Harcourt,Transfer,Completed
ORD-00345,2026-03-25,CUST-0420,Wireless Earbuds,Electronics,1,48556.08,0,0.0,48556.08,39229.93,9326.15,19.21,Website,Ibadan,Transfer,Completed
ORD-02109,2026-03-25,CUST-0212,Desk Lamp,Home & Office,1,33691.74,0,0.0,0.0,27275.83,0.0,0.0,Walk-in,Owerri,Transfer,Cancelled
ORD-02330,2026-03-25,CUST-0033,Laptop Backpack,Accessories,1,40638.95,15,6095.84,34543.11,24047.31,10495.8,30.38,Referral,Abuja,USSD,Completed
ORD-02995,2026-03-25,CUST-0223,Laptop Backpack,Accessories,1,38577.37,0,0.0,0.0,30635.83,0.0,0.0,Website,Port Harcourt,Cash,Cancelled
ORD-01236,2026-03-26,CUST-0527,Desk Lamp,Home & Office,1,32063.32,20,6412.66,25650.66,20846.55,4804.11,18.73,Referral,Abuja,USSD,Completed
ORD-01658,2026-03-26,CUST-0225,Power Bank,Electronics,1,29933.1,0,0.0,29933.1,22027.2,7905.9,26.41,Walk-in,Ibadan,USSD,Completed
ORD-00058,2026-03-26,CUST-0374,Office Chair,Home & Office,3,131750.67,0,0.0,395252.01,247140.57,148111.44,37.47,Website,Abuja,USSD,Completed
ORD-02022,2026-03-26,CUST-0646,Desk Lamp,Home & Office,1,32141.19,0,0.0,32141.19,23133.63,9007.56,28.02,Referral,Owerri,Cash,Completed
ORD-02845,2026-03-26,CUST-0256,Perfume,Beauty,3,42656.38,20,25593.83,102375.31,82095.32,-6036.14,-5.9,Walk-in,Lagos,Card,Returned
ORD-02530,2026-03-27,CUST-0480,Sneakers,Fashion,1,78751.25,0,0.0,0.0,54513.28,0.0,0.0,Walk-in,Abuja,Card,Cancelled
ORD-02686,2026-03-27,CUST-0547,Laptop Backpack,Accessories,1,36618.81,10,3661.88,32956.93,21687.15,11269.78,34.2,Instagram,Port Harcourt,Transfer,Completed
ORD-00266,2026-03-27,CUST-0118,Power Bank,Electronics,2,32296.5,0,0.0,64593.0,44166.97,20426.03,31.62,Referral,Owerri,Card,Completed
ORD-00832,2026-03-28,CUST-0541,Running Shoes,Fashion,2,67892.07,15,20367.62,115416.52,82145.4,-12024.24,-10.42,Referral,Port Harcourt,Card,Returned
ORD-02070,2026-03-28,CUST-0525,Skincare Set,Beauty,1,59190.85,20,11838.17,47352.68,30855.41,16497.27,34.84,Referral,Ibadan,Card,Completed
ORD-01208,2026-03-28,CUST-0399,Skincare Set,Beauty,3,62907.41,0,0.0,0.0,125649.08,0.0,0.0,WhatsApp,Ibadan,Card,Cancelled
ORD-00139,2026-03-29,CUST-0524,Power Bank,Electronics,1,29780.04,5,1489.0,28291.04,21760.55,6530.49,23.08,Instagram,Benin,USSD,Completed
ORD-02628,2026-03-29,CUST-0107,Perfume,Beauty,1,41493.95,0,0.0,41493.95,27717.28,13776.67,33.2,Website,Ibadan,Cash,Completed
ORD-01500,2026-03-29,CUST-0325,Wireless Earbuds,Electronics,1,48458.03,0,0.0,48458.03,30796.69,17661.34,36.45,Instagram,Lagos,Cash,Completed
ORD-02043,2026-03-29,CUST-0160,Office Chair,Home & Office,1,121978.14,0,0.0,121978.14,98544.52,-5444.14,-4.46,Referral,Abuja,Cash,Returned
ORD-00183,2026-03-29,CUST-0657,Skincare Set,Beauty,1,59234.35,0,0.0,59234.35,46461.13,12773.22,21.56,Referral,Owerri,Cash,Completed
ORD-02396,2026-03-29,CUST-0115,Wireless Earbuds,Electronics,1,44541.19,15,6681.18,37860.01,24158.37,-3861.76,-10.2,WhatsApp,Enugu,Card,Returned
ORD-02507,2026-03-30,CUST-0518,Office Chair,Home & Office,2,127411.54,0,0.0,254823.08,198645.12,56177.96,22.05,Website,Ibadan,Card,Completed
ORD-00910,2026-03-30,CUST-0132,Desk Lamp,Home & Office,3,31909.99,0,0.0,0.0,69580.76,0.0,0.0,WhatsApp,Port Harcourt,USSD,Cancelled
ORD-01470,2026-03-30,CUST-0134,Sneakers,Fashion,1,82729.04,0,0.0,82729.04,67060.93,15668.11,18.94,WhatsApp,Benin,USSD,Completed
ORD-01008,2026-03-30,CUST-0563,Desk Lamp,Home & Office,1,33169.58,0,0.0,33169.58,25102.03,8067.55,24.32,Referral,Benin,USSD,Completed
ORD-00459,2026-03-30,CUST-0096,Laptop Backpack,Accessories,4,39376.24,10,15750.5,141754.46,116080.33,25674.13,18.11,Website,Ibadan,USSD,Completed
ORD-01256,2026-03-30,CUST-0217,Hoodie,Fashion,1,47194.53,15,7079.18,40115.35,32106.25,-2799.85,-6.98,WhatsApp,Lagos,USSD,Returned
ORD-02376,2026-03-30,CUST-0581,Laptop Backpack,Accessories,1,40468.05,0,0.0,40468.05,30180.12,10287.93,25.42,Website,Benin,Cash,Completed
ORD-01741,2026-03-30,CUST-0354,Wireless Earbuds,Electronics,1,46134.35,0,0.0,0.0,31268.49,0.0,0.0,Referral,Lagos,Transfer,Cancelled
ORD-00952,2026-03-31,CUST-0488,Office Chair,Home & Office,1,128876.47,0,0.0,0.0,89998.97,0.0,0.0,Website,Benin,Cash,Cancelled
ORD-00568,2026-03-31,CUST-0435,Perfume,Beauty,3,40018.43,0,0.0,120055.29,83876.9,36178.39,30.13,Instagram,Ibadan,Transfer,Completed
ORD-00108,2026-03-31,CUST-0363,Office Chair,Home & Office,3,124027.46,0,0.0,372082.38,269307.1,102775.28,27.62,Website,Port Harcourt,Card,Completed
ORD-00660,2026-03-31,CUST-0521,Perfume,Beauty,1,42156.12,0,0.0,42156.12,32696.16,9459.96,22.44,Referral,Abuja,Card,Completed
ORD-00296,2026-03-31,CUST-0329,Skincare Set,Beauty,1,60425.97,0,0.0,60425.97,46161.26,14264.71,23.61,WhatsApp,Enugu,USSD,Completed
ORD-00379,2026-03-31,CUST-0550,Perfume,Beauty,2,39118.9,5,3911.89,0.0,58163.2,0.0,0.0,WhatsApp,Owerri,USSD,Cancelled
ORD-01744,2026-04-01,CUST-0498,Perfume,Beauty,1,42248.7,0,0.0,42248.7,34537.0,7711.7,18.25,Website,Ibadan,Transfer,Completed
ORD-02726,2026-04-01,CUST-0026,Water Bottle,Home & Office,1,18650.23,0,0.0,18650.23,13134.37,5515.86,29.58,WhatsApp,Benin,Card,Completed
ORD-01274,2026-04-01,CUST-0297,Smart Watch,Electronics,2,79814.72,10,15962.94,143666.5,107161.14,-16846.76,-11.73,Referral,Abuja,Transfer,Returned
ORD-02374,2026-04-02,CUST-0272,Perfume,Beauty,1,43544.45,15,6531.67,37012.78,25378.51,-2481.66,-6.7,Instagram,Owerri,Transfer,Returned
ORD-00424,2026-04-02,CUST-0588,Sneakers,Fashion,3,77788.5,0,0.0,233365.5,147036.58,86328.92,36.99,Website,Benin,Transfer,Completed
ORD-02963,2026-04-02,CUST-0055,Laptop Backpack,Accessories,1,35937.35,0,0.0,35937.35,28516.86,7420.49,20.65,Website,Enugu,Transfer,Completed
ORD-01442,2026-04-03,CUST-0577,Smart Watch,Electronics,1,90722.08,0,0.0,90722.08,58187.79,32534.29,35.86,Referral,Port Harcourt,Cash,Completed
ORD-02885,2026-04-03,CUST-0194,Water Bottle,Home & Office,3,20623.12,0,0.0,61869.36,44911.69,16957.67,27.41,Instagram,Port Harcourt,Cash,Completed
ORD-02593,2026-04-03,CUST-0568,Perfume,Beauty,1,42476.76,0,0.0,42476.76,28525.73,13951.03,32.84,Instagram,Ibadan,Transfer,Completed
ORD-00061,2026-04-03,CUST-0446,Power Bank,Electronics,1,30332.0,0,0.0,0.0,24593.5,0.0,0.0,Website,Lagos,USSD,Cancelled
ORD-01632,2026-04-03,CUST-0321,Sneakers,Fashion,1,78368.85,10,7836.88,0.0,56933.04,0.0,0.0,Walk-in,Enugu,USSD,Cancelled
ORD-02478,2026-04-03,CUST-0021,Running Shoes,Fashion,3,69215.79,10,20764.74,186882.63,149185.16,-10145.72,-5.43,Website,Benin,USSD,Returned
ORD-01911,2026-04-03,CUST-0633,Laptop Backpack,Accessories,2,39734.85,0,0.0,0.0,57681.88,0.0,0.0,WhatsApp,Ibadan,USSD,Cancelled
ORD-02327,2026-04-03,CUST-0339,Laptop Backpack,Accessories,3,39706.84,0,0.0,119120.52,93994.72,25125.8,21.09,WhatsApp,Port Harcourt,Card,Completed
ORD-00440,2026-04-04,CUST-0121,Desk Lamp,Home & Office,2,34754.38,0,0.0,69508.76,46772.66,-10320.9,-14.85,Instagram,Abuja,Transfer,Returned
ORD-02121,2026-04-04,CUST-0654,Perfume,Beauty,1,39673.7,0,0.0,0.0,25948.95,0.0,0.0,WhatsApp,Owerri,Card,Cancelled
ORD-02094,2026-04-04,CUST-0190,Smart Watch,Electronics,1,79540.17,0,0.0,79540.17,52796.23,-4037.75,-5.08,Referral,Port Harcourt,Transfer,Returned
ORD-00554,2026-04-04,CUST-0590,Smart Watch,Electronics,1,84781.71,15,12717.26,0.0,52247.44,0.0,0.0,Instagram,Owerri,Transfer,Cancelled
ORD-00574,2026-04-04,CUST-0416,Office Chair,Home & Office,2,121459.64,0,0.0,242919.28,191661.9,51257.38,21.1,WhatsApp,Benin,Cash,Completed
ORD-00245,2026-04-05,CUST-0646,Wireless Earbuds,Electronics,2,47638.01,5,4763.8,90512.22,60829.4,29682.82,32.79,WhatsApp,Port Harcourt,Cash,Completed
ORD-02981,2026-04-05,CUST-0438,Office Chair,Home & Office,1,129635.06,15,19445.26,110189.8,77689.32,32500.48,29.49,Referral,Benin,Card,Completed
ORD-01550,2026-04-05,CUST-0621,Desk Lamp,Home & Office,1,33032.68,0,0.0,33032.68,24803.97,8228.71,24.91,Walk-in,Owerri,Card,Completed
ORD-01945,2026-04-05,CUST-0657,Skincare Set,Beauty,1,56148.85,0,0.0,56148.85,36482.02,-3923.05,-6.99,WhatsApp,Owerri,Transfer,Returned
ORD-00003,2026-04-05,CUST-0476,Office Chair,Home & Office,1,124239.49,0,0.0,124239.49,92231.74,32007.75,25.76,Referral,Benin,Transfer,Completed
ORD-00012,2026-04-06,CUST-0231,Power Bank,Electronics,1,31112.21,0,0.0,31112.21,22454.12,-1720.93,-5.53,Walk-in,Benin,Cash,Returned
ORD-02178,2026-04-06,CUST-0412,Power Bank,Electronics,1,30134.24,0,0.0,30134.24,24562.36,5571.88,18.49,Referral,Benin,Card,Completed
ORD-00823,2026-04-06,CUST-0638,Desk Lamp,Home & Office,1,34533.97,5,1726.7,32807.27,24495.67,8311.6,25.33,Instagram,Ibadan,Card,Completed
ORD-01772,2026-04-06,CUST-0340,Water Bottle,Home & Office,1,20817.11,0,0.0,20817.11,14734.39,6082.72,29.22,Referral,Enugu,USSD,Completed
ORD-00576,2026-04-06,CUST-0409,Sneakers,Fashion,3,76797.08,20,46078.25,0.0,145187.36,0.0,0.0,Referral,Owerri,Transfer,Cancelled
ORD-01652,2026-04-06,CUST-0063,Office Chair,Home & Office,1,126054.28,0,0.0,126054.28,89612.19,36442.09,28.91,Referral,Benin,Transfer,Completed
ORD-00647,2026-04-06,CUST-0236,Laptop Backpack,Accessories,1,39114.99,0,0.0,39114.99,24908.13,14206.86,36.32,Walk-in,Enugu,Card,Completed
ORD-00746,2026-04-06,CUST-0497,Perfume,Beauty,1,43591.19,0,0.0,43591.19,29302.25,14288.94,32.78,WhatsApp,Port Harcourt,Cash,Completed
ORD-02444,2026-04-06,CUST-0259,Wireless Earbuds,Electronics,1,46418.95,5,2320.95,0.0,31472.17,0.0,0.0,Walk-in,Port Harcourt,Transfer,Cancelled
ORD-01820,2026-04-07,CUST-0561,Perfume,Beauty,3,42672.3,5,6400.84,0.0,89664.7,0.0,0.0,Instagram,Abuja,Cash,Cancelled
ORD-01516,2026-04-07,CUST-0166,Hoodie,Fashion,1,45694.81,10,4569.48,41125.33,33343.55,7781.78,18.92,WhatsApp,Owerri,Transfer,Completed
ORD-01158,2026-04-07,CUST-0271,Laptop Backpack,Accessories,1,38726.58,0,0.0,38726.58,31015.92,7710.66,19.91,Referral,Port Harcourt,Cash,Completed
ORD-02166,2026-04-08,CUST-0265,Skincare Set,Beauty,2,58491.67,0,0.0,0.0,73890.26,0.0,0.0,Instagram,Owerri,Transfer,Cancelled
ORD-01441,2026-04-08,CUST-0088,Water Bottle,Home & Office,3,18460.02,0,0.0,55380.06,35224.02,20156.04,36.4,WhatsApp,Lagos,Cash,Completed
ORD-02293,2026-04-08,CUST-0256,Desk Lamp,Home & Office,2,34578.35,0,0.0,69156.7,46869.71,-5262.54,-7.61,Instagram,Owerri,Transfer,Returned
ORD-02073,2026-04-08,CUST-0443,Wireless Earbuds,Electronics,4,43537.4,0,0.0,174149.6,140497.32,-6936.6,-3.98,Instagram,Benin,Transfer,Returned
ORD-02477,2026-04-08,CUST-0475,Running Shoes,Fashion,1,73877.84,0,0.0,0.0,48720.75,0.0,0.0,Instagram,Owerri,Transfer,Cancelled
ORD-00789,2026-04-09,CUST-0355,Perfume,Beauty,1,40491.89,0,0.0,40491.89,27067.15,13424.74,33.15,Website,Owerri,Cash,Completed
ORD-00618,2026-04-09,CUST-0314,Desk Lamp,Home & Office,3,32410.86,0,0.0,0.0,74719.32,0.0,0.0,Walk-in,Port Harcourt,Transfer,Cancelled
ORD-00887,2026-04-09,CUST-0440,Perfume,Beauty,1,42232.75,15,6334.91,35897.84,23433.54,12464.3,34.72,Referral,Ibadan,Transfer,Completed
ORD-00916,2026-04-09,CUST-0018,Perfume,Beauty,2,40214.94,0,0.0,80429.88,50926.47,-4454.86,-5.54,Walk-in,Ibadan,Transfer,Returned
ORD-00020,2026-04-09,CUST-0148,Power Bank,Electronics,1,31273.54,0,0.0,31273.54,22592.59,8680.95,27.76,Referral,Lagos,Card,Completed
ORD-00932,2026-04-09,CUST-0620,Sneakers,Fashion,1,82617.95,0,0.0,82617.95,63305.53,19312.42,23.38,Walk-in,Enugu,USSD,Completed
ORD-00826,2026-04-09,CUST-0607,Power Bank,Electronics,1,28484.66,5,1424.23,27060.43,18408.62,8651.81,31.97,Referral,Benin,Transfer,Completed
ORD-02508,2026-04-09,CUST-0303,Smart Watch,Electronics,2,82487.5,0,0.0,164975.0,114965.06,50009.94,30.31,Referral,Abuja,Cash,Completed
ORD-00770,2026-04-09,CUST-0310,Power Bank,Electronics,1,30355.53,15,4553.33,25802.2,20796.6,-1612.35,-6.25,Instagram,Abuja,Transfer,Returned
ORD-01661,2026-04-09,CUST-0021,Smart Watch,Electronics,2,82859.0,5,8285.9,157432.1,98305.01,59127.09,37.56,Instagram,Lagos,USSD,Completed
ORD-01128,2026-04-10,CUST-0097,Perfume,Beauty,1,40543.21,0,0.0,40543.21,33071.73,7471.48,18.43,Instagram,Benin,Card,Completed
ORD-01105,2026-04-10,CUST-0474,Perfume,Beauty,1,40643.22,15,6096.48,0.0,21798.34,0.0,0.0,Referral,Benin,Cash,Cancelled
ORD-01719,2026-04-10,CUST-0446,Perfume,Beauty,1,39374.35,0,0.0,39374.35,26663.66,12710.69,32.28,Instagram,Lagos,Card,Completed
ORD-01025,2026-04-10,CUST-0024,Desk Lamp,Home & Office,1,31658.51,0,0.0,0.0,21343.59,0.0,0.0,Referral,Enugu,Cash,Cancelled
ORD-01182,2026-04-10,CUST-0357,Running Shoes,Fashion,2,73814.74,0,0.0,147629.48,114465.06,33164.42,22.46,WhatsApp,Abuja,Card,Completed
ORD-00210,2026-04-11,CUST-0407,Smart Watch,Electronics,1,87656.18,10,8765.62,78890.56,52280.95,26609.61,33.73,Referral,Ibadan,Transfer,Completed
ORD-00894,2026-04-11,CUST-0276,Office Chair,Home & Office,1,133841.03,0,0.0,133841.03,93813.06,40027.97,29.91,Walk-in,Abuja,USSD,Completed
ORD-01460,2026-04-11,CUST-0579,Hoodie,Fashion,4,45882.1,15,27529.26,155999.14,109428.25,46570.89,29.85,Instagram,Port Harcourt,USSD,Completed
ORD-00640,2026-04-11,CUST-0615,Smart Watch,Electronics,1,83413.96,0,0.0,83413.96,55358.56,28055.4,33.63,Walk-in,Enugu,Transfer,Completed
ORD-02229,2026-04-11,CUST-0560,Desk Lamp,Home & Office,2,31544.46,5,3154.45,59934.47,46893.98,-4343.1,-7.25,Instagram,Port Harcourt,USSD,Returned
ORD-01335,2026-04-11,CUST-0650,Desk Lamp,Home & Office,1,33570.62,10,3357.06,0.0,23846.65,0.0,0.0,Referral,Ibadan,USSD,Cancelled
ORD-02144,2026-04-11,CUST-0057,Perfume,Beauty,1,41151.08,0,0.0,41151.08,26520.76,14630.32,35.55,Referral,Owerri,Cash,Completed
ORD-00500,2026-04-11,CUST-0347,Perfume,Beauty,2,38682.08,0,0.0,77364.16,60037.88,17326.28,22.4,WhatsApp,Lagos,Card,Completed
ORD-01436,2026-04-12,CUST-0159,Skincare Set,Beauty,4,62295.96,0,0.0,0.0,202177.64,0.0,0.0,Instagram,Owerri,USSD,Cancelled
ORD-02904,2026-04-12,CUST-0534,Sneakers,Fashion,1,81482.47,15,12222.37,69260.1,56256.11,-3066.51,-4.43,WhatsApp,Enugu,Cash,Returned
ORD-02919,2026-04-12,CUST-0690,Running Shoes,Fashion,2,66637.5,0,0.0,133275.0,85956.99,47318.01,35.5,WhatsApp,Ibadan,Cash,Completed
ORD-00734,2026-04-13,CUST-0413,Wireless Earbuds,Electronics,1,48161.9,0,0.0,48161.9,36668.58,11493.32,23.86,Referral,Port Harcourt,Card,Completed
ORD-02837,2026-04-13,CUST-0477,Smart Watch,Electronics,1,87367.45,5,4368.37,0.0,61162.0,0.0,0.0,WhatsApp,Owerri,Transfer,Cancelled
ORD-01914,2026-04-13,CUST-0317,Office Chair,Home & Office,1,123984.58,15,18597.69,105386.89,79060.58,26326.31,24.98,Instagram,Enugu,Cash,Completed
ORD-01145,2026-04-13,CUST-0245,Office Chair,Home & Office,2,133658.52,0,0.0,267317.04,203108.95,64208.09,24.02,Referral,Abuja,Transfer,Completed
ORD-02460,2026-04-13,CUST-0625,Skincare Set,Beauty,2,55805.73,10,11161.15,100450.31,72171.85,28278.46,28.15,Website,Benin,Card,Completed
ORD-01895,2026-04-14,CUST-0490,Smart Watch,Electronics,1,87630.11,0,0.0,87630.11,60730.53,26899.58,30.7,Website,Lagos,Cash,Completed
ORD-01612,2026-04-14,CUST-0135,Running Shoes,Fashion,1,73072.72,0,0.0,73072.72,59470.12,13602.6,18.62,Website,Lagos,Transfer,Completed
ORD-00216,2026-04-14,CUST-0020,Hoodie,Fashion,2,42583.03,0,0.0,85166.06,58858.15,26307.91,30.89,Website,Benin,Cash,Completed
ORD-02139,2026-04-15,CUST-0191,Laptop Backpack,Accessories,1,35631.49,0,0.0,35631.49,29073.31,6558.18,18.41,Walk-in,Lagos,Card,Completed
ORD-02281,2026-04-15,CUST-0040,Skincare Set,Beauty,2,60764.9,0,0.0,121529.8,90515.9,31013.9,25.52,Walk-in,Abuja,USSD,Completed
ORD-00171,2026-04-15,CUST-0669,Power Bank,Electronics,1,30419.63,0,0.0,30419.63,20593.32,9826.31,32.3,Referral,Port Harcourt,USSD,Completed
ORD-01904,2026-04-15,CUST-0181,Wireless Earbuds,Electronics,2,43755.22,0,0.0,87510.44,56160.63,31349.81,35.82,Referral,Ibadan,Card,Completed
ORD-00026,2026-04-15,CUST-0027,Sneakers,Fashion,1,79351.74,20,15870.35,63481.39,45538.28,17943.11,28.27,Instagram,Ibadan,Transfer,Completed
ORD-01203,2026-04-15,CUST-0329,Office Chair,Home & Office,1,120537.17,15,18080.58,0.0,81202.76,0.0,0.0,Walk-in,Ibadan,USSD,Cancelled
ORD-02842,2026-04-15,CUST-0619,Perfume,Beauty,1,41229.95,0,0.0,0.0,31803.54,0.0,0.0,WhatsApp,Ibadan,Cash,Cancelled
ORD-02767,2026-04-16,CUST-0433,Water Bottle,Home & Office,2,19187.45,20,7674.98,30699.92,20869.31,9830.61,32.02,Instagram,Port Harcourt,Cash,Completed
ORD-00103,2026-04-16,CUST-0053,Sneakers,Fashion,1,79699.4,0,0.0,79699.4,58213.19,21486.21,26.96,Referral,Port Harcourt,USSD,Completed
ORD-01339,2026-04-16,CUST-0125,Hoodie,Fashion,2,45145.94,0,0.0,90291.88,56596.68,33695.2,37.32,Instagram,Ibadan,Transfer,Completed
ORD-00698,2026-04-16,CUST-0304,Sneakers,Fashion,2,75261.39,0,0.0,150522.78,115276.7,35246.08,23.42,WhatsApp,Abuja,Card,Completed
ORD-01961,2026-04-16,CUST-0397,Wireless Earbuds,Electronics,3,44407.99,0,0.0,133223.97,98633.88,-17216.15,-12.92,Instagram,Owerri,Card,Returned
ORD-01946,2026-04-16,CUST-0190,Smart Watch,Electronics,1,87979.6,10,8797.96,0.0,59731.03,0.0,0.0,WhatsApp,Lagos,USSD,Cancelled
ORD-02487,2026-04-16,CUST-0030,Wireless Earbuds,Electronics,2,47916.85,0,0.0,95833.7,62507.28,33326.42,34.78,Instagram,Lagos,Cash,Completed
ORD-02835,2026-04-16,CUST-0279,Laptop Backpack,Accessories,1,35741.5,20,7148.3,28593.2,22302.8,6290.4,22.0,Walk-in,Enugu,Transfer,Completed
ORD-00418,2026-04-16,CUST-0149,Laptop Backpack,Accessories,1,39095.99,0,0.0,39095.99,25729.93,-6403.38,-16.38,Website,Owerri,Card,Returned
ORD-00835,2026-04-17,CUST-0412,Office Chair,Home & Office,1,116570.96,0,0.0,116570.96,73537.9,43033.06,36.92,WhatsApp,Benin,Card,Completed
ORD-00227,2026-04-17,CUST-0314,Sneakers,Fashion,1,81884.73,10,8188.47,0.0,54895.25,0.0,0.0,Walk-in,Abuja,Card,Cancelled
ORD-02431,2026-04-18,CUST-0149,Hoodie,Fashion,1,42613.21,10,4261.32,38351.89,29760.79,8591.1,22.4,Walk-in,Benin,Cash,Completed
ORD-02286,2026-04-18,CUST-0338,Power Bank,Electronics,1,29968.14,0,0.0,29968.14,21718.51,8249.63,27.53,Walk-in,Ibadan,Card,Completed
ORD-01998,2026-04-18,CUST-0532,Office Chair,Home & Office,1,129071.86,0,0.0,129071.86,86154.86,42917.0,33.25,Walk-in,Port Harcourt,Card,Completed
ORD-02189,2026-04-18,CUST-0325,Power Bank,Electronics,2,29892.98,5,2989.3,0.0,36153.89,0.0,0.0,Instagram,Ibadan,USSD,Cancelled
ORD-00930,2026-04-18,CUST-0040,Perfume,Beauty,1,40987.01,0,0.0,40987.01,32177.33,8809.68,21.49,Walk-in,Enugu,Card,Completed
ORD-00340,2026-04-19,CUST-0098,Laptop Backpack,Accessories,1,37237.6,0,0.0,37237.6,25055.51,12182.09,32.71,Website,Port Harcourt,USSD,Completed
ORD-00332,2026-04-19,CUST-0419,Laptop Backpack,Accessories,2,39283.43,0,0.0,78566.86,49107.33,29459.53,37.5,Instagram,Lagos,Transfer,Completed
ORD-02175,2026-04-19,CUST-0175,Sneakers,Fashion,1,79148.08,0,0.0,79148.08,52564.55,-5741.58,-7.25,Referral,Port Harcourt,Cash,Returned
ORD-00286,2026-04-19,CUST-0567,Perfume,Beauty,1,39775.85,0,0.0,39775.85,31052.87,-1773.52,-4.46,WhatsApp,Enugu,Card,Returned
ORD-00965,2026-04-20,CUST-0457,Desk Lamp,Home & Office,1,34077.14,0,0.0,0.0,23005.11,0.0,0.0,Website,Lagos,Transfer,Cancelled
ORD-00979,2026-04-20,CUST-0348,Hoodie,Fashion,2,43933.44,0,0.0,87866.88,58165.99,-11434.21,-13.01,Website,Owerri,Transfer,Returned
ORD-02891,2026-04-20,CUST-0029,Laptop Backpack,Accessories,2,38276.96,0,0.0,76553.92,47568.51,28985.41,37.86,WhatsApp,Abuja,Transfer,Completed
ORD-00094,2026-04-20,CUST-0180,Smart Watch,Electronics,3,85779.87,0,0.0,257339.61,206527.88,-10758.64,-4.18,Walk-in,Lagos,Card,Returned
ORD-00467,2026-04-20,CUST-0685,Water Bottle,Home & Office,2,20103.19,5,2010.32,38196.06,30349.52,-3908.67,-10.23,WhatsApp,Ibadan,Card,Returned
ORD-02707,2026-04-20,CUST-0191,Laptop Backpack,Accessories,1,38921.84,5,1946.09,36975.75,25046.81,11928.94,32.26,Instagram,Lagos,Cash,Completed
ORD-01709,2026-04-20,CUST-0240,Skincare Set,Beauty,1,60864.42,20,12172.88,48691.54,38726.82,9964.72,20.46,Instagram,Abuja,USSD,Completed
ORD-02721,2026-04-20,CUST-0647,Perfume,Beauty,1,41527.96,10,4152.8,37375.16,28955.37,-2584.04,-6.91,Referral,Benin,Transfer,Returned
ORD-01577,2026-04-21,CUST-0390,Smart Watch,Electronics,2,87482.76,0,0.0,174965.52,119098.28,55867.24,31.93,Walk-in,Abuja,Cash,Completed
ORD-02738,2026-04-21,CUST-0076,Smart Watch,Electronics,1,80520.73,10,8052.07,72468.66,53689.06,18779.6,25.91,Referral,Abuja,USSD,Completed
ORD-02817,2026-04-21,CUST-0605,Office Chair,Home & Office,1,122688.81,0,0.0,122688.81,92447.84,30240.97,24.65,Referral,Lagos,Cash,Completed
ORD-01532,2026-04-21,CUST-0616,Wireless Earbuds,Electronics,1,46133.41,5,2306.67,43826.74,29504.62,-7046.5,-16.08,WhatsApp,Enugu,Cash,Returned
ORD-01630,2026-04-21,CUST-0139,Hoodie,Fashion,1,43520.58,0,0.0,43520.58,28119.4,15401.18,35.39,Instagram,Ibadan,Transfer,Completed
ORD-02154,2026-04-22,CUST-0358,Sneakers,Fashion,1,80543.08,0,0.0,0.0,52193.01,0.0,0.0,Instagram,Benin,Cash,Cancelled
ORD-01234,2026-04-22,CUST-0005,Wireless Earbuds,Electronics,2,43274.29,0,0.0,86548.58,61438.12,25110.46,29.01,Instagram,Lagos,Cash,Completed
ORD-00120,2026-04-22,CUST-0359,Running Shoes,Fashion,1,71360.47,0,0.0,71360.47,49927.89,-6348.72,-8.9,Referral,Ibadan,Card,Returned
ORD-00097,2026-04-22,CUST-0114,Perfume,Beauty,1,40078.8,5,2003.94,38074.86,27624.44,-3179.72,-8.35,WhatsApp,Benin,USSD,Returned
ORD-01781,2026-04-22,CUST-0016,Wireless Earbuds,Electronics,4,44841.65,0,0.0,179366.6,136472.56,42894.04,23.91,Walk-in,Ibadan,Cash,Completed
ORD-01491,2026-04-22,CUST-0459,Office Chair,Home & Office,3,129708.99,15,58369.05,330757.92,225322.13,105435.79,31.88,Website,Enugu,USSD,Completed
ORD-02598,2026-04-22,CUST-0654,Office Chair,Home & Office,2,120562.4,0,0.0,241124.8,156046.67,85078.13,35.28,Website,Abuja,Transfer,Completed
ORD-01020,2026-04-23,CUST-0567,Wireless Earbuds,Electronics,2,48490.41,15,14547.12,82433.7,62965.8,19467.9,23.62,Referral,Lagos,Card,Completed
ORD-01508,2026-04-23,CUST-0245,Power Bank,Electronics,1,30122.84,10,3012.28,27110.56,17716.33,9394.23,34.65,Website,Owerri,Card,Completed
ORD-00889,2026-04-23,CUST-0640,Desk Lamp,Home & Office,1,34265.86,0,0.0,34265.86,22128.75,12137.11,35.42,Walk-in,Owerri,Card,Completed
ORD-01536,2026-04-24,CUST-0397,Running Shoes,Fashion,2,74788.6,0,0.0,149577.2,103631.82,45945.38,30.72,Referral,Port Harcourt,Transfer,Completed
ORD-02024,2026-04-24,CUST-0541,Skincare Set,Beauty,1,55816.46,20,11163.29,44653.17,30144.24,14508.93,32.49,WhatsApp,Port Harcourt,Transfer,Completed
ORD-02949,2026-04-24,CUST-0043,Water Bottle,Home & Office,1,18677.4,0,0.0,0.0,13167.05,0.0,0.0,Website,Abuja,Cash,Cancelled
ORD-02096,2026-04-24,CUST-0414,Laptop Backpack,Accessories,2,40568.91,0,0.0,81137.82,64907.79,16230.03,20.0,Walk-in,Abuja,Transfer,Completed
ORD-01006,2026-04-25,CUST-0497,Running Shoes,Fashion,1,68034.95,5,3401.75,64633.2,51087.99,-3646.39,-5.64,Website,Owerri,Card,Returned
ORD-01810,2026-04-25,CUST-0637,Laptop Backpack,Accessories,3,39390.63,0,0.0,118171.89,76780.74,-17286.08,-14.63,Instagram,Benin,USSD,Returned
ORD-00253,2026-04-25,CUST-0659,Wireless Earbuds,Electronics,1,46761.21,0,0.0,46761.21,37508.82,-3893.94,-8.33,Instagram,Owerri,Card,Returned
ORD-02103,2026-04-25,CUST-0132,Office Chair,Home & Office,1,130392.35,0,0.0,130392.35,91856.56,38535.79,29.55,WhatsApp,Enugu,Transfer,Completed
ORD-02231,2026-04-26,CUST-0523,Skincare Set,Beauty,1,56523.86,20,11304.77,0.0,35025.3,0.0,0.0,Walk-in,Benin,Card,Cancelled
ORD-00186,2026-04-26,CUST-0449,Sneakers,Fashion,1,76505.01,0,0.0,76505.01,61769.5,14735.51,19.26,WhatsApp,Port Harcourt,USSD,Completed
ORD-00410,2026-04-26,CUST-0614,Office Chair,Home & Office,2,125747.57,15,37724.27,213770.87,149097.59,64673.28,30.25,Walk-in,Ibadan,USSD,Completed
ORD-01471,2026-04-27,CUST-0172,Office Chair,Home & Office,1,128270.31,5,6413.52,121856.79,81956.35,39900.44,32.74,Walk-in,Lagos,Cash,Completed
ORD-02328,2026-04-27,CUST-0610,Wireless Earbuds,Electronics,1,44442.12,0,0.0,44442.12,34313.37,10128.75,22.79,Instagram,Owerri,Cash,Completed
ORD-02214,2026-04-28,CUST-0545,Running Shoes,Fashion,1,73888.09,0,0.0,73888.09,59797.76,14090.33,19.07,Website,Port Harcourt,Transfer,Completed
ORD-00636,2026-04-28,CUST-0039,Office Chair,Home & Office,1,132823.81,15,19923.57,112900.24,71250.1,41650.14,36.89,WhatsApp,Owerri,Cash,Completed
ORD-02670,2026-04-28,CUST-0352,Skincare Set,Beauty,1,57133.56,0,0.0,57133.56,42356.63,14776.93,25.86,Walk-in,Enugu,Cash,Completed
ORD-01927,2026-04-28,CUST-0107,Office Chair,Home & Office,1,129617.94,0,0.0,0.0,82723.89,0.0,0.0,Website,Benin,Card,Cancelled
ORD-00303,2026-04-29,CUST-0504,Sneakers,Fashion,2,79781.95,0,0.0,159563.9,125409.67,34154.23,21.4,Walk-in,Enugu,Cash,Completed
ORD-01631,2026-04-29,CUST-0644,Wireless Earbuds,Electronics,1,44949.16,10,4494.92,40454.24,26171.26,14282.98,35.31,WhatsApp,Ibadan,USSD,Completed
ORD-02021,2026-04-29,CUST-0019,Wireless Earbuds,Electronics,4,46683.15,0,0.0,186732.6,142527.76,44204.84,23.67,Instagram,Owerri,Card,Completed
ORD-02594,2026-04-29,CUST-0339,Wireless Earbuds,Electronics,1,44943.25,0,0.0,44943.25,28711.07,16232.18,36.12,Walk-in,Lagos,Card,Completed
ORD-02796,2026-04-30,CUST-0604,Desk Lamp,Home & Office,1,31492.2,0,0.0,0.0,22329.23,0.0,0.0,Referral,Ibadan,Transfer,Cancelled
ORD-00372,2026-04-30,CUST-0442,Power Bank,Electronics,1,31287.43,0,0.0,31287.43,20618.26,10669.17,34.1,Website,Benin,Cash,Completed
ORD-01118,2026-04-30,CUST-0635,Perfume,Beauty,2,42463.83,0,0.0,84927.66,68187.48,16740.18,19.71,WhatsApp,Benin,Transfer,Completed
ORD-02430,2026-04-30,CUST-0310,Hoodie,Fashion,1,42399.29,0,0.0,42399.29,32572.78,9826.51,23.18,Website,Port Harcourt,Card,Completed
ORD-00948,2026-04-30,CUST-0477,Skincare Set,Beauty,1,56833.35,10,5683.34,0.0,33094.45,0.0,0.0,WhatsApp,Lagos,USSD,Cancelled
ORD-02219,2026-04-30,CUST-0109,Water Bottle,Home & Office,1,18696.88,0,0.0,18696.88,13222.65,-840.06,-4.49,Instagram,Abuja,Cash,Returned
ORD-01849,2026-04-30,CUST-0327,Skincare Set,Beauty,1,56666.34,0,0.0,56666.34,42630.96,14035.38,24.77,Instagram,Port Harcourt,Cash,Completed
ORD-02123,2026-05-01,CUST-0124,Smart Watch,Electronics,1,84541.98,0,0.0,0.0,57845.97,0.0,0.0,Referral,Lagos,Card,Cancelled
ORD-01922,2026-05-01,CUST-0163,Smart Watch,Electronics,1,86379.4,0,0.0,86379.4,53576.94,32802.46,37.97,WhatsApp,Lagos,Transfer,Completed
ORD-00843,2026-05-01,CUST-0264,Laptop Backpack,Accessories,2,38884.16,15,11665.25,66103.07,46390.17,19712.9,29.82,Website,Benin,Card,Completed
ORD-02751,2026-05-01,CUST-0587,Skincare Set,Beauty,1,55774.35,0,0.0,0.0,36689.81,0.0,0.0,WhatsApp,Ibadan,Card,Cancelled
ORD-00859,2026-05-01,CUST-0143,Perfume,Beauty,2,38622.77,15,11586.83,65658.71,44078.82,21579.89,32.87,Website,Lagos,Cash,Completed
ORD-01768,2026-05-01,CUST-0551,Water Bottle,Home & Office,1,18325.48,0,0.0,18325.48,12452.97,5872.51,32.05,Walk-in,Owerri,Card,Completed
ORD-00954,2026-05-01,CUST-0221,Perfume,Beauty,2,40476.32,0,0.0,80952.64,63192.37,-7921.04,-9.78,Referral,Benin,Card,Returned
ORD-02409,2026-05-02,CUST-0118,Desk Lamp,Home & Office,2,31135.5,0,0.0,62271.0,50393.69,11877.31,19.07,WhatsApp,Lagos,USSD,Completed
ORD-02894,2026-05-02,CUST-0207,Water Bottle,Home & Office,1,20487.65,0,0.0,20487.65,13131.87,7355.78,35.9,Walk-in,Ibadan,Transfer,Completed
ORD-00277,2026-05-02,CUST-0147,Water Bottle,Home & Office,1,19922.31,0,0.0,19922.31,12489.14,-1502.08,-7.54,Instagram,Owerri,USSD,Returned
ORD-00858,2026-05-03,CUST-0331,Power Bank,Electronics,1,30546.31,0,0.0,30546.31,23457.25,-2969.12,-9.72,WhatsApp,Lagos,USSD,Returned
ORD-01601,2026-05-03,CUST-0637,Sneakers,Fashion,2,73668.2,0,0.0,0.0,117219.12,0.0,0.0,Referral,Enugu,Card,Cancelled
ORD-02366,2026-05-04,CUST-0504,Perfume,Beauty,1,38839.15,0,0.0,38839.15,31763.23,-1183.43,-3.05,Walk-in,Owerri,Transfer,Returned
ORD-02772,2026-05-04,CUST-0625,Water Bottle,Home & Office,1,19655.45,0,0.0,19655.45,13706.5,5948.95,30.27,Referral,Enugu,Cash,Completed
ORD-00010,2026-05-05,CUST-0048,Sneakers,Fashion,2,82045.59,10,16409.12,147682.06,104838.04,42844.02,29.01,Walk-in,Port Harcourt,USSD,Completed
ORD-00815,2026-05-05,CUST-0145,Office Chair,Home & Office,2,126548.67,0,0.0,253097.34,205830.18,47267.16,18.68,Referral,Enugu,USSD,Completed
ORD-01714,2026-05-05,CUST-0193,Running Shoes,Fashion,2,69021.28,0,0.0,138042.56,91872.48,46170.08,33.45,Instagram,Enugu,Transfer,Completed
ORD-01031,2026-05-05,CUST-0011,Power Bank,Electronics,1,29298.74,10,2929.87,26368.87,18729.32,7639.55,28.97,Referral,Port Harcourt,Card,Completed
ORD-01857,2026-05-05,CUST-0465,Desk Lamp,Home & Office,1,31032.45,0,0.0,31032.45,22164.85,-2783.6,-8.97,Website,Owerri,USSD,Returned
ORD-00439,2026-05-05,CUST-0116,Skincare Set,Beauty,2,57954.94,10,11590.99,104318.89,65770.79,38548.1,36.95,Instagram,Abuja,Cash,Completed
ORD-02789,2026-05-06,CUST-0604,Skincare Set,Beauty,1,60695.46,0,0.0,60695.46,40779.73,19915.73,32.81,Instagram,Lagos,Transfer,Completed
ORD-00213,2026-05-06,CUST-0112,Skincare Set,Beauty,1,61135.61,0,0.0,61135.61,40203.08,20932.53,34.24,Walk-in,Lagos,USSD,Completed
ORD-01639,2026-05-07,CUST-0083,Perfume,Beauty,1,39766.88,20,7953.38,31813.5,21454.94,-3021.72,-9.5,Instagram,Abuja,Transfer,Returned
ORD-00311,2026-05-07,CUST-0090,Hoodie,Fashion,1,46046.3,0,0.0,46046.3,32293.87,13752.43,29.87,Website,Owerri,Cash,Completed
ORD-01414,2026-05-07,CUST-0691,Skincare Set,Beauty,1,55578.59,15,8336.79,47241.8,37319.81,9921.99,21.0,Website,Ibadan,Cash,Completed
ORD-00415,2026-05-07,CUST-0511,Desk Lamp,Home & Office,1,30770.49,0,0.0,30770.49,20003.72,-3306.18,-10.74,Instagram,Port Harcourt,Transfer,Returned
ORD-02633,2026-05-07,CUST-0223,Office Chair,Home & Office,1,119125.73,0,0.0,119125.73,82749.1,-10171.7,-8.54,WhatsApp,Owerri,Transfer,Returned
ORD-02682,2026-05-07,CUST-0097,Smart Watch,Electronics,4,84744.61,15,50846.77,0.0,228148.02,0.0,0.0,Website,Owerri,Cash,Cancelled
ORD-02122,2026-05-07,CUST-0096,Laptop Backpack,Accessories,4,39023.96,0,0.0,156095.84,117389.95,38705.89,24.8,WhatsApp,Owerri,Transfer,Completed
ORD-00049,2026-05-07,CUST-0634,Wireless Earbuds,Electronics,1,42585.81,5,2129.29,40456.52,25671.79,14784.73,36.54,Instagram,Ibadan,Card,Completed
ORD-02518,2026-05-08,CUST-0030,Sneakers,Fashion,2,75622.0,5,7562.2,143681.8,115411.94,28269.86,19.68,Website,Benin,Card,Completed
ORD-00612,2026-05-08,CUST-0547,Water Bottle,Home & Office,1,19240.18,0,0.0,0.0,13588.23,0.0,0.0,WhatsApp,Ibadan,Transfer,Cancelled
ORD-02582,2026-05-08,CUST-0412,Running Shoes,Fashion,1,70242.21,0,0.0,70242.21,53533.8,16708.41,23.79,Instagram,Abuja,Card,Completed
ORD-02343,2026-05-08,CUST-0197,Office Chair,Home & Office,2,122266.08,0,0.0,0.0,186980.59,0.0,0.0,Walk-in,Ibadan,Card,Cancelled
ORD-00844,2026-05-08,CUST-0583,Skincare Set,Beauty,1,59198.73,0,0.0,59198.73,46300.56,-4931.32,-8.33,Website,Benin,Cash,Returned
ORD-00259,2026-05-09,CUST-0332,Power Bank,Electronics,1,31871.86,0,0.0,31871.86,22245.74,9626.12,30.2,Walk-in,Ibadan,Card,Completed
ORD-02640,2026-05-09,CUST-0108,Sneakers,Fashion,1,73895.98,0,0.0,73895.98,54501.34,-5988.57,-8.1,Referral,Ibadan,Card,Returned
ORD-00544,2026-05-09,CUST-0215,Desk Lamp,Home & Office,2,30801.05,0,0.0,61602.1,49080.66,12521.44,20.33,Referral,Enugu,USSD,Completed
ORD-00898,2026-05-09,CUST-0449,Power Bank,Electronics,1,31561.98,0,0.0,31561.98,25710.68,5851.3,18.54,Instagram,Abuja,Transfer,Completed
ORD-01384,2026-05-10,CUST-0604,Sneakers,Fashion,2,72914.49,0,0.0,145828.98,106498.62,39330.36,26.97,Website,Lagos,USSD,Completed
ORD-00634,2026-05-10,CUST-0449,Power Bank,Electronics,2,28707.09,0,0.0,57414.18,41273.57,16140.61,28.11,Instagram,Port Harcourt,USSD,Completed
ORD-02898,2026-05-11,CUST-0269,Water Bottle,Home & Office,1,19594.99,5,979.75,18615.24,13336.24,5279.0,28.36,Instagram,Port Harcourt,Cash,Completed
ORD-01654,2026-05-11,CUST-0086,Water Bottle,Home & Office,1,19461.42,0,0.0,0.0,15289.11,0.0,0.0,Referral,Enugu,Transfer,Cancelled
ORD-01129,2026-05-12,CUST-0694,Wireless Earbuds,Electronics,1,45213.52,0,0.0,45213.52,32452.27,12761.25,28.22,Referral,Enugu,Cash,Completed
ORD-01152,2026-05-12,CUST-0245,Running Shoes,Fashion,1,68593.67,15,10289.05,58304.62,41129.32,17175.3,29.46,Website,Benin,Card,Completed
ORD-00118,2026-05-12,CUST-0108,Laptop Backpack,Accessories,2,36567.89,0,0.0,73135.78,58303.52,14832.26,20.28,Instagram,Benin,Cash,Completed
ORD-02775,2026-05-13,CUST-0383,Smart Watch,Electronics,1,81938.12,0,0.0,81938.12,54559.9,27378.22,33.41,Website,Benin,Card,Completed
ORD-00116,2026-05-13,CUST-0443,Desk Lamp,Home & Office,3,32009.64,10,9602.89,86426.03,68182.35,18243.68,21.11,Instagram,Benin,Card,Completed
ORD-02223,2026-05-13,CUST-0438,Running Shoes,Fashion,1,73910.41,5,3695.52,70214.89,53796.57,16418.32,23.38,Instagram,Port Harcourt,Cash,Completed
ORD-01209,2026-05-13,CUST-0360,Skincare Set,Beauty,1,62078.11,5,3103.91,58974.2,42169.46,16804.74,28.5,Website,Abuja,Card,Completed
ORD-02857,2026-05-14,CUST-0219,Hoodie,Fashion,2,47252.36,0,0.0,94504.72,68164.08,-10729.95,-11.35,Website,Port Harcourt,USSD,Returned
ORD-01928,2026-05-14,CUST-0441,Sneakers,Fashion,1,79436.09,0,0.0,79436.09,57606.27,-7366.21,-9.27,Instagram,Port Harcourt,Transfer,Returned
ORD-00534,2026-05-14,CUST-0273,Skincare Set,Beauty,1,61617.21,0,0.0,61617.21,46938.75,14678.46,23.82,Website,Benin,Transfer,Completed
ORD-00772,2026-05-14,CUST-0053,Skincare Set,Beauty,1,58159.41,20,11631.88,46527.53,30713.42,15814.11,33.99,WhatsApp,Owerri,USSD,Completed
ORD-02899,2026-05-14,CUST-0342,Hoodie,Fashion,2,47900.99,15,14370.3,81431.68,57061.87,24369.81,29.93,WhatsApp,Ibadan,USSD,Completed
ORD-00411,2026-05-14,CUST-0115,Hoodie,Fashion,1,43582.55,0,0.0,0.0,29570.9,0.0,0.0,Instagram,Benin,USSD,Cancelled
ORD-00899,2026-05-14,CUST-0502,Water Bottle,Home & Office,2,20074.33,0,0.0,40148.66,28679.06,11469.6,28.57,Website,Port Harcourt,Card,Completed
ORD-02846,2026-05-15,CUST-0322,Office Chair,Home & Office,1,124002.02,5,6200.1,0.0,91560.14,0.0,0.0,WhatsApp,Ibadan,Transfer,Cancelled
ORD-02708,2026-05-15,CUST-0126,Laptop Backpack,Accessories,2,38625.67,0,0.0,77251.34,52171.65,25079.69,32.47,Website,Benin,Card,Completed
ORD-02135,2026-05-15,CUST-0498,Hoodie,Fashion,2,46716.03,5,4671.6,88760.46,55683.49,33076.97,37.27,Website,Abuja,USSD,Completed
ORD-00703,2026-05-15,CUST-0610,Wireless Earbuds,Electronics,1,42665.54,0,0.0,42665.54,31021.82,11643.72,27.29,Website,Benin,Cash,Completed
ORD-01061,2026-05-15,CUST-0453,Running Shoes,Fashion,1,69494.65,0,0.0,69494.65,47930.15,-9514.18,-13.69,Website,Benin,Transfer,Returned
ORD-02321,2026-05-15,CUST-0508,Office Chair,Home & Office,2,131329.01,0,0.0,0.0,186679.98,0.0,0.0,Website,Owerri,USSD,Cancelled
ORD-01746,2026-05-16,CUST-0358,Power Bank,Electronics,1,29173.89,0,0.0,29173.89,23200.38,5973.51,20.48,Walk-in,Owerri,USSD,Completed
ORD-00963,2026-05-16,CUST-0546,Wireless Earbuds,Electronics,2,45367.57,20,18147.03,72588.11,54244.06,18344.05,25.27,Walk-in,Lagos,USSD,Completed
ORD-01565,2026-05-16,CUST-0630,Power Bank,Electronics,1,31626.74,0,0.0,31626.74,22131.36,9495.38,30.02,Instagram,Port Harcourt,Cash,Completed
ORD-01501,2026-05-16,CUST-0653,Water Bottle,Home & Office,2,18628.98,5,1862.9,35395.06,24663.0,10732.06,30.32,Referral,Abuja,Transfer,Completed
ORD-02262,2026-05-17,CUST-0286,Power Bank,Electronics,1,29406.32,0,0.0,29406.32,23157.51,6248.81,21.25,WhatsApp,Abuja,Transfer,Completed
ORD-01917,2026-05-17,CUST-0232,Hoodie,Fashion,2,46686.93,5,4668.69,88705.17,67412.89,21292.28,24.0,Referral,Enugu,USSD,Completed
ORD-00666,2026-05-17,CUST-0362,Office Chair,Home & Office,2,124811.01,0,0.0,249622.02,160544.9,89077.12,35.68,WhatsApp,Enugu,Cash,Completed
ORD-00988,2026-05-18,CUST-0478,Running Shoes,Fashion,2,72012.48,0,0.0,144024.96,97906.66,46118.3,32.02,Walk-in,Lagos,Transfer,Completed
ORD-01618,2026-05-18,CUST-0572,Running Shoes,Fashion,1,66552.53,15,9982.88,56569.65,46312.0,10257.65,18.13,Referral,Abuja,Cash,Completed
ORD-00839,2026-05-18,CUST-0643,Perfume,Beauty,1,41123.32,10,4112.33,37010.99,25058.25,11952.74,32.3,Referral,Port Harcourt,Transfer,Completed
ORD-02271,2026-05-18,CUST-0262,Water Bottle,Home & Office,3,18814.02,0,0.0,56442.06,43818.02,12624.04,22.37,Website,Owerri,USSD,Completed
ORD-02408,2026-05-18,CUST-0445,Wireless Earbuds,Electronics,1,46827.91,10,4682.79,42145.12,34316.24,7828.88,18.58,Referral,Owerri,Card,Completed
ORD-01126,2026-05-18,CUST-0439,Power Bank,Electronics,4,28574.87,0,0.0,114299.48,78569.53,35729.95,31.26,Referral,Abuja,Cash,Completed
ORD-02941,2026-05-18,CUST-0308,Laptop Backpack,Accessories,1,39483.47,5,1974.17,37509.3,25430.76,12078.54,32.2,Instagram,Lagos,Transfer,Completed
ORD-01438,2026-05-18,CUST-0136,Smart Watch,Electronics,1,88449.33,0,0.0,88449.33,61926.9,26522.43,29.99,Walk-in,Ibadan,Cash,Completed
ORD-00398,2026-05-18,CUST-0082,Sneakers,Fashion,1,79574.29,15,11936.14,0.0,42149.7,0.0,0.0,Walk-in,Lagos,Cash,Cancelled
ORD-00804,2026-05-18,CUST-0359,Laptop Backpack,Accessories,1,38687.1,15,5803.06,32884.04,26618.36,6265.68,19.05,Instagram,Enugu,Transfer,Completed
ORD-02290,2026-05-19,CUST-0524,Desk Lamp,Home & Office,2,30317.28,5,3031.73,57602.83,40926.9,-4192.22,-7.28,Website,Abuja,Cash,Returned
ORD-00371,2026-05-19,CUST-0314,Skincare Set,Beauty,1,57975.1,0,0.0,57975.1,41986.42,-6891.93,-11.89,Referral,Lagos,Cash,Returned
ORD-00265,2026-05-20,CUST-0634,Hoodie,Fashion,2,45879.49,0,0.0,91758.98,69240.71,22518.27,24.54,Referral,Owerri,Transfer,Completed
ORD-00978,2026-05-20,CUST-0502,Laptop Backpack,Accessories,2,37139.78,15,11141.93,63137.63,48084.11,15053.52,23.84,Website,Enugu,USSD,Completed
ORD-00895,2026-05-20,CUST-0543,Laptop Backpack,Accessories,2,36717.01,0,0.0,73434.02,51426.46,22007.56,29.97,Instagram,Owerri,Card,Completed
ORD-02104,2026-05-21,CUST-0446,Smart Watch,Electronics,1,83762.72,15,12564.41,71198.31,56703.66,-2607.78,-3.66,Walk-in,Owerri,Card,Returned
ORD-02690,2026-05-21,CUST-0025,Laptop Backpack,Accessories,2,37973.67,0,0.0,75947.34,60778.76,15168.58,19.97,Referral,Enugu,Transfer,Completed
ORD-02036,2026-05-21,CUST-0227,Hoodie,Fashion,2,41823.44,0,0.0,83646.88,61428.19,22218.69,26.56,Referral,Lagos,Card,Completed
ORD-01943,2026-05-21,CUST-0178,Laptop Backpack,Accessories,2,36009.84,10,7201.97,0.0,44843.13,0.0,0.0,Referral,Owerri,Cash,Cancelled
ORD-01206,2026-05-21,CUST-0223,Skincare Set,Beauty,1,61161.7,5,3058.08,58103.62,42733.37,15370.25,26.45,Walk-in,Ibadan,USSD,Completed
ORD-00104,2026-05-21,CUST-0115,Hoodie,Fashion,2,42256.17,0,0.0,84512.34,69052.79,15459.55,18.29,Website,Enugu,Card,Completed
ORD-02873,2026-05-21,CUST-0172,Office Chair,Home & Office,1,120089.65,15,18013.45,102076.2,67493.34,-8959.15,-8.78,Website,Benin,USSD,Returned
ORD-02461,2026-05-21,CUST-0225,Hoodie,Fashion,2,43382.28,0,0.0,86764.56,62821.98,-6733.36,-7.76,Website,Owerri,USSD,Returned
ORD-02704,2026-05-22,CUST-0092,Office Chair,Home & Office,1,129779.6,10,12977.96,116801.64,75899.99,40901.65,35.02,Referral,Port Harcourt,Transfer,Completed
ORD-00111,2026-05-22,CUST-0641,Desk Lamp,Home & Office,1,33052.62,0,0.0,33052.62,20989.32,12063.3,36.5,Website,Ibadan,Cash,Completed
ORD-00903,2026-05-22,CUST-0097,Wireless Earbuds,Electronics,2,46075.15,15,13822.54,78327.76,55580.5,22747.26,29.04,Instagram,Owerri,Transfer,Completed
ORD-02957,2026-05-22,CUST-0627,Perfume,Beauty,2,41111.09,15,12333.33,0.0,52090.63,0.0,0.0,Walk-in,Abuja,Cash,Cancelled
ORD-00066,2026-05-23,CUST-0043,Laptop Backpack,Accessories,1,39598.62,0,0.0,39598.62,27154.77,12443.85,31.42,WhatsApp,Port Harcourt,Cash,Completed
ORD-01852,2026-05-23,CUST-0242,Hoodie,Fashion,1,46827.36,0,0.0,46827.36,29046.39,-3634.46,-7.76,WhatsApp,Enugu,Cash,Returned
ORD-00381,2026-05-23,CUST-0695,Running Shoes,Fashion,1,64310.85,5,3215.54,61095.31,45500.65,15594.66,25.53,WhatsApp,Abuja,Cash,Completed
ORD-02494,2026-05-23,CUST-0699,Wireless Earbuds,Electronics,1,42174.21,0,0.0,42174.21,32421.49,9752.72,23.12,WhatsApp,Lagos,Cash,Completed
ORD-02294,2026-05-23,CUST-0120,Smart Watch,Electronics,1,81445.99,0,0.0,81445.99,60732.4,-8540.7,-10.49,Walk-in,Port Harcourt,Transfer,Returned
ORD-01408,2026-05-24,CUST-0033,Office Chair,Home & Office,1,121786.4,0,0.0,121786.4,87045.25,34741.15,28.53,WhatsApp,Port Harcourt,Transfer,Completed
ORD-00607,2026-05-24,CUST-0231,Water Bottle,Home & Office,1,18334.78,0,0.0,18334.78,14586.02,3748.76,20.45,Website,Owerri,Transfer,Completed
ORD-02499,2026-05-24,CUST-0152,Hoodie,Fashion,3,43166.45,0,0.0,129499.35,86357.94,-19409.79,-14.99,Walk-in,Owerri,Transfer,Returned
ORD-00510,2026-05-24,CUST-0308,Office Chair,Home & Office,2,121868.21,5,12186.82,231549.6,154631.9,76917.7,33.22,Instagram,Enugu,USSD,Completed
ORD-02395,2026-05-25,CUST-0250,Power Bank,Electronics,3,29992.19,5,4498.83,85477.74,60109.32,25368.42,29.68,Website,Enugu,Card,Completed
ORD-02490,2026-05-25,CUST-0531,Laptop Backpack,Accessories,2,38873.99,0,0.0,77747.98,49986.71,27761.27,35.71,Website,Lagos,Cash,Completed
ORD-00416,2026-05-25,CUST-0152,Hoodie,Fashion,2,46009.68,5,4600.97,87418.39,64303.06,23115.33,26.44,Walk-in,Port Harcourt,Transfer,Completed
ORD-02900,2026-05-26,CUST-0147,Power Bank,Electronics,1,28109.47,0,0.0,0.0,20818.67,0.0,0.0,Instagram,Ibadan,Cash,Cancelled
ORD-01676,2026-05-26,CUST-0214,Water Bottle,Home & Office,2,18237.98,15,5471.39,31004.57,21962.38,-3087.44,-9.96,Website,Lagos,Card,Returned
ORD-02441,2026-05-26,CUST-0536,Laptop Backpack,Accessories,2,35586.97,0,0.0,71173.94,55420.83,-3992.86,-5.61,Walk-in,Ibadan,Cash,Returned
ORD-01121,2026-05-26,CUST-0621,Skincare Set,Beauty,1,58802.08,0,0.0,0.0,39635.53,0.0,0.0,Website,Abuja,USSD,Cancelled
ORD-00032,2026-05-27,CUST-0698,Water Bottle,Home & Office,2,17769.45,0,0.0,35538.9,25150.7,-2751.35,-7.74,Walk-in,Enugu,Transfer,Returned
ORD-01902,2026-05-27,CUST-0169,Wireless Earbuds,Electronics,1,46789.54,10,4678.95,0.0,29800.9,0.0,0.0,Instagram,Owerri,Cash,Cancelled
ORD-01847,2026-05-27,CUST-0193,Laptop Backpack,Accessories,1,36923.48,15,5538.52,31384.96,22891.78,-4022.46,-12.82,Instagram,Ibadan,Cash,Returned
ORD-01233,2026-05-27,CUST-0264,Perfume,Beauty,3,39925.5,0,0.0,119776.5,86008.1,-9867.57,-8.24,Website,Abuja,Card,Returned
ORD-01230,2026-05-27,CUST-0252,Office Chair,Home & Office,1,128139.58,0,0.0,128139.58,96510.87,31628.71,24.68,WhatsApp,Ibadan,Card,Completed
ORD-00315,2026-05-27,CUST-0567,Water Bottle,Home & Office,1,19368.63,0,0.0,19368.63,13254.61,6114.02,31.57,WhatsApp,Enugu,Card,Completed
ORD-00690,2026-05-27,CUST-0012,Wireless Earbuds,Electronics,2,44440.57,0,0.0,88881.14,65089.34,23791.8,26.77,Walk-in,Abuja,Transfer,Completed
ORD-01907,2026-05-28,CUST-0352,Hoodie,Fashion,1,42997.8,0,0.0,42997.8,28042.16,-3310.1,-7.7,Website,Abuja,Card,Returned
ORD-01743,2026-05-28,CUST-0464,Smart Watch,Electronics,2,78901.52,0,0.0,157803.04,128344.84,29458.2,18.67,Walk-in,Abuja,USSD,Completed
ORD-02485,2026-05-28,CUST-0461,Smart Watch,Electronics,1,85354.87,0,0.0,0.0,58651.92,0.0,0.0,Referral,Owerri,Cash,Cancelled
ORD-00671,2026-05-28,CUST-0332,Power Bank,Electronics,2,28370.75,0,0.0,56741.5,36130.62,20610.88,36.32,Walk-in,Abuja,Transfer,Completed
ORD-01366,2026-05-28,CUST-0017,Skincare Set,Beauty,1,55373.79,0,0.0,55373.79,35442.4,19931.39,35.99,Referral,Lagos,USSD,Completed
ORD-01342,2026-05-28,CUST-0407,Hoodie,Fashion,2,42628.18,15,12788.45,72467.91,48748.33,23719.58,32.73,WhatsApp,Ibadan,Transfer,Completed
ORD-02825,2026-05-28,CUST-0090,Hoodie,Fashion,1,42572.18,5,2128.61,40443.57,31311.11,9132.46,22.58,Referral,Port Harcourt,USSD,Completed
ORD-00477,2026-05-28,CUST-0260,Water Bottle,Home & Office,1,18105.72,5,905.29,17200.43,11382.66,5817.77,33.82,Website,Benin,Transfer,Completed
ORD-00582,2026-05-28,CUST-0090,Sneakers,Fashion,2,71955.04,20,28782.02,115128.06,91309.7,-10945.02,-9.51,Website,Enugu,Transfer,Returned
ORD-00341,2026-05-29,CUST-0669,Water Bottle,Home & Office,1,19472.1,0,0.0,19472.1,14391.28,5080.82,26.09,Referral,Port Harcourt,Card,Completed
ORD-02340,2026-05-29,CUST-0628,Smart Watch,Electronics,1,87843.86,0,0.0,87843.86,69149.3,18694.56,21.28,Referral,Abuja,Card,Completed
ORD-02558,2026-05-29,CUST-0657,Hoodie,Fashion,3,47303.18,0,0.0,141909.54,92916.73,48992.81,34.52,Website,Enugu,USSD,Completed
ORD-02987,2026-05-29,CUST-0559,Smart Watch,Electronics,1,80055.96,0,0.0,80055.96,56764.0,23291.96,29.09,WhatsApp,Owerri,Cash,Completed
ORD-00231,2026-05-29,CUST-0679,Hoodie,Fashion,2,45307.53,0,0.0,0.0,63643.77,0.0,0.0,Referral,Benin,USSD,Cancelled
ORD-00893,2026-05-29,CUST-0498,Smart Watch,Electronics,1,79631.18,0,0.0,79631.18,56623.0,23008.18,28.89,Referral,Lagos,Transfer,Completed
ORD-01018,2026-05-29,CUST-0093,Perfume,Beauty,1,41782.08,0,0.0,41782.08,31899.81,9882.27,23.65,Referral,Benin,Cash,Completed
ORD-01262,2026-05-29,CUST-0561,Laptop Backpack,Accessories,1,34533.98,5,1726.7,32807.28,24573.55,-1382.41,-4.21,Referral,Benin,Transfer,Returned
ORD-01788,2026-05-30,CUST-0543,Wireless Earbuds,Electronics,2,45723.34,15,13717.0,77729.68,48260.83,29468.85,37.91,Instagram,Enugu,Card,Completed
ORD-00382,2026-05-30,CUST-0683,Running Shoes,Fashion,2,69262.11,0,0.0,138524.22,113331.63,25192.59,18.19,Instagram,Abuja,Card,Completed
ORD-01955,2026-05-30,CUST-0388,Wireless Earbuds,Electronics,2,44226.98,0,0.0,88453.96,72466.29,15987.67,18.07,Website,Lagos,Card,Completed
ORD-01051,2026-05-31,CUST-0138,Perfume,Beauty,1,39386.94,0,0.0,39386.94,31048.85,8338.09,21.17,Website,Enugu,Transfer,Completed
ORD-01750,2026-05-31,CUST-0409,Water Bottle,Home & Office,1,18606.15,0,0.0,18606.15,11943.75,6662.4,35.81,Referral,Owerri,Cash,Completed
ORD-01663,2026-05-31,CUST-0611,Skincare Set,Beauty,3,57795.15,0,0.0,173385.45,137622.26,35763.19,20.63,Referral,Benin,USSD,Completed
ORD-01727,2026-05-31,CUST-0144,Laptop Backpack,Accessories,1,38429.28,0,0.0,0.0,26084.27,0.0,0.0,Instagram,Benin,Cash,Cancelled
ORD-00217,2026-05-31,CUST-0670,Power Bank,Electronics,1,29774.02,0,0.0,29774.02,21798.51,-2554.63,-8.58,Instagram,Port Harcourt,Cash,Returned
ORD-00561,2026-05-31,CUST-0019,Office Chair,Home & Office,1,118929.09,0,0.0,0.0,96803.97,0.0,0.0,Instagram,Owerri,Card,Cancelled
ORD-02172,2026-05-31,CUST-0532,Desk Lamp,Home & Office,1,30009.18,0,0.0,30009.18,23988.61,-2808.22,-9.36,Walk-in,Benin,Card,Returned
ORD-01409,2026-05-31,CUST-0142,Laptop Backpack,Accessories,1,36225.83,0,0.0,36225.83,26798.67,9427.16,26.02,Referral,Port Harcourt,Cash,Completed
ORD-00181,2026-06-01,CUST-0058,Water Bottle,Home & Office,1,19013.88,15,2852.08,16161.8,12124.19,-931.84,-5.77,WhatsApp,Enugu,Transfer,Returned
ORD-00193,2026-06-01,CUST-0083,Power Bank,Electronics,1,28238.78,0,0.0,28238.78,21767.88,6470.9,22.91,Website,Port Harcourt,Card,Completed
ORD-02003,2026-06-02,CUST-0056,Laptop Backpack,Accessories,1,36064.57,10,3606.46,32458.11,21871.96,10586.15,32.61,Website,Port Harcourt,Card,Completed
ORD-02871,2026-06-02,CUST-0013,Desk Lamp,Home & Office,1,32327.51,0,0.0,32327.51,23948.21,8379.3,25.92,WhatsApp,Enugu,USSD,Completed
ORD-02612,2026-06-02,CUST-0501,Power Bank,Electronics,4,28090.73,5,5618.15,106744.77,69492.12,37252.65,34.9,Website,Abuja,Cash,Completed
ORD-01786,2026-06-02,CUST-0061,Hoodie,Fashion,1,45032.17,15,6754.83,38277.34,30563.89,7713.45,20.15,Walk-in,Benin,Transfer,Completed
ORD-02388,2026-06-02,CUST-0430,Office Chair,Home & Office,2,117230.47,0,0.0,234460.94,184761.14,49699.8,21.2,Website,Port Harcourt,Transfer,Completed
ORD-02815,2026-06-02,CUST-0698,Sneakers,Fashion,2,74655.5,0,0.0,149311.0,102930.88,46380.12,31.06,WhatsApp,Port Harcourt,Card,Completed
ORD-01355,2026-06-02,CUST-0083,Running Shoes,Fashion,1,72684.54,0,0.0,72684.54,58484.07,-5009.13,-6.89,Walk-in,Enugu,Transfer,Returned
ORD-01369,2026-06-02,CUST-0615,Wireless Earbuds,Electronics,1,42295.14,20,8459.03,33836.11,25497.95,8338.16,24.64,Walk-in,Ibadan,Transfer,Completed
ORD-02091,2026-06-03,CUST-0481,Desk Lamp,Home & Office,2,30830.9,10,6166.18,0.0,38046.56,0.0,0.0,Instagram,Port Harcourt,Cash,Cancelled
ORD-02574,2026-06-03,CUST-0358,Sneakers,Fashion,2,70279.16,0,0.0,140558.32,104678.38,35879.94,25.53,Walk-in,Ibadan,Card,Completed
ORD-00335,2026-06-03,CUST-0464,Perfume,Beauty,3,41762.59,20,25057.55,100230.22,74731.52,25498.7,25.44,Referral,Lagos,Card,Completed
ORD-02824,2026-06-04,CUST-0646,Hoodie,Fashion,1,45431.57,0,0.0,0.0,32790.26,0.0,0.0,WhatsApp,Enugu,Card,Cancelled
ORD-00757,2026-06-04,CUST-0104,Office Chair,Home & Office,1,120575.5,10,12057.55,108517.95,68363.37,40154.58,37.0,Instagram,Ibadan,Card,Completed
ORD-01529,2026-06-05,CUST-0269,Power Bank,Electronics,1,31067.16,10,3106.72,27960.44,22053.34,5907.1,21.13,Walk-in,Abuja,Cash,Completed
ORD-00995,2026-06-05,CUST-0653,Skincare Set,Beauty,1,61032.87,0,0.0,61032.87,41808.22,19224.65,31.5,WhatsApp,Owerri,USSD,Completed
ORD-00842,2026-06-05,CUST-0326,Skincare Set,Beauty,1,54009.97,0,0.0,54009.97,44171.69,9838.28,18.22,Website,Owerri,Card,Completed
ORD-01146,2026-06-05,CUST-0356,Smart Watch,Electronics,1,86016.35,0,0.0,86016.35,56995.48,29020.87,33.74,Walk-in,Benin,USSD,Completed
ORD-02155,2026-06-05,CUST-0480,Sneakers,Fashion,1,76846.75,5,3842.34,0.0,53345.66,0.0,0.0,Referral,Lagos,USSD,Cancelled
ORD-02783,2026-06-05,CUST-0683,Sneakers,Fashion,4,72715.56,0,0.0,290862.24,194090.02,96772.22,33.27,Website,Ibadan,Card,Completed
ORD-00142,2026-06-05,CUST-0344,Hoodie,Fashion,1,41850.31,5,2092.52,39757.79,27241.45,12516.34,31.48,WhatsApp,Ibadan,Card,Completed
ORD-01028,2026-06-06,CUST-0686,Water Bottle,Home & Office,1,18032.11,10,1803.21,16228.9,11807.41,4421.49,27.24,Website,Abuja,Cash,Completed
ORD-01079,2026-06-06,CUST-0518,Running Shoes,Fashion,3,66690.67,15,30010.8,170061.21,136642.69,33418.52,19.65,Walk-in,Lagos,Transfer,Completed
ORD-02907,2026-06-06,CUST-0133,Wireless Earbuds,Electronics,1,43457.36,20,8691.47,34765.89,23048.91,-5495.18,-15.81,Walk-in,Ibadan,Cash,Returned
ORD-00758,2026-06-06,CUST-0317,Office Chair,Home & Office,1,118869.23,0,0.0,118869.23,87936.68,30932.55,26.02,Referral,Abuja,Cash,Completed
ORD-01757,2026-06-06,CUST-0209,Power Bank,Electronics,2,27503.69,15,8251.11,46756.27,29465.56,17290.71,36.98,WhatsApp,Benin,Transfer,Completed
ORD-01359,2026-06-06,CUST-0525,Hoodie,Fashion,1,46576.98,0,0.0,46576.98,36358.87,10218.11,21.94,Walk-in,Owerri,Card,Completed
ORD-00613,2026-06-07,CUST-0237,Sneakers,Fashion,1,75589.51,5,3779.48,71810.03,50907.96,20902.07,29.11,Walk-in,Abuja,Transfer,Completed
ORD-02698,2026-06-07,CUST-0072,Desk Lamp,Home & Office,1,32215.1,0,0.0,32215.1,20804.86,11410.24,35.42,Referral,Lagos,Cash,Completed
ORD-00981,2026-06-08,CUST-0222,Sneakers,Fashion,2,73337.48,0,0.0,146674.96,99110.26,-12777.76,-8.71,Referral,Owerri,Transfer,Returned
ORD-01774,2026-06-08,CUST-0401,Perfume,Beauty,1,40589.82,0,0.0,40589.82,30269.21,10320.61,25.43,Referral,Lagos,Cash,Completed
ORD-00458,2026-06-08,CUST-0674,Running Shoes,Fashion,1,68317.12,0,0.0,68317.12,43304.78,-11103.91,-16.25,Instagram,Owerri,Transfer,Returned
ORD-02932,2026-06-08,CUST-0175,Perfume,Beauty,2,38474.06,0,0.0,76948.12,61476.4,15471.72,20.11,Website,Abuja,Card,Completed
ORD-02656,2026-06-08,CUST-0538,Office Chair,Home & Office,1,124816.51,0,0.0,124816.51,95982.01,28834.5,23.1,Instagram,Enugu,Card,Completed
ORD-02584,2026-06-08,CUST-0540,Power Bank,Electronics,1,27690.9,0,0.0,27690.9,22545.86,5145.04,18.58,Walk-in,Ibadan,USSD,Completed
ORD-02195,2026-06-08,CUST-0351,Running Shoes,Fashion,2,70518.04,10,14103.61,126932.47,92021.81,-15126.98,-11.92,Referral,Benin,Cash,Returned
ORD-01770,2026-06-09,CUST-0049,Water Bottle,Home & Office,1,17549.33,0,0.0,17549.33,13414.44,4134.89,23.56,Referral,Abuja,Card,Completed
ORD-00045,2026-06-09,CUST-0342,Sneakers,Fashion,2,70795.96,15,21238.79,120353.13,86780.68,33572.45,27.89,Walk-in,Port Harcourt,Cash,Completed
ORD-01539,2026-06-09,CUST-0017,Wireless Earbuds,Electronics,2,45326.75,10,9065.35,81588.15,64933.13,16655.02,20.41,Referral,Port Harcourt,Card,Completed
ORD-02347,2026-06-09,CUST-0572,Running Shoes,Fashion,3,65343.43,5,9801.51,186228.78,141922.56,44306.22,23.79,WhatsApp,Lagos,Card,Completed
ORD-00071,2026-06-10,CUST-0274,Desk Lamp,Home & Office,1,32098.79,15,4814.82,27283.97,19708.18,7575.79,27.77,Instagram,Enugu,Cash,Completed
ORD-01211,2026-06-10,CUST-0079,Running Shoes,Fashion,1,67074.96,0,0.0,67074.96,42990.19,-4745.93,-7.08,WhatsApp,Enugu,Transfer,Returned
ORD-00560,2026-06-10,CUST-0522,Sneakers,Fashion,2,79285.84,0,0.0,158571.68,106525.42,52046.26,32.82,Instagram,Lagos,Card,Completed
ORD-00906,2026-06-10,CUST-0066,Office Chair,Home & Office,1,127359.01,5,6367.95,120991.06,84893.08,36097.98,29.84,Website,Owerri,Cash,Completed
ORD-00117,2026-06-10,CUST-0183,Perfume,Beauty,1,37413.61,0,0.0,37413.61,28406.57,9007.04,24.07,Referral,Benin,Cash,Completed
ORD-01424,2026-06-11,CUST-0570,Perfume,Beauty,3,37163.97,0,0.0,111491.91,69789.47,-13377.38,-12.0,Website,Lagos,Transfer,Returned
ORD-01613,2026-06-11,CUST-0678,Office Chair,Home & Office,1,117385.54,5,5869.28,111516.26,84906.5,26609.76,23.86,Referral,Ibadan,USSD,Completed
ORD-01502,2026-06-11,CUST-0110,Skincare Set,Beauty,1,54742.72,15,8211.41,0.0,31417.42,0.0,0.0,Website,Ibadan,Cash,Cancelled
ORD-00498,2026-06-12,CUST-0085,Water Bottle,Home & Office,2,18390.11,0,0.0,36780.22,23971.41,-5864.65,-15.95,Website,Lagos,Card,Returned
ORD-00796,2026-06-12,CUST-0584,Hoodie,Fashion,1,42478.79,15,6371.82,36106.97,24427.57,11679.4,32.35,Instagram,Port Harcourt,Card,Completed
ORD-02565,2026-06-12,CUST-0285,Hoodie,Fashion,1,45471.25,10,4547.12,40924.13,27784.76,13139.37,32.11,Instagram,Enugu,Card,Completed
ORD-02556,2026-06-12,CUST-0304,Skincare Set,Beauty,3,54952.13,0,0.0,164856.39,130877.7,-14361.63,-8.71,WhatsApp,Ibadan,Transfer,Returned
ORD-01656,2026-06-12,CUST-0150,Running Shoes,Fashion,1,66384.88,0,0.0,66384.88,47899.13,18485.75,27.85,Website,Ibadan,Card,Completed
ORD-01267,2026-06-12,CUST-0309,Water Bottle,Home & Office,2,18642.25,0,0.0,37284.5,26382.0,10902.5,29.24,Walk-in,Enugu,Card,Completed
ORD-00374,2026-06-12,CUST-0300,Perfume,Beauty,1,37673.49,0,0.0,37673.49,29848.81,-3659.94,-9.71,WhatsApp,Benin,USSD,Returned
ORD-02420,2026-06-13,CUST-0287,Laptop Backpack,Accessories,2,34161.4,0,0.0,68322.8,42495.73,25827.07,37.8,Referral,Port Harcourt,Transfer,Completed
ORD-02275,2026-06-13,CUST-0137,Perfume,Beauty,1,41381.81,0,0.0,41381.81,30634.87,-2561.08,-6.19,WhatsApp,Owerri,USSD,Returned
ORD-02207,2026-06-13,CUST-0668,Skincare Set,Beauty,1,56444.39,0,0.0,56444.39,40636.47,15807.92,28.01,Website,Ibadan,Card,Completed
ORD-02816,2026-06-13,CUST-0308,Running Shoes,Fashion,1,62840.5,0,0.0,62840.5,43353.33,-5215.11,-8.3,WhatsApp,Ibadan,Card,Returned
ORD-00598,2026-06-13,CUST-0271,Perfume,Beauty,2,36689.24,15,11006.77,62371.71,39031.52,23340.19,37.42,Referral,Owerri,Card,Completed
ORD-02942,2026-06-14,CUST-0126,Water Bottle,Home & Office,1,19861.41,0,0.0,19861.41,15682.87,4178.54,21.04,Walk-in,Owerri,Transfer,Completed
ORD-00874,2026-06-14,CUST-0547,Wireless Earbuds,Electronics,1,44722.74,0,0.0,44722.74,35373.37,9349.37,20.91,WhatsApp,Ibadan,USSD,Completed
ORD-01104,2026-06-14,CUST-0459,Skincare Set,Beauty,1,54581.52,0,0.0,54581.52,34811.32,19770.2,36.22,Website,Abuja,Transfer,Completed
ORD-00209,2026-06-14,CUST-0203,Running Shoes,Fashion,2,66840.72,10,13368.14,120313.3,92123.67,28189.63,23.43,WhatsApp,Lagos,Transfer,Completed
ORD-00353,2026-06-14,CUST-0573,Smart Watch,Electronics,1,83837.17,0,0.0,83837.17,55350.96,-9284.25,-11.07,WhatsApp,Enugu,USSD,Returned
ORD-01224,2026-06-14,CUST-0690,Power Bank,Electronics,2,30544.65,15,9163.4,51925.9,36128.48,15797.42,30.42,Referral,Abuja,Transfer,Completed
ORD-02911,2026-06-14,CUST-0687,Power Bank,Electronics,1,29096.97,0,0.0,29096.97,19486.53,9610.44,33.03,Referral,Lagos,Transfer,Completed
ORD-01099,2026-06-14,CUST-0517,Office Chair,Home & Office,1,123375.96,5,6168.8,117207.16,82264.07,34943.09,29.81,Instagram,Enugu,Card,Completed
ORD-01777,2026-06-14,CUST-0577,Laptop Backpack,Accessories,1,36139.59,0,0.0,36139.59,22808.01,13331.58,36.89,Referral,Lagos,Transfer,Completed
ORD-02251,2026-06-15,CUST-0087,Skincare Set,Beauty,2,55302.14,0,0.0,110604.28,70229.03,40375.25,36.5,Walk-in,Owerri,USSD,Completed
ORD-00767,2026-06-15,CUST-0144,Office Chair,Home & Office,1,113826.03,5,5691.3,108134.73,73854.98,34279.75,31.7,Website,Owerri,Card,Completed
ORD-02079,2026-06-15,CUST-0199,Water Bottle,Home & Office,2,17786.09,0,0.0,0.0,23737.2,0.0,0.0,WhatsApp,Benin,USSD,Cancelled
ORD-01010,2026-06-15,CUST-0522,Skincare Set,Beauty,1,56957.29,0,0.0,56957.29,41887.78,-6140.84,-10.78,Website,Enugu,USSD,Returned
ORD-00176,2026-06-15,CUST-0439,Laptop Backpack,Accessories,1,36981.89,0,0.0,36981.89,27543.07,9438.82,25.52,Instagram,Ibadan,Cash,Completed
ORD-02854,2026-06-15,CUST-0093,Smart Watch,Electronics,1,79028.77,0,0.0,79028.77,49092.64,29936.13,37.88,Instagram,Owerri,Card,Completed
ORD-01238,2026-06-15,CUST-0451,Water Bottle,Home & Office,2,19073.56,5,1907.36,36239.76,27792.04,-2249.7,-6.21,WhatsApp,Owerri,Transfer,Returned
ORD-00192,2026-06-16,CUST-0060,Smart Watch,Electronics,1,84360.5,0,0.0,84360.5,52601.94,31758.56,37.65,WhatsApp,Benin,Cash,Completed
ORD-01288,2026-06-16,CUST-0620,Hoodie,Fashion,3,41069.89,0,0.0,123209.67,97371.09,25838.58,20.97,Instagram,Benin,USSD,Completed
ORD-02065,2026-06-16,CUST-0004,Water Bottle,Home & Office,1,19759.63,0,0.0,0.0,13498.25,0.0,0.0,Website,Lagos,Transfer,Cancelled
ORD-00239,2026-06-17,CUST-0537,Smart Watch,Electronics,1,84589.9,0,0.0,84589.9,55190.4,29399.5,34.76,WhatsApp,Lagos,USSD,Completed
ORD-01439,2026-06-17,CUST-0346,Power Bank,Electronics,2,28541.07,0,0.0,57082.14,41747.86,15334.28,26.86,Referral,Owerri,Cash,Completed
ORD-01524,2026-06-17,CUST-0133,Perfume,Beauty,1,39557.88,5,1977.89,0.0,25289.04,0.0,0.0,WhatsApp,Ibadan,Card,Cancelled
ORD-00828,2026-06-17,CUST-0672,Power Bank,Electronics,1,29012.38,0,0.0,29012.38,19042.61,9969.77,34.36,Instagram,Benin,Card,Completed
ORD-02086,2026-06-17,CUST-0350,Power Bank,Electronics,2,29874.86,0,0.0,59749.72,48530.21,11219.51,18.78,Instagram,Owerri,Transfer,Completed
ORD-00971,2026-06-18,CUST-0130,Hoodie,Fashion,1,43837.54,0,0.0,43837.54,27393.91,16443.63,37.51,WhatsApp,Owerri,Transfer,Completed
ORD-01225,2026-06-18,CUST-0334,Desk Lamp,Home & Office,1,31578.4,5,1578.92,29999.48,21288.4,-4001.35,-13.34,Instagram,Owerri,Transfer,Returned
ORD-00378,2026-06-18,CUST-0217,Hoodie,Fashion,1,45527.82,10,4552.78,40975.04,30567.71,-3990.13,-9.74,WhatsApp,Benin,Card,Returned
ORD-02886,2026-06-18,CUST-0568,Office Chair,Home & Office,1,114631.27,0,0.0,114631.27,86572.97,28058.3,24.48,Instagram,Enugu,Card,Completed
ORD-01059,2026-06-18,CUST-0263,Running Shoes,Fashion,2,70418.33,0,0.0,0.0,113181.78,0.0,0.0,WhatsApp,Lagos,Card,Cancelled
ORD-01451,2026-06-18,CUST-0131,Water Bottle,Home & Office,1,19079.77,0,0.0,19079.77,14243.66,4836.11,25.35,Website,Enugu,Cash,Completed
ORD-01678,2026-06-19,CUST-0436,Wireless Earbuds,Electronics,2,41783.36,10,8356.67,75210.05,47889.61,27320.44,36.33,Website,Benin,Transfer,Completed
ORD-02917,2026-06-19,CUST-0547,Running Shoes,Fashion,1,65212.88,0,0.0,65212.88,45821.71,19391.17,29.74,WhatsApp,Benin,Transfer,Completed
ORD-02655,2026-06-19,CUST-0472,Desk Lamp,Home & Office,1,31708.89,0,0.0,31708.89,23288.83,8420.06,26.55,WhatsApp,Abuja,USSD,Completed
ORD-02127,2026-06-19,CUST-0635,Running Shoes,Fashion,4,62737.58,0,0.0,250950.32,179657.54,71292.78,28.41,Walk-in,Owerri,Card,Completed
ORD-00986,2026-06-20,CUST-0288,Hoodie,Fashion,1,45882.69,5,2294.13,43588.56,28216.81,15371.75,35.27,Walk-in,Ibadan,Transfer,Completed
ORD-02269,2026-06-20,CUST-0448,Sneakers,Fashion,2,78093.06,0,0.0,156186.12,106306.91,-8898.74,-5.7,Walk-in,Enugu,Card,Returned
ORD-02470,2026-06-20,CUST-0096,Wireless Earbuds,Electronics,1,44358.62,0,0.0,44358.62,36229.24,8129.38,18.33,Instagram,Port Harcourt,USSD,Completed
ORD-00809,2026-06-20,CUST-0065,Sneakers,Fashion,1,75864.9,10,7586.49,68278.41,43097.36,25181.05,36.88,Referral,Ibadan,Card,Completed
ORD-02011,2026-06-21,CUST-0033,Laptop Backpack,Accessories,2,35755.75,0,0.0,71511.5,56514.61,14996.89,20.97,WhatsApp,Port Harcourt,Cash,Completed
ORD-02417,2026-06-21,CUST-0285,Skincare Set,Beauty,2,56531.09,15,16959.33,96102.85,75821.85,20281.0,21.1,Walk-in,Port Harcourt,Transfer,Completed
ORD-02300,2026-06-21,CUST-0276,Wireless Earbuds,Electronics,1,42930.5,5,2146.52,40783.98,26856.67,13927.31,34.15,Instagram,Abuja,Card,Completed
ORD-01403,2026-06-21,CUST-0026,Perfume,Beauty,1,40192.35,0,0.0,0.0,29142.34,0.0,0.0,Instagram,Port Harcourt,Card,Cancelled
ORD-01312,2026-06-21,CUST-0257,Perfume,Beauty,3,38708.87,5,5806.33,110320.28,81452.95,-14281.48,-12.95,Website,Ibadan,Transfer,Returned
ORD-02754,2026-06-21,CUST-0040,Wireless Earbuds,Electronics,1,43724.3,0,0.0,43724.3,28648.41,15075.89,34.48,Walk-in,Port Harcourt,Cash,Completed
ORD-02794,2026-06-21,CUST-0202,Water Bottle,Home & Office,1,17789.08,0,0.0,17789.08,11184.36,6604.72,37.13,Instagram,Lagos,USSD,Completed
ORD-02087,2026-06-21,CUST-0019,Desk Lamp,Home & Office,1,30002.89,0,0.0,30002.89,19583.71,10419.18,34.73,Walk-in,Lagos,Transfer,Completed
ORD-00137,2026-06-22,CUST-0157,Smart Watch,Electronics,1,85305.38,0,0.0,0.0,60590.48,0.0,0.0,WhatsApp,Owerri,USSD,Cancelled
ORD-01947,2026-06-22,CUST-0147,Water Bottle,Home & Office,1,18107.59,0,0.0,18107.59,13238.33,4869.26,26.89,Walk-in,Benin,USSD,Completed
ORD-02250,2026-06-22,CUST-0311,Laptop Backpack,Accessories,1,37754.17,0,0.0,37754.17,27631.57,10122.6,26.81,Referral,Lagos,Card,Completed
ORD-00800,2026-06-22,CUST-0590,Smart Watch,Electronics,1,82010.92,5,4100.55,77910.37,49114.17,28796.2,36.96,Referral,Abuja,USSD,Completed
ORD-00115,2026-06-22,CUST-0519,Office Chair,Home & Office,1,125807.11,0,0.0,125807.11,89907.05,-6899.38,-5.48,Website,Port Harcourt,USSD,Returned
ORD-00474,2026-06-22,CUST-0414,Skincare Set,Beauty,1,55020.05,0,0.0,55020.05,35894.23,-6211.23,-11.29,Referral,Ibadan,Card,Returned
ORD-00730,2026-06-22,CUST-0324,Sneakers,Fashion,3,77424.56,0,0.0,232273.68,146859.4,85414.28,36.77,Instagram,Enugu,Card,Completed
ORD-02232,2026-06-22,CUST-0392,Hoodie,Fashion,3,40969.34,0,0.0,0.0,94349.58,0.0,0.0,Walk-in,Owerri,USSD,Cancelled
ORD-02472,2026-06-23,CUST-0246,Skincare Set,Beauty,1,59798.86,0,0.0,59798.86,41833.58,17965.28,30.04,Website,Enugu,Cash,Completed
ORD-02984,2026-06-24,CUST-0233,Office Chair,Home & Office,2,115409.88,0,0.0,230819.76,169331.53,61488.23,26.64,Referral,Enugu,Cash,Completed
ORD-00394,2026-06-24,CUST-0223,Wireless Earbuds,Electronics,1,41683.53,20,8336.71,33346.82,21809.59,11537.23,34.6,Instagram,Enugu,Cash,Completed
ORD-01107,2026-06-24,CUST-0122,Skincare Set,Beauty,1,52412.29,0,0.0,0.0,34055.29,0.0,0.0,Website,Enugu,Cash,Cancelled
ORD-00969,2026-06-24,CUST-0531,Office Chair,Home & Office,1,117308.1,0,0.0,117308.1,74140.44,43167.66,36.8,Referral,Lagos,USSD,Completed
ORD-00635,2026-06-24,CUST-0115,Laptop Backpack,Accessories,3,33964.68,0,0.0,101894.04,67920.1,33973.94,33.34,Referral,Port Harcourt,Card,Completed
ORD-00204,2026-06-24,CUST-0550,Power Bank,Electronics,1,26980.78,5,1349.04,25631.74,19810.12,5821.62,22.71,Referral,Lagos,Cash,Completed
ORD-01640,2026-06-24,CUST-0175,Water Bottle,Home & Office,1,19109.99,0,0.0,19109.99,11988.49,7121.5,37.27,Instagram,Owerri,USSD,Completed
ORD-01675,2026-06-24,CUST-0204,Desk Lamp,Home & Office,1,30810.95,20,6162.19,24648.76,18072.71,6576.05,26.68,Instagram,Enugu,Transfer,Completed
ORD-00913,2026-06-24,CUST-0008,Smart Watch,Electronics,1,76726.42,5,3836.32,72890.1,58453.88,14436.22,19.81,Website,Port Harcourt,Cash,Completed
ORD-00760,2026-06-24,CUST-0099,Sneakers,Fashion,1,69375.56,0,0.0,69375.56,43805.1,25570.46,36.86,Walk-in,Port Harcourt,USSD,Completed
ORD-01053,2026-06-25,CUST-0544,Power Bank,Electronics,2,27114.95,10,5422.99,48806.91,30339.8,18467.11,37.84,Website,Ibadan,Transfer,Completed
ORD-02030,2026-06-25,CUST-0581,Skincare Set,Beauty,2,54701.89,0,0.0,0.0,82274.26,0.0,0.0,Walk-in,Lagos,USSD,Cancelled
ORD-00747,2026-06-25,CUST-0138,Running Shoes,Fashion,1,65326.4,0,0.0,65326.4,49409.29,15917.11,24.37,WhatsApp,Abuja,Transfer,Completed
ORD-00483,2026-06-25,CUST-0274,Wireless Earbuds,Electronics,1,41918.2,0,0.0,41918.2,26191.42,15726.78,37.52,WhatsApp,Benin,Cash,Completed
ORD-00013,2026-06-25,CUST-0557,Laptop Backpack,Accessories,3,36154.54,5,5423.18,103040.44,82029.83,21010.61,20.39,Website,Ibadan,Transfer,Completed
ORD-02939,2026-06-25,CUST-0308,Desk Lamp,Home & Office,2,29859.77,0,0.0,59719.54,39893.05,19826.49,33.2,Walk-in,Lagos,Cash,Completed
ORD-02749,2026-06-25,CUST-0297,Office Chair,Home & Office,1,117434.23,0,0.0,117434.23,95130.82,-5636.98,-4.8,Instagram,Owerri,Card,Returned
ORD-00184,2026-06-26,CUST-0321,Sneakers,Fashion,1,69739.83,20,13947.97,55791.86,44934.77,10857.09,19.46,Website,Enugu,Card,Completed
ORD-02249,2026-06-26,CUST-0170,Laptop Backpack,Accessories,1,34782.87,0,0.0,34782.87,22108.84,12674.03,36.44,Referral,Lagos,Cash,Completed
ORD-00728,2026-06-27,CUST-0016,Smart Watch,Electronics,1,79675.18,5,3983.76,0.0,56425.14,0.0,0.0,Walk-in,Ibadan,Card,Cancelled
ORD-01365,2026-06-27,CUST-0562,Sneakers,Fashion,1,78156.19,20,15631.24,0.0,46706.44,0.0,0.0,Instagram,Benin,Transfer,Cancelled
ORD-02317,2026-06-27,CUST-0489,Sneakers,Fashion,1,68252.82,5,3412.64,64840.18,49418.57,15421.61,23.78,Website,Benin,Transfer,Completed
ORD-02496,2026-06-28,CUST-0619,Running Shoes,Fashion,1,67394.28,0,0.0,67394.28,42093.77,25300.51,37.54,Instagram,Port Harcourt,Transfer,Completed
ORD-01795,2026-06-29,CUST-0354,Perfume,Beauty,1,37345.86,0,0.0,37345.86,28297.05,9048.81,24.23,Referral,Enugu,Cash,Completed
ORD-00846,2026-06-29,CUST-0059,Office Chair,Home & Office,1,115129.65,0,0.0,115129.65,92852.89,22276.76,19.35,Referral,Lagos,USSD,Completed
ORD-02687,2026-06-29,CUST-0118,Skincare Set,Beauty,1,55835.63,0,0.0,55835.63,37642.1,18193.53,32.58,Walk-in,Port Harcourt,Card,Completed
ORD-00919,2026-06-30,CUST-0251,Sneakers,Fashion,1,71272.91,0,0.0,71272.91,52480.4,18792.51,26.37,WhatsApp,Enugu,USSD,Completed
ORD-00199,2026-06-30,CUST-0422,Laptop Backpack,Accessories,1,36167.93,10,3616.79,0.0,24179.52,0.0,0.0,Instagram,Ibadan,Transfer,Cancelled
ORD-02363,2026-06-30,CUST-0071,Power Bank,Electronics,1,29186.39,0,0.0,29186.39,21000.81,8185.58,28.05,Walk-in,Benin,USSD,Completed
ORD-02799,2026-07-01,CUST-0542,Skincare Set,Beauty,1,53875.65,20,10775.13,43100.52,27467.18,15633.34,36.27,Walk-in,Lagos,USSD,Completed
ORD-02804,2026-07-01,CUST-0314,Laptop Backpack,Accessories,2,33563.08,0,0.0,67126.16,41979.31,25146.85,37.46,Referral,Owerri,Cash,Completed
ORD-00011,2026-07-01,CUST-0393,Wireless Earbuds,Electronics,1,45224.79,10,4522.48,40702.31,31110.64,-3096.46,-7.61,Instagram,Abuja,USSD,Returned
ORD-01220,2026-07-01,CUST-0520,Sneakers,Fashion,1,73547.55,15,11032.13,62515.42,49557.51,12957.91,20.73,WhatsApp,Ibadan,Cash,Completed
ORD-01988,2026-07-01,CUST-0404,Office Chair,Home & Office,1,121457.4,5,6072.87,115384.53,91218.52,24166.01,20.94,Website,Ibadan,USSD,Completed
ORD-02617,2026-07-01,CUST-0239,Power Bank,Electronics,2,30098.24,0,0.0,60196.48,44082.79,16113.69,26.77,Website,Owerri,Cash,Completed
ORD-01135,2026-07-01,CUST-0560,Wireless Earbuds,Electronics,1,42186.57,10,4218.66,37967.91,29828.04,8139.87,21.44,WhatsApp,Benin,Card,Completed
ORD-01690,2026-07-01,CUST-0106,Sneakers,Fashion,2,71180.19,0,0.0,142360.38,116304.61,-12721.38,-8.94,Walk-in,Enugu,Card,Returned
ORD-01722,2026-07-02,CUST-0542,Hoodie,Fashion,1,41542.82,0,0.0,41542.82,31459.71,10083.11,24.27,Walk-in,Benin,USSD,Completed
ORD-02880,2026-07-02,CUST-0580,Desk Lamp,Home & Office,2,28327.12,10,5665.42,0.0,35800.26,0.0,0.0,Website,Port Harcourt,USSD,Cancelled
ORD-01836,2026-07-02,CUST-0302,Skincare Set,Beauty,2,58972.01,0,0.0,117944.02,82808.42,-11682.17,-9.9,WhatsApp,Lagos,Cash,Returned
ORD-02235,2026-07-02,CUST-0051,Laptop Backpack,Accessories,2,34036.1,15,10210.83,57861.37,42523.23,15338.14,26.51,WhatsApp,Benin,Card,Completed
ORD-01040,2026-07-02,CUST-0322,Wireless Earbuds,Electronics,1,44427.01,0,0.0,44427.01,34191.34,10235.67,23.04,Referral,Enugu,Card,Completed
ORD-00714,2026-07-03,CUST-0204,Sneakers,Fashion,1,68426.85,0,0.0,68426.85,52690.88,-3134.25,-4.58,WhatsApp,Benin,USSD,Returned
ORD-01805,2026-07-03,CUST-0599,Smart Watch,Electronics,2,74824.61,0,0.0,0.0,94466.67,0.0,0.0,Instagram,Lagos,Transfer,Cancelled
ORD-00629,2026-07-03,CUST-0373,Hoodie,Fashion,3,41725.59,0,0.0,125176.77,90764.3,-7605.11,-6.08,Website,Lagos,Card,Returned
ORD-01809,2026-07-03,CUST-0125,Running Shoes,Fashion,1,69233.5,5,3461.68,65771.82,49272.11,16499.71,25.09,Website,Enugu,Card,Completed
ORD-01626,2026-07-03,CUST-0499,Skincare Set,Beauty,3,56616.46,0,0.0,169849.38,121371.88,-12963.48,-7.63,Walk-in,Owerri,Transfer,Returned
ORD-01835,2026-07-04,CUST-0357,Skincare Set,Beauty,1,56525.29,5,2826.26,53699.03,41656.21,12042.82,22.43,Website,Benin,Cash,Completed
ORD-00086,2026-07-04,CUST-0517,Skincare Set,Beauty,1,53428.84,5,2671.44,50757.4,31809.99,-7577.49,-14.93,WhatsApp,Abuja,Card,Returned
ORD-02689,2026-07-04,CUST-0209,Sneakers,Fashion,2,71566.48,0,0.0,143132.96,102818.39,-10837.65,-7.57,WhatsApp,Ibadan,Transfer,Returned
ORD-01035,2026-07-04,CUST-0259,Power Bank,Electronics,4,27255.15,0,0.0,109020.6,84431.2,24589.4,22.55,Instagram,Benin,USSD,Completed
ORD-02539,2026-07-04,CUST-0635,Running Shoes,Fashion,1,63577.03,0,0.0,63577.03,45360.41,18216.62,28.65,Referral,Ibadan,Card,Completed
ORD-02348,2026-07-04,CUST-0277,Water Bottle,Home & Office,1,19231.97,0,0.0,19231.97,14666.95,4565.02,23.74,WhatsApp,Benin,USSD,Completed
ORD-00863,2026-07-04,CUST-0456,Sneakers,Fashion,1,76826.15,0,0.0,76826.15,55736.7,21089.45,27.45,Website,Abuja,Transfer,Completed
ORD-01571,2026-07-04,CUST-0609,Laptop Backpack,Accessories,1,36070.22,5,1803.51,0.0,23063.9,0.0,0.0,Website,Benin,Cash,Cancelled
ORD-02513,2026-07-04,CUST-0489,Running Shoes,Fashion,2,67669.25,0,0.0,135338.5,103142.26,32196.24,23.79,Walk-in,Port Harcourt,USSD,Completed
ORD-01075,2026-07-05,CUST-0416,Water Bottle,Home & Office,1,17017.81,0,0.0,17017.81,13075.13,3942.68,23.17,WhatsApp,Port Harcourt,Transfer,Completed
ORD-02889,2026-07-05,CUST-0295,Water Bottle,Home & Office,1,18198.15,5,909.91,17288.24,12078.51,5209.73,30.13,Referral,Owerri,USSD,Completed
ORD-00132,2026-07-05,CUST-0046,Smart Watch,Electronics,2,82009.95,0,0.0,0.0,101901.82,0.0,0.0,WhatsApp,Lagos,Card,Cancelled
ORD-01048,2026-07-05,CUST-0043,Perfume,Beauty,2,35970.72,10,7194.14,64747.3,46527.79,18219.51,28.14,WhatsApp,Enugu,Cash,Completed
ORD-00021,2026-07-05,CUST-0263,Smart Watch,Electronics,2,80309.81,5,8030.98,152588.64,100985.35,-20307.16,-13.31,Referral,Abuja,USSD,Returned
ORD-01753,2026-07-05,CUST-0076,Desk Lamp,Home & Office,1,29273.69,0,0.0,29273.69,21367.18,7906.51,27.01,Instagram,Port Harcourt,USSD,Completed
ORD-02346,2026-07-05,CUST-0357,Office Chair,Home & Office,1,120220.32,0,0.0,120220.32,79143.3,41077.02,34.17,Walk-in,Benin,USSD,Completed
ORD-00655,2026-07-06,CUST-0169,Office Chair,Home & Office,1,115833.4,0,0.0,115833.4,89204.32,26629.08,22.99,Website,Port Harcourt,Card,Completed
ORD-00945,2026-07-06,CUST-0175,Wireless Earbuds,Electronics,1,42968.04,20,8593.61,34374.43,22007.12,12367.31,35.98,WhatsApp,Enugu,Cash,Completed
ORD-00154,2026-07-06,CUST-0526,Running Shoes,Fashion,2,61911.59,5,6191.16,117632.02,94318.12,23313.9,19.82,Instagram,Benin,Card,Completed
ORD-00105,2026-07-06,CUST-0666,Smart Watch,Electronics,1,75664.78,0,0.0,75664.78,59547.13,16117.65,21.3,Instagram,Ibadan,Card,Completed
ORD-01919,2026-07-06,CUST-0218,Sneakers,Fashion,1,69542.61,0,0.0,69542.61,53254.8,-4121.64,-5.93,Walk-in,Owerri,Transfer,Returned
ORD-01084,2026-07-06,CUST-0628,Laptop Backpack,Accessories,2,35286.92,10,7057.38,0.0,49298.08,0.0,0.0,Referral,Port Harcourt,Cash,Cancelled
ORD-00425,2026-07-06,CUST-0335,Running Shoes,Fashion,1,63008.5,0,0.0,0.0,43591.91,0.0,0.0,Website,Enugu,Transfer,Cancelled
ORD-00155,2026-07-07,CUST-0145,Hoodie,Fashion,2,41780.01,0,0.0,83560.02,57810.72,25749.3,30.82,WhatsApp,Lagos,Card,Completed
ORD-00755,2026-07-07,CUST-0191,Sneakers,Fashion,1,67182.43,0,0.0,67182.43,52897.61,14284.82,21.26,Website,Owerri,Card,Completed
ORD-01395,2026-07-07,CUST-0231,Power Bank,Electronics,1,27680.74,0,0.0,27680.74,17480.03,10200.71,36.85,Instagram,Abuja,USSD,Completed
ORD-01623,2026-07-07,CUST-0512,Smart Watch,Electronics,1,82074.01,0,0.0,0.0,53413.07,0.0,0.0,Referral,Ibadan,Transfer,Cancelled
ORD-01434,2026-07-07,CUST-0151,Water Bottle,Home & Office,1,17164.32,10,1716.43,15447.89,11432.85,4015.04,25.99,Referral,Ibadan,Cash,Completed
ORD-01685,2026-07-07,CUST-0176,Skincare Set,Beauty,1,54241.31,0,0.0,54241.31,36286.78,17954.53,33.1,Referral,Enugu,Cash,Completed
ORD-02044,2026-07-08,CUST-0611,Perfume,Beauty,1,36309.86,0,0.0,36309.86,28124.76,8185.1,22.54,Website,Port Harcourt,Cash,Completed
ORD-00936,2026-07-08,CUST-0472,Desk Lamp,Home & Office,1,30343.61,0,0.0,0.0,21937.99,0.0,0.0,WhatsApp,Benin,USSD,Cancelled
ORD-01425,2026-07-08,CUST-0623,Perfume,Beauty,1,37096.49,0,0.0,37096.49,23821.18,13275.31,35.79,Website,Owerri,Cash,Completed
ORD-01039,2026-07-08,CUST-0509,Laptop Backpack,Accessories,2,37311.98,0,0.0,74623.96,54828.51,-9220.44,-12.36,WhatsApp,Owerri,USSD,Returned
ORD-00179,2026-07-08,CUST-0218,Hoodie,Fashion,1,43349.44,0,0.0,43349.44,29833.87,-2519.82,-5.81,Instagram,Benin,Card,Returned
ORD-02993,2026-07-09,CUST-0119,Running Shoes,Fashion,2,63850.82,0,0.0,127701.64,90659.44,37042.2,29.01,Walk-in,Owerri,Cash,Completed
ORD-02276,2026-07-09,CUST-0448,Sneakers,Fashion,3,69745.95,0,0.0,209237.85,135013.23,-28620.96,-13.68,Instagram,Ibadan,Transfer,Returned
ORD-00953,2026-07-09,CUST-0596,Skincare Set,Beauty,1,52327.17,0,0.0,0.0,35429.28,0.0,0.0,Instagram,Owerri,Card,Cancelled
ORD-02872,2026-07-09,CUST-0302,Desk Lamp,Home & Office,1,29537.77,0,0.0,0.0,21931.51,0.0,0.0,WhatsApp,Port Harcourt,Card,Cancelled
ORD-00591,2026-07-09,CUST-0219,Wireless Earbuds,Electronics,4,40533.3,0,0.0,162133.2,129994.04,32139.16,19.82,Walk-in,Owerri,Cash,Completed
ORD-00443,2026-07-09,CUST-0630,Wireless Earbuds,Electronics,1,40921.35,0,0.0,40921.35,26088.11,14833.24,36.25,Walk-in,Benin,USSD,Completed
ORD-01862,2026-07-10,CUST-0296,Laptop Backpack,Accessories,1,33197.06,0,0.0,0.0,20784.57,0.0,0.0,WhatsApp,Ibadan,Transfer,Cancelled
ORD-00462,2026-07-10,CUST-0245,Smart Watch,Electronics,1,82116.27,0,0.0,82116.27,55646.12,-5065.77,-6.17,WhatsApp,Lagos,USSD,Returned
ORD-02559,2026-07-10,CUST-0042,Laptop Backpack,Accessories,1,36027.97,10,3602.8,32425.17,22068.3,10356.87,31.94,WhatsApp,Enugu,Card,Completed
ORD-01700,2026-07-10,CUST-0541,Skincare Set,Beauty,4,58396.62,0,0.0,233586.48,147052.42,-23546.07,-10.08,WhatsApp,Benin,Cash,Returned
ORD-00667,2026-07-10,CUST-0076,Laptop Backpack,Accessories,1,35772.34,5,1788.62,33983.72,23390.79,10592.93,31.17,Referral,Abuja,USSD,Completed
ORD-00565,2026-07-10,CUST-0266,Office Chair,Home & Office,3,107030.12,0,0.0,321090.36,246640.01,74450.35,23.19,Walk-in,Enugu,Card,Completed
ORD-02418,2026-07-10,CUST-0255,Skincare Set,Beauty,1,52301.74,15,7845.26,44456.48,29695.81,-5671.64,-12.76,Website,Benin,USSD,Returned
ORD-00648,2026-07-11,CUST-0643,Skincare Set,Beauty,1,56607.48,0,0.0,0.0,37510.43,0.0,0.0,Instagram,Lagos,Card,Cancelled
ORD-02305,2026-07-11,CUST-0188,Running Shoes,Fashion,2,67889.15,0,0.0,135778.3,87831.44,47946.86,35.31,Referral,Lagos,Transfer,Completed
ORD-01859,2026-07-11,CUST-0376,Sneakers,Fashion,1,75785.32,0,0.0,75785.32,55686.22,20099.1,26.52,Website,Enugu,USSD,Completed
ORD-00548,2026-07-11,CUST-0404,Smart Watch,Electronics,1,81959.81,0,0.0,81959.81,50877.98,31081.83,37.92,WhatsApp,Owerri,Card,Completed
ORD-02896,2026-07-12,CUST-0052,Running Shoes,Fashion,2,68858.44,0,0.0,137716.88,85615.46,52101.42,37.83,WhatsApp,Enugu,Card,Completed
ORD-00359,2026-07-12,CUST-0485,Laptop Backpack,Accessories,1,32994.57,0,0.0,32994.57,20469.78,12524.79,37.96,Referral,Abuja,Transfer,Completed
ORD-02863,2026-07-12,CUST-0612,Hoodie,Fashion,2,42078.35,0,0.0,0.0,58645.11,0.0,0.0,Website,Lagos,Transfer,Cancelled
ORD-01299,2026-07-12,CUST-0136,Office Chair,Home & Office,2,114250.57,0,0.0,228501.14,160790.26,67710.88,29.63,Instagram,Benin,USSD,Completed
ORD-00556,2026-07-12,CUST-0674,Power Bank,Electronics,1,28649.37,10,2864.94,25784.43,18143.43,7641.0,29.63,Referral,Ibadan,Transfer,Completed
ORD-01159,2026-07-13,CUST-0522,Power Bank,Electronics,1,27885.47,10,2788.55,25096.92,19459.45,5637.47,22.46,Website,Port Harcourt,Card,Completed
ORD-02258,2026-07-13,CUST-0123,Running Shoes,Fashion,1,67357.37,0,0.0,67357.37,43182.35,24175.02,35.89,WhatsApp,Enugu,Cash,Completed
ORD-00806,2026-07-14,CUST-0244,Perfume,Beauty,2,39197.11,0,0.0,78394.22,50288.55,28105.67,35.85,WhatsApp,Benin,Card,Completed
ORD-01106,2026-07-14,CUST-0080,Sneakers,Fashion,1,68508.95,20,13701.79,54807.16,42768.74,12038.42,21.97,Referral,Ibadan,Transfer,Completed
ORD-02844,2026-07-14,CUST-0555,Sneakers,Fashion,1,76364.12,5,3818.21,72545.91,54880.25,17665.66,24.35,Walk-in,Port Harcourt,Cash,Completed
ORD-01745,2026-07-15,CUST-0604,Water Bottle,Home & Office,1,18346.29,20,3669.26,14677.03,10377.52,4299.51,29.29,Referral,Abuja,Transfer,Completed
ORD-00177,2026-07-15,CUST-0655,Power Bank,Electronics,2,27654.65,0,0.0,0.0,36265.71,0.0,0.0,WhatsApp,Owerri,Cash,Cancelled
ORD-00188,2026-07-15,CUST-0007,Office Chair,Home & Office,1,116032.04,5,5801.6,110230.44,80082.0,-13026.35,-11.82,Referral,Enugu,Card,Returned
ORD-02684,2026-07-15,CUST-0156,Perfume,Beauty,2,38291.38,0,0.0,76582.76,55666.29,20916.47,27.31,Walk-in,Owerri,USSD,Completed
ORD-02119,2026-07-15,CUST-0382,Water Bottle,Home & Office,1,18894.44,0,0.0,18894.44,14132.23,4762.21,25.2,Instagram,Abuja,Transfer,Completed
ORD-02929,2026-07-15,CUST-0509,Desk Lamp,Home & Office,3,28706.27,0,0.0,86118.81,62232.79,23886.02,27.74,Referral,Owerri,USSD,Completed
ORD-02168,2026-07-15,CUST-0166,Power Bank,Electronics,2,27892.81,10,5578.56,50207.06,36962.82,13244.24,26.38,Referral,Abuja,Card,Completed
ORD-00705,2026-07-15,CUST-0273,Hoodie,Fashion,1,41661.02,0,0.0,41661.02,28853.3,12807.72,30.74,Website,Benin,Transfer,Completed
ORD-00891,2026-07-15,CUST-0221,Skincare Set,Beauty,1,50886.31,0,0.0,0.0,39739.42,0.0,0.0,WhatsApp,Port Harcourt,Cash,Cancelled
ORD-01759,2026-07-16,CUST-0539,Smart Watch,Electronics,1,76192.07,5,3809.6,72382.47,58163.59,-5179.06,-7.16,Walk-in,Lagos,USSD,Returned
ORD-01981,2026-07-16,CUST-0509,Sneakers,Fashion,1,69704.84,0,0.0,69704.84,55095.43,14609.41,20.96,WhatsApp,Ibadan,USSD,Completed
ORD-02407,2026-07-16,CUST-0323,Power Bank,Electronics,1,28948.82,10,2894.88,26053.94,20323.38,5730.56,21.99,Instagram,Benin,Card,Completed
ORD-01554,2026-07-16,CUST-0256,Running Shoes,Fashion,2,66153.72,0,0.0,132307.44,95850.89,36456.55,27.55,WhatsApp,Abuja,Cash,Completed
ORD-00687,2026-07-16,CUST-0693,Hoodie,Fashion,1,44426.59,0,0.0,44426.59,33521.14,10905.45,24.55,Referral,Port Harcourt,Cash,Completed
ORD-01566,2026-07-16,CUST-0483,Sneakers,Fashion,1,67077.61,0,0.0,0.0,54353.38,0.0,0.0,Instagram,Ibadan,Card,Cancelled
ORD-02190,2026-07-16,CUST-0256,Laptop Backpack,Accessories,2,35447.81,0,0.0,70895.62,47278.71,23616.91,33.31,Website,Owerri,Transfer,Completed
ORD-02575,2026-07-17,CUST-0655,Office Chair,Home & Office,3,117543.72,0,0.0,352631.16,259928.46,92702.7,26.29,WhatsApp,Abuja,USSD,Completed
ORD-01215,2026-07-17,CUST-0158,Power Bank,Electronics,1,26664.48,5,1333.22,0.0,17006.89,0.0,0.0,Instagram,Enugu,Cash,Cancelled
ORD-00004,2026-07-17,CUST-0167,Water Bottle,Home & Office,1,18024.5,0,0.0,0.0,13365.33,0.0,0.0,Instagram,Owerri,Card,Cancelled
ORD-02227,2026-07-17,CUST-0001,Wireless Earbuds,Electronics,1,41573.05,0,0.0,41573.05,27222.45,14350.6,34.52,Website,Abuja,Cash,Completed
ORD-02370,2026-07-17,CUST-0398,Sneakers,Fashion,1,73746.94,15,11062.04,62684.9,40087.6,22597.3,36.05,Walk-in,Owerri,Cash,Completed
ORD-00222,2026-07-17,CUST-0049,Running Shoes,Fashion,1,67407.35,0,0.0,0.0,46873.91,0.0,0.0,Walk-in,Abuja,USSD,Cancelled
ORD-00123,2026-07-18,CUST-0366,Laptop Backpack,Accessories,1,36678.26,0,0.0,0.0,27198.67,0.0,0.0,Instagram,Port Harcourt,Transfer,Cancelled
ORD-02997,2026-07-18,CUST-0002,Smart Watch,Electronics,1,81235.13,0,0.0,81235.13,59451.16,-5681.34,-6.99,Walk-in,Abuja,USSD,Returned
ORD-02278,2026-07-18,CUST-0235,Office Chair,Home & Office,1,109309.33,15,16396.4,92912.93,68289.38,24623.55,26.5,Walk-in,Port Harcourt,USSD,Completed
ORD-01198,2026-07-18,CUST-0104,Power Bank,Electronics,1,27239.59,0,0.0,0.0,17130.85,0.0,0.0,WhatsApp,Enugu,USSD,Cancelled
ORD-02367,2026-07-18,CUST-0524,Skincare Set,Beauty,2,54446.15,10,10889.23,98003.07,65748.79,32254.28,32.91,WhatsApp,Ibadan,Transfer,Completed
ORD-00652,2026-07-19,CUST-0523,Hoodie,Fashion,2,41960.8,15,12588.24,71333.36,50089.47,21243.89,29.78,Instagram,Abuja,Transfer,Completed
ORD-02994,2026-07-19,CUST-0248,Smart Watch,Electronics,1,71588.65,20,14317.73,57270.92,39992.93,17277.99,30.17,Walk-in,Benin,Card,Completed
ORD-00982,2026-07-19,CUST-0186,Power Bank,Electronics,1,25756.89,0,0.0,25756.89,16921.9,8834.99,34.3,Walk-in,Lagos,USSD,Completed
ORD-02893,2026-07-19,CUST-0137,Hoodie,Fashion,1,41816.22,0,0.0,41816.22,27951.27,13864.95,33.16,Referral,Abuja,USSD,Completed
ORD-00465,2026-07-20,CUST-0193,Perfume,Beauty,1,35279.88,0,0.0,35279.88,28162.65,7117.23,20.17,Instagram,Ibadan,Cash,Completed
ORD-02975,2026-07-20,CUST-0374,Laptop Backpack,Accessories,1,36682.87,5,1834.14,34848.73,27386.46,7462.27,21.41,Walk-in,Owerri,USSD,Completed
ORD-00281,2026-07-20,CUST-0696,Office Chair,Home & Office,1,110091.78,0,0.0,110091.78,85969.29,24122.49,21.91,Website,Enugu,Cash,Completed
ORD-01055,2026-07-20,CUST-0006,Wireless Earbuds,Electronics,1,41793.59,5,2089.68,39703.91,25923.69,-5516.68,-13.89,Instagram,Benin,Transfer,Returned
ORD-01782,2026-07-20,CUST-0333,Smart Watch,Electronics,1,74012.22,5,3700.61,70311.61,50504.71,-3320.55,-4.72,Referral,Ibadan,Cash,Returned
ORD-02552,2026-07-20,CUST-0148,Desk Lamp,Home & Office,2,28291.27,0,0.0,0.0,41398.72,0.0,0.0,Instagram,Enugu,USSD,Cancelled
ORD-01153,2026-07-20,CUST-0346,Running Shoes,Fashion,1,68047.86,0,0.0,68047.86,44907.89,23139.97,34.01,Website,Lagos,Cash,Completed
ORD-00325,2026-07-20,CUST-0212,Hoodie,Fashion,1,44069.46,0,0.0,0.0,30004.24,0.0,0.0,WhatsApp,Port Harcourt,Transfer,Cancelled
ORD-01933,2026-07-20,CUST-0146,Desk Lamp,Home & Office,1,29524.56,20,5904.91,23619.65,16053.58,-3279.32,-13.88,Instagram,Owerri,Card,Returned
ORD-01361,2026-07-21,CUST-0293,Sneakers,Fashion,2,71330.13,10,14266.03,0.0,92920.23,0.0,0.0,Website,Port Harcourt,Cash,Cancelled
ORD-01458,2026-07-21,CUST-0355,Office Chair,Home & Office,1,112706.29,0,0.0,112706.29,77164.26,35542.03,31.54,Walk-in,Owerri,Transfer,Completed
ORD-01291,2026-07-21,CUST-0697,Skincare Set,Beauty,1,56792.03,10,5679.2,0.0,32940.06,0.0,0.0,Website,Port Harcourt,Card,Cancelled
ORD-02016,2026-07-21,CUST-0232,Power Bank,Electronics,3,28813.32,0,0.0,86439.96,65268.88,-6938.23,-8.03,Website,Abuja,Card,Returned
ORD-01887,2026-07-21,CUST-0450,Sneakers,Fashion,1,66585.05,0,0.0,66585.05,48831.0,17754.05,26.66,WhatsApp,Port Harcourt,USSD,Completed
ORD-02220,2026-07-21,CUST-0623,Desk Lamp,Home & Office,1,28574.54,10,2857.45,25717.09,15986.01,9731.08,37.84,Referral,Abuja,Transfer,Completed
ORD-02947,2026-07-21,CUST-0492,Hoodie,Fashion,1,43863.32,0,0.0,0.0,28251.58,0.0,0.0,Instagram,Owerri,Cash,Cancelled
ORD-00681,2026-07-21,CUST-0506,Wireless Earbuds,Electronics,3,43689.9,0,0.0,131069.7,93390.05,37679.65,28.75,Instagram,Benin,USSD,Completed
ORD-02918,2026-07-22,CUST-0499,Power Bank,Electronics,1,26100.1,0,0.0,26100.1,17646.72,8453.38,32.39,Instagram,Ibadan,USSD,Completed
ORD-02102,2026-07-22,CUST-0402,Wireless Earbuds,Electronics,1,38896.17,0,0.0,38896.17,25101.97,13794.2,35.46,Walk-in,Abuja,USSD,Completed
ORD-01397,2026-07-22,CUST-0427,Sneakers,Fashion,3,68740.58,0,0.0,206221.74,161732.68,44489.06,21.57,WhatsApp,Enugu,Cash,Completed
ORD-02654,2026-07-22,CUST-0426,Power Bank,Electronics,3,26828.28,0,0.0,80484.84,65375.61,15109.23,18.77,WhatsApp,Benin,Cash,Completed
ORD-01065,2026-07-23,CUST-0371,Smart Watch,Electronics,1,81096.25,0,0.0,81096.25,63980.22,17116.03,21.11,WhatsApp,Lagos,Transfer,Completed
ORD-02247,2026-07-23,CUST-0233,Wireless Earbuds,Electronics,1,43509.39,0,0.0,43509.39,29659.39,13850.0,31.83,Referral,Abuja,Transfer,Completed
ORD-00900,2026-07-23,CUST-0086,Water Bottle,Home & Office,2,18323.94,0,0.0,0.0,24064.45,0.0,0.0,Referral,Benin,Cash,Cancelled
ORD-01173,2026-07-23,CUST-0063,Skincare Set,Beauty,1,56158.04,0,0.0,0.0,39905.88,0.0,0.0,Website,Abuja,Card,Cancelled
ORD-01108,2026-07-23,CUST-0670,Hoodie,Fashion,1,41648.26,0,0.0,41648.26,25974.67,-6488.57,-15.58,Website,Abuja,Transfer,Returned
ORD-02771,2026-07-24,CUST-0622,Desk Lamp,Home & Office,2,30372.21,0,0.0,60744.42,43574.74,17169.68,28.27,Website,Lagos,Card,Completed
ORD-02649,2026-07-24,CUST-0697,Power Bank,Electronics,1,26068.78,5,1303.44,0.0,18640.4,0.0,0.0,WhatsApp,Ibadan,Cash,Cancelled
ORD-00428,2026-07-24,CUST-0448,Wireless Earbuds,Electronics,1,41718.04,15,6257.71,35460.33,24196.73,-2325.11,-6.56,Instagram,Abuja,USSD,Returned
ORD-00710,2026-07-24,CUST-0232,Desk Lamp,Home & Office,1,27389.09,0,0.0,27389.09,21231.32,-3010.82,-10.99,Website,Lagos,Transfer,Returned
ORD-02272,2026-07-24,CUST-0677,Hoodie,Fashion,1,39376.02,0,0.0,39376.02,27217.64,-4358.08,-11.07,WhatsApp,Benin,Cash,Returned
ORD-01249,2026-07-24,CUST-0421,Hoodie,Fashion,2,42531.94,10,8506.39,76557.49,52849.7,23707.79,30.97,Website,Owerri,Transfer,Completed
ORD-00033,2026-07-24,CUST-0264,Hoodie,Fashion,1,38508.5,0,0.0,0.0,28011.72,0.0,0.0,Walk-in,Owerri,USSD,Cancelled
ORD-01888,2026-07-24,CUST-0049,Wireless Earbuds,Electronics,1,41161.56,10,4116.16,37045.4,28478.88,8566.52,23.12,WhatsApp,Ibadan,USSD,Completed
ORD-01380,2026-07-25,CUST-0242,Smart Watch,Electronics,2,72660.38,10,14532.08,130788.68,82769.23,48019.45,36.72,WhatsApp,Lagos,Cash,Completed
ORD-01894,2026-07-25,CUST-0610,Laptop Backpack,Accessories,1,33487.19,0,0.0,33487.19,22665.22,-1775.36,-5.3,Referral,Lagos,Transfer,Returned
ORD-01493,2026-07-25,CUST-0568,Running Shoes,Fashion,1,59355.4,5,2967.77,56387.63,35361.27,21026.36,37.29,WhatsApp,Abuja,Cash,Completed
ORD-01832,2026-07-25,CUST-0202,Perfume,Beauty,2,35654.31,0,0.0,71308.62,53799.1,17509.52,24.55,WhatsApp,Enugu,Cash,Completed
ORD-00130,2026-07-25,CUST-0191,Desk Lamp,Home & Office,1,28670.73,0,0.0,28670.73,23109.13,5561.6,19.4,WhatsApp,Enugu,USSD,Completed
ORD-01560,2026-07-26,CUST-0297,Wireless Earbuds,Electronics,2,43665.25,5,4366.52,0.0,52761.17,0.0,0.0,Walk-in,Lagos,Transfer,Cancelled
ORD-01176,2026-07-26,CUST-0145,Hoodie,Fashion,2,40451.57,0,0.0,0.0,63034.98,0.0,0.0,Website,Port Harcourt,Transfer,Cancelled
ORD-02017,2026-07-26,CUST-0472,Laptop Backpack,Accessories,3,34027.59,5,5104.14,96978.63,74421.9,22556.73,23.26,Website,Abuja,Transfer,Completed
ORD-00511,2026-07-26,CUST-0179,Sneakers,Fashion,1,73300.11,0,0.0,73300.11,51103.95,22196.16,30.28,Walk-in,Benin,Cash,Completed
ORD-02146,2026-07-26,CUST-0117,Perfume,Beauty,1,39156.36,0,0.0,39156.36,27438.34,11718.02,29.93,WhatsApp,Abuja,Card,Completed
ORD-00022,2026-07-26,CUST-0009,Wireless Earbuds,Electronics,1,38716.61,15,5807.49,32909.12,26330.05,6579.07,19.99,Website,Port Harcourt,Cash,Completed
ORD-02599,2026-07-26,CUST-0460,Office Chair,Home & Office,1,116162.16,0,0.0,116162.16,77592.65,38569.51,33.2,Walk-in,Benin,Transfer,Completed
ORD-02632,2026-07-26,CUST-0256,Smart Watch,Electronics,1,75150.48,0,0.0,75150.48,55582.82,19567.66,26.04,Referral,Lagos,Cash,Completed
ORD-01226,2026-07-27,CUST-0409,Office Chair,Home & Office,1,107750.35,0,0.0,107750.35,67732.17,40018.18,37.14,Walk-in,Enugu,Card,Completed
ORD-02841,2026-07-27,CUST-0595,Hoodie,Fashion,2,41922.02,0,0.0,0.0,63917.6,0.0,0.0,WhatsApp,Abuja,Cash,Cancelled
ORD-00816,2026-07-27,CUST-0178,Wireless Earbuds,Electronics,2,38546.54,0,0.0,77093.08,58805.07,18288.01,23.72,Walk-in,Enugu,Transfer,Completed
ORD-00997,2026-07-27,CUST-0025,Water Bottle,Home & Office,1,17734.36,0,0.0,0.0,11130.8,0.0,0.0,Website,Enugu,Cash,Cancelled
ORD-00070,2026-07-27,CUST-0028,Wireless Earbuds,Electronics,1,42716.97,5,2135.85,40581.12,26657.91,-3239.11,-7.98,Instagram,Ibadan,Transfer,Returned
ORD-02344,2026-07-27,CUST-0126,Sneakers,Fashion,1,72870.01,15,10930.5,61939.51,39375.09,-9131.1,-14.74,Instagram,Ibadan,Card,Returned
ORD-00125,2026-07-27,CUST-0120,Desk Lamp,Home & Office,1,30317.52,5,1515.88,28801.64,18743.51,10058.13,34.92,Walk-in,Benin,Card,Completed
ORD-01799,2026-07-28,CUST-0029,Laptop Backpack,Accessories,1,34549.78,0,0.0,34549.78,22226.21,12323.57,35.67,Walk-in,Benin,Transfer,Completed
ORD-01731,2026-07-28,CUST-0607,Sneakers,Fashion,1,67179.21,0,0.0,0.0,49994.04,0.0,0.0,Website,Benin,Card,Cancelled
ORD-00590,2026-07-28,CUST-0653,Laptop Backpack,Accessories,1,33765.51,0,0.0,33765.51,26225.68,7539.83,22.33,Website,Enugu,Card,Completed
ORD-01824,2026-07-28,CUST-0036,Running Shoes,Fashion,1,59307.57,0,0.0,59307.57,36922.74,22384.83,37.74,Instagram,Lagos,Cash,Completed
ORD-00077,2026-07-28,CUST-0326,Skincare Set,Beauty,2,53852.61,0,0.0,0.0,84841.18,0.0,0.0,Instagram,Enugu,USSD,Cancelled
ORD-02619,2026-07-28,CUST-0056,Sneakers,Fashion,2,69350.65,0,0.0,138701.3,102551.57,36149.73,26.06,Website,Port Harcourt,USSD,Completed
ORD-02952,2026-07-29,CUST-0206,Smart Watch,Electronics,1,76871.0,0,0.0,76871.0,57538.77,19332.23,25.15,WhatsApp,Port Harcourt,Cash,Completed
ORD-01174,2026-07-29,CUST-0028,Skincare Set,Beauty,2,52263.52,0,0.0,104527.04,76467.86,-11474.2,-10.98,WhatsApp,Enugu,USSD,Returned
ORD-02851,2026-07-29,CUST-0252,Perfume,Beauty,1,34652.45,10,3465.24,31187.21,22044.79,9142.42,29.31,WhatsApp,Lagos,Card,Completed
ORD-00520,2026-07-29,CUST-0372,Laptop Backpack,Accessories,1,33153.61,0,0.0,33153.61,25813.82,7339.79,22.14,WhatsApp,Owerri,Transfer,Completed
ORD-02639,2026-07-29,CUST-0666,Sneakers,Fashion,2,68374.48,0,0.0,136748.96,91091.76,-19804.56,-14.48,Walk-in,Enugu,Transfer,Returned
ORD-01101,2026-07-29,CUST-0071,Water Bottle,Home & Office,2,18282.28,0,0.0,36564.56,27225.77,9338.79,25.54,Website,Enugu,Transfer,Completed
ORD-01005,2026-07-30,CUST-0168,Laptop Backpack,Accessories,1,33055.95,0,0.0,33055.95,21587.98,11467.97,34.69,Walk-in,Owerri,Transfer,Completed
ORD-00620,2026-07-30,CUST-0372,Hoodie,Fashion,1,39921.18,20,7984.24,0.0,21484.31,0.0,0.0,WhatsApp,Lagos,Transfer,Cancelled
ORD-00373,2026-07-30,CUST-0445,Office Chair,Home & Office,2,112992.95,0,0.0,225985.9,147183.56,78802.34,34.87,Walk-in,Port Harcourt,Transfer,Completed
ORD-02093,2026-07-30,CUST-0103,Wireless Earbuds,Electronics,2,41021.94,0,0.0,0.0,54990.94,0.0,0.0,Walk-in,Enugu,Cash,Cancelled
ORD-00851,2026-07-30,CUST-0033,Desk Lamp,Home & Office,1,30617.09,0,0.0,30617.09,19945.42,10671.67,34.86,Website,Enugu,Transfer,Completed
ORD-01828,2026-07-31,CUST-0468,Smart Watch,Electronics,2,75784.57,15,22735.37,128833.77,91059.18,-18662.75,-14.49,Instagram,Benin,Transfer,Returned
ORD-00292,2026-07-31,CUST-0141,Desk Lamp,Home & Office,1,30504.67,0,0.0,30504.67,23726.12,6778.55,22.22,WhatsApp,Lagos,Transfer,Completed
ORD-02400,2026-07-31,CUST-0250,Water Bottle,Home & Office,1,18000.09,15,2700.01,15300.08,12352.59,2947.49,19.26,Walk-in,Lagos,Cash,Completed
ORD-00575,2026-07-31,CUST-0237,Laptop Backpack,Accessories,1,34524.04,0,0.0,0.0,23657.05,0.0,0.0,Website,Port Harcourt,Cash,Cancelled
ORD-02986,2026-07-31,CUST-0556,Water Bottle,Home & Office,1,16323.99,0,0.0,16323.99,11565.35,4758.64,29.15,Referral,Lagos,Card,Completed
ORD-01243,2026-07-31,CUST-0405,Hoodie,Fashion,2,42139.77,15,12641.93,71637.61,57884.94,13752.67,19.2,Instagram,Abuja,Cash,Completed
ORD-01575,2026-07-31,CUST-0580,Perfume,Beauty,1,39290.92,5,1964.55,37326.37,25010.21,-5070.78,-13.58,Walk-in,Lagos,Transfer,Returned
ORD-02557,2026-08-01,CUST-0254,Sneakers,Fashion,2,71817.99,0,0.0,0.0,114526.44,0.0,0.0,WhatsApp,Port Harcourt,USSD,Cancelled
ORD-02818,2026-08-01,CUST-0370,Hoodie,Fashion,3,39632.49,10,11889.75,0.0,79056.11,0.0,0.0,Referral,Lagos,Transfer,Cancelled
ORD-02810,2026-08-01,CUST-0124,Power Bank,Electronics,1,25403.67,0,0.0,25403.67,18435.74,-1086.57,-4.28,Referral,Ibadan,Card,Returned
ORD-00555,2026-08-01,CUST-0130,Office Chair,Home & Office,4,107510.69,5,21502.14,408540.62,321856.45,86684.17,21.22,Referral,Owerri,Cash,Completed
ORD-02303,2026-08-01,CUST-0668,Wireless Earbuds,Electronics,1,41135.14,0,0.0,41135.14,27617.71,13517.43,32.86,WhatsApp,Abuja,Card,Completed
ORD-02600,2026-08-02,CUST-0655,Laptop Backpack,Accessories,1,35778.4,0,0.0,35778.4,26195.18,9583.22,26.78,Website,Benin,Card,Completed
ORD-00085,2026-08-02,CUST-0478,Sneakers,Fashion,2,71589.81,0,0.0,143179.62,113931.72,29247.9,20.43,WhatsApp,Owerri,Card,Completed
ORD-00255,2026-08-02,CUST-0665,Hoodie,Fashion,1,39380.97,0,0.0,39380.97,32165.12,-1261.52,-3.2,Instagram,Lagos,Card,Returned
ORD-02737,2026-08-02,CUST-0395,Skincare Set,Beauty,1,54677.8,0,0.0,54677.8,43662.48,11015.32,20.15,Referral,Abuja,USSD,Completed
ORD-01240,2026-08-02,CUST-0289,Desk Lamp,Home & Office,1,28212.7,5,1410.64,26802.06,20056.62,6745.44,25.17,Referral,Port Harcourt,Card,Completed
ORD-02391,2026-08-02,CUST-0571,Office Chair,Home & Office,1,116725.66,5,5836.28,110889.38,80531.28,30358.1,27.38,Referral,Ibadan,Card,Completed
ORD-01377,2026-08-02,CUST-0514,Sneakers,Fashion,1,64966.09,20,12993.22,0.0,36710.55,0.0,0.0,Referral,Enugu,Cash,Cancelled
ORD-00100,2026-08-02,CUST-0491,Power Bank,Electronics,2,26128.51,0,0.0,52257.02,34940.84,-6253.2,-11.97,Referral,Owerri,Card,Returned
ORD-00320,2026-08-03,CUST-0403,Running Shoes,Fashion,2,63414.39,0,0.0,126828.78,86911.66,39917.12,31.47,Walk-in,Owerri,Cash,Completed
ORD-02032,2026-08-03,CUST-0367,Wireless Earbuds,Electronics,3,43246.16,0,0.0,129738.48,95742.9,33995.58,26.2,Referral,Enugu,USSD,Completed
ORD-00790,2026-08-03,CUST-0346,Running Shoes,Fashion,1,60097.12,0,0.0,60097.12,44921.45,15175.67,25.25,Website,Benin,Cash,Completed
ORD-02537,2026-08-03,CUST-0399,Skincare Set,Beauty,2,53208.88,5,5320.89,101096.87,74203.26,-4549.52,-4.5,Website,Benin,Transfer,Returned
ORD-02149,2026-08-04,CUST-0447,Water Bottle,Home & Office,4,17198.94,20,13759.15,0.0,34512.57,0.0,0.0,Instagram,Port Harcourt,Cash,Cancelled
ORD-01257,2026-08-04,CUST-0311,Power Bank,Electronics,2,27218.38,0,0.0,54436.76,36482.34,17954.42,32.98,Referral,Port Harcourt,Card,Completed
ORD-01977,2026-08-04,CUST-0253,Smart Watch,Electronics,1,76295.98,20,15259.2,61036.78,39756.54,21280.24,34.86,Referral,Ibadan,Transfer,Completed
ORD-02546,2026-08-05,CUST-0414,Sneakers,Fashion,1,71104.37,0,0.0,71104.37,50445.03,20659.34,29.05,WhatsApp,Owerri,Transfer,Completed
ORD-02699,2026-08-05,CUST-0484,Running Shoes,Fashion,1,64982.5,0,0.0,64982.5,47803.79,17178.71,26.44,Website,Abuja,Cash,Completed
ORD-00278,2026-08-05,CUST-0499,Sneakers,Fashion,1,67401.9,0,0.0,67401.9,52058.51,15343.39,22.76,Instagram,Lagos,Cash,Completed
ORD-00433,2026-08-06,CUST-0658,Perfume,Beauty,1,36007.25,0,0.0,36007.25,24381.95,-4805.19,-13.35,Instagram,Ibadan,Card,Returned
ORD-01235,2026-08-06,CUST-0153,Wireless Earbuds,Electronics,1,41710.81,0,0.0,41710.81,31293.05,10417.76,24.98,Walk-in,Ibadan,Cash,Completed
ORD-02944,2026-08-06,CUST-0158,Running Shoes,Fashion,2,62971.17,20,25188.47,0.0,69753.45,0.0,0.0,Instagram,Owerri,Card,Cancelled
ORD-02512,2026-08-06,CUST-0412,Running Shoes,Fashion,2,58615.22,5,5861.52,111368.92,83522.73,27846.19,25.0,WhatsApp,Owerri,Transfer,Completed
ORD-00869,2026-08-06,CUST-0431,Power Bank,Electronics,1,28600.0,0,0.0,28600.0,19381.05,9218.95,32.23,WhatsApp,Enugu,Transfer,Completed
ORD-00915,2026-08-06,CUST-0306,Wireless Earbuds,Electronics,3,40585.95,0,0.0,121757.85,96758.32,24999.53,20.53,Walk-in,Abuja,Transfer,Completed
ORD-00393,2026-08-07,CUST-0568,Perfume,Beauty,1,34829.07,0,0.0,0.0,25986.53,0.0,0.0,Referral,Abuja,Cash,Cancelled
ORD-02940,2026-08-07,CUST-0207,Running Shoes,Fashion,1,63435.35,0,0.0,63435.35,40368.54,23066.81,36.36,Walk-in,Port Harcourt,Transfer,Completed
ORD-00792,2026-08-08,CUST-0210,Laptop Backpack,Accessories,2,33426.19,0,0.0,0.0,45587.98,0.0,0.0,Website,Enugu,USSD,Cancelled
ORD-02334,2026-08-08,CUST-0612,Perfume,Beauty,2,36030.75,10,7206.15,64855.35,48922.54,15932.81,24.57,Website,Lagos,Transfer,Completed
ORD-02440,2026-08-08,CUST-0380,Hoodie,Fashion,1,39610.07,20,7922.01,31688.06,24576.9,7111.16,22.44,Referral,Abuja,USSD,Completed
ORD-01419,2026-08-08,CUST-0136,Laptop Backpack,Accessories,1,32641.78,5,1632.09,31009.69,19900.21,11109.48,35.83,Website,Abuja,Transfer,Completed
ORD-02801,2026-08-09,CUST-0252,Perfume,Beauty,1,38277.25,10,3827.72,34449.53,21438.34,13011.19,37.77,Referral,Ibadan,Card,Completed
ORD-02267,2026-08-09,CUST-0378,Laptop Backpack,Accessories,1,32512.1,0,0.0,32512.1,25640.73,-1699.85,-5.23,Website,Abuja,Cash,Returned
ORD-01371,2026-08-09,CUST-0303,Power Bank,Electronics,1,27919.74,0,0.0,27919.74,17530.19,10389.55,37.21,Instagram,Lagos,USSD,Completed
ORD-02979,2026-08-09,CUST-0661,Water Bottle,Home & Office,1,17972.76,5,898.64,17074.12,13040.21,4033.91,23.63,Referral,Lagos,USSD,Completed
ORD-02092,2026-08-10,CUST-0314,Sneakers,Fashion,1,72810.11,0,0.0,72810.11,57308.38,15501.73,21.29,Instagram,Port Harcourt,Card,Completed
ORD-01821,2026-08-10,CUST-0544,Skincare Set,Beauty,1,55074.49,5,2753.72,52320.77,40500.8,11819.97,22.59,Website,Owerri,Transfer,Completed
ORD-02829,2026-08-10,CUST-0439,Desk Lamp,Home & Office,1,27194.4,0,0.0,27194.4,17239.64,9954.76,36.61,Website,Abuja,USSD,Completed
ORD-01481,2026-08-11,CUST-0123,Wireless Earbuds,Electronics,1,38011.78,0,0.0,0.0,28904.43,0.0,0.0,Walk-in,Lagos,Transfer,Cancelled
ORD-02242,2026-08-11,CUST-0564,Office Chair,Home & Office,4,114814.69,5,22962.94,436295.82,348640.81,87655.01,20.09,Walk-in,Port Harcourt,USSD,Completed
ORD-02877,2026-08-11,CUST-0038,Wireless Earbuds,Electronics,1,41908.45,20,8381.69,33526.76,22001.79,-1854.07,-5.53,Instagram,Port Harcourt,Cash,Returned
ORD-02570,2026-08-11,CUST-0269,Power Bank,Electronics,2,25320.08,0,0.0,50640.16,40781.75,9858.41,19.47,Website,Abuja,Cash,Completed
ORD-02037,2026-08-11,CUST-0077,Skincare Set,Beauty,1,53925.98,10,5392.6,48533.38,32299.57,16233.81,33.45,Website,Enugu,Transfer,Completed
ORD-00736,2026-08-12,CUST-0606,Desk Lamp,Home & Office,1,27427.26,5,1371.36,26055.9,19366.0,6689.9,25.68,WhatsApp,Benin,Transfer,Completed
ORD-01363,2026-08-12,CUST-0218,Water Bottle,Home & Office,2,18213.79,10,3642.76,0.0,23470.85,0.0,0.0,WhatsApp,Lagos,Card,Cancelled
ORD-01596,2026-08-12,CUST-0001,Power Bank,Electronics,1,25044.41,0,0.0,25044.41,19386.57,5657.84,22.59,Website,Owerri,Cash,Completed
ORD-00753,2026-08-12,CUST-0467,Skincare Set,Beauty,1,55473.39,0,0.0,55473.39,35978.33,19495.06,35.14,Website,Owerri,Cash,Completed
ORD-02316,2026-08-12,CUST-0262,Sneakers,Fashion,1,68639.92,0,0.0,68639.92,47153.91,21486.01,31.3,Website,Owerri,Card,Completed
ORD-02046,2026-08-12,CUST-0256,Power Bank,Electronics,4,28018.56,0,0.0,0.0,90147.99,0.0,0.0,Walk-in,Enugu,Transfer,Cancelled
ORD-02808,2026-08-13,CUST-0188,Water Bottle,Home & Office,1,17448.44,0,0.0,17448.44,11671.25,5777.19,33.11,Walk-in,Abuja,Cash,Completed
ORD-01660,2026-08-13,CUST-0010,Sneakers,Fashion,1,72099.99,0,0.0,0.0,53000.35,0.0,0.0,Instagram,Port Harcourt,USSD,Cancelled
ORD-01134,2026-08-13,CUST-0432,Water Bottle,Home & Office,2,18054.55,10,3610.91,0.0,23270.35,0.0,0.0,Referral,Owerri,Card,Cancelled
ORD-01989,2026-08-13,CUST-0109,Sneakers,Fashion,1,73328.04,0,0.0,73328.04,48031.01,25297.03,34.5,Walk-in,Port Harcourt,Transfer,Completed
ORD-02820,2026-08-13,CUST-0242,Desk Lamp,Home & Office,2,27082.15,20,10832.86,43331.44,33420.75,9910.69,22.87,Walk-in,Lagos,USSD,Completed
ORD-01258,2026-08-13,CUST-0455,Running Shoes,Fashion,3,60112.75,0,0.0,180338.25,115054.62,65283.63,36.2,WhatsApp,Ibadan,Card,Completed
ORD-02736,2026-08-14,CUST-0590,Wireless Earbuds,Electronics,2,40121.35,0,0.0,0.0,63261.06,0.0,0.0,Instagram,Lagos,USSD,Cancelled
ORD-00197,2026-08-14,CUST-0242,Running Shoes,Fashion,2,58952.13,0,0.0,0.0,78175.28,0.0,0.0,Walk-in,Ibadan,Card,Cancelled
ORD-00807,2026-08-14,CUST-0625,Desk Lamp,Home & Office,1,30508.24,0,0.0,30508.24,24153.19,6355.05,20.83,Instagram,Port Harcourt,USSD,Completed
ORD-00617,2026-08-14,CUST-0668,Office Chair,Home & Office,1,117421.37,0,0.0,117421.37,75225.22,-8478.49,-7.22,Instagram,Enugu,Card,Returned
ORD-00515,2026-08-15,CUST-0546,Laptop Backpack,Accessories,1,33601.95,15,5040.29,28561.66,22685.47,5876.19,20.57,Referral,Lagos,Transfer,Completed
ORD-00334,2026-08-15,CUST-0376,Desk Lamp,Home & Office,2,29844.47,5,2984.45,56704.49,42245.18,14459.31,25.5,WhatsApp,Lagos,Card,Completed
ORD-00985,2026-08-15,CUST-0420,Sneakers,Fashion,2,67223.08,5,6722.31,0.0,97308.06,0.0,0.0,WhatsApp,Benin,Card,Cancelled
ORD-01976,2026-08-15,CUST-0698,Water Bottle,Home & Office,1,18053.81,0,0.0,18053.81,12947.26,5106.55,28.29,Website,Port Harcourt,Card,Completed
ORD-01487,2026-08-15,CUST-0112,Office Chair,Home & Office,1,109963.52,0,0.0,0.0,79974.92,0.0,0.0,Referral,Owerri,Transfer,Cancelled
ORD-02010,2026-08-15,CUST-0152,Sneakers,Fashion,1,70420.91,5,3521.05,66899.86,43901.19,22998.67,34.38,WhatsApp,Benin,Card,Completed
ORD-00314,2026-08-16,CUST-0074,Desk Lamp,Home & Office,3,29634.21,10,8890.26,0.0,59258.19,0.0,0.0,Referral,Ibadan,USSD,Cancelled
ORD-00375,2026-08-16,CUST-0384,Office Chair,Home & Office,2,107813.29,10,21562.66,194063.92,145917.08,48146.84,24.81,Website,Benin,Cash,Completed
ORD-00761,2026-08-16,CUST-0020,Skincare Set,Beauty,1,51206.19,0,0.0,51206.19,39674.51,-1949.77,-3.81,Website,Abuja,Card,Returned
ORD-02156,2026-08-16,CUST-0147,Hoodie,Fashion,1,37802.56,0,0.0,37802.56,24883.99,12918.57,34.17,Walk-in,Enugu,USSD,Completed
ORD-00526,2026-08-16,CUST-0488,Sneakers,Fashion,2,66328.78,0,0.0,0.0,92234.55,0.0,0.0,Website,Ibadan,Transfer,Cancelled
ORD-00643,2026-08-17,CUST-0506,Laptop Backpack,Accessories,1,32997.76,0,0.0,32997.76,22506.92,10490.84,31.79,Instagram,Abuja,Cash,Completed
ORD-02629,2026-08-17,CUST-0425,Laptop Backpack,Accessories,1,33433.75,0,0.0,33433.75,24323.9,9109.85,27.25,Referral,Enugu,Transfer,Completed
ORD-00166,2026-08-17,CUST-0655,Skincare Set,Beauty,1,55038.09,0,0.0,55038.09,37391.44,17646.65,32.06,Website,Owerri,Transfer,Completed
ORD-02371,2026-08-17,CUST-0508,Desk Lamp,Home & Office,2,30477.14,15,9143.14,51811.14,41155.34,-3288.47,-6.35,Instagram,Owerri,Card,Returned
ORD-02666,2026-08-17,CUST-0587,Office Chair,Home & Office,1,105629.8,5,5281.49,100348.31,78476.71,21871.6,21.8,Instagram,Port Harcourt,USSD,Completed
ORD-00513,2026-08-17,CUST-0367,Desk Lamp,Home & Office,1,29531.12,0,0.0,29531.12,20703.24,8827.88,29.89,Website,Owerri,Cash,Completed
ORD-01817,2026-08-17,CUST-0179,Wireless Earbuds,Electronics,2,37292.7,0,0.0,74585.4,51002.15,23583.25,31.62,Website,Benin,Cash,Completed
ORD-01269,2026-08-17,CUST-0462,Laptop Backpack,Accessories,2,32728.31,0,0.0,65456.62,50126.86,15329.76,23.42,Website,Ibadan,Card,Completed
ORD-01521,2026-08-18,CUST-0443,Wireless Earbuds,Electronics,1,39269.54,5,1963.48,37306.06,24834.04,12472.02,33.43,Walk-in,Port Harcourt,Cash,Completed
ORD-00727,2026-08-18,CUST-0671,Office Chair,Home & Office,3,104923.57,15,47215.61,267555.1,167513.99,100041.11,37.39,Walk-in,Enugu,Card,Completed
ORD-01122,2026-08-18,CUST-0108,Desk Lamp,Home & Office,1,29599.34,10,2959.93,26639.41,19282.81,7356.6,27.62,Website,Port Harcourt,Transfer,Completed
ORD-01310,2026-08-19,CUST-0618,Office Chair,Home & Office,1,116440.46,0,0.0,116440.46,91339.14,25101.32,21.56,Website,Enugu,Cash,Completed
ORD-01009,2026-08-19,CUST-0178,Power Bank,Electronics,1,26167.77,0,0.0,0.0,16823.43,0.0,0.0,Referral,Abuja,Transfer,Cancelled
ORD-01480,2026-08-19,CUST-0168,Hoodie,Fashion,1,37944.74,5,1897.24,36047.5,23845.13,12202.37,33.85,Website,Lagos,Card,Completed
ORD-02354,2026-08-20,CUST-0373,Office Chair,Home & Office,1,102228.35,0,0.0,102228.35,68357.71,33870.64,33.13,Website,Ibadan,Card,Completed
ORD-02402,2026-08-20,CUST-0382,Running Shoes,Fashion,3,60094.87,0,0.0,180284.61,141584.1,38700.51,21.47,Instagram,Lagos,Cash,Completed
ORD-01848,2026-08-20,CUST-0112,Desk Lamp,Home & Office,1,28108.2,20,5621.64,22486.56,16290.3,-2971.48,-13.21,WhatsApp,Abuja,Cash,Returned
ORD-00641,2026-08-20,CUST-0514,Wireless Earbuds,Electronics,2,40249.79,10,8049.96,0.0,59287.33,0.0,0.0,Referral,Enugu,Transfer,Cancelled
ORD-01756,2026-08-20,CUST-0532,Water Bottle,Home & Office,2,15901.92,15,4770.58,27033.26,16867.24,10166.02,37.61,Instagram,Abuja,Cash,Completed
ORD-00653,2026-08-20,CUST-0491,Laptop Backpack,Accessories,1,30995.75,15,4649.36,26346.39,17580.81,8765.58,33.27,Walk-in,Owerri,Transfer,Completed
ORD-00236,2026-08-20,CUST-0468,Perfume,Beauty,2,35548.9,15,10664.67,60433.13,43911.06,16522.07,27.34,Referral,Abuja,Cash,Completed
ORD-02590,2026-08-20,CUST-0658,Office Chair,Home & Office,1,113863.54,5,5693.18,108170.36,77441.91,30728.45,28.41,Instagram,Ibadan,Card,Completed
ORD-00251,2026-08-21,CUST-0576,Skincare Set,Beauty,4,53067.46,0,0.0,212269.84,167190.19,-13533.54,-6.38,Instagram,Ibadan,Cash,Returned
ORD-02458,2026-08-21,CUST-0453,Water Bottle,Home & Office,2,17641.49,10,3528.3,31754.68,22067.8,-4504.23,-14.18,Website,Owerri,Cash,Returned
ORD-01944,2026-08-21,CUST-0364,Perfume,Beauty,1,36039.54,0,0.0,36039.54,27908.34,8131.2,22.56,Instagram,Benin,USSD,Completed
ORD-00733,2026-08-21,CUST-0118,Skincare Set,Beauty,1,53431.07,0,0.0,0.0,41876.57,0.0,0.0,Walk-in,Benin,Card,Cancelled
ORD-00366,2026-08-21,CUST-0659,Skincare Set,Beauty,1,50952.5,10,5095.25,45857.25,32570.52,13286.73,28.97,Instagram,Lagos,Card,Completed
ORD-00214,2026-08-21,CUST-0437,Office Chair,Home & Office,2,102027.66,5,10202.77,193852.55,128038.86,65813.69,33.95,Website,Owerri,Cash,Completed
ORD-01000,2026-08-21,CUST-0343,Running Shoes,Fashion,3,59465.78,0,0.0,0.0,120401.96,0.0,0.0,Instagram,Benin,Transfer,Cancelled
ORD-01191,2026-08-21,CUST-0092,Sneakers,Fashion,1,65970.64,5,3298.53,62672.11,39778.62,22893.49,36.53,WhatsApp,Benin,USSD,Completed
ORD-01834,2026-08-21,CUST-0077,Laptop Backpack,Accessories,1,32444.84,0,0.0,32444.84,25748.86,6695.98,20.64,Instagram,Enugu,USSD,Completed
ORD-02529,2026-08-22,CUST-0618,Laptop Backpack,Accessories,1,32695.67,5,1634.78,0.0,20090.7,0.0,0.0,Walk-in,Owerri,Card,Cancelled
ORD-02819,2026-08-22,CUST-0343,Perfume,Beauty,1,34115.76,0,0.0,34115.76,27590.31,6525.45,19.13,Instagram,Benin,USSD,Completed
ORD-02228,2026-08-22,CUST-0219,Smart Watch,Electronics,1,74852.5,20,14970.5,0.0,40265.78,0.0,0.0,Walk-in,Benin,Cash,Cancelled
ORD-00962,2026-08-22,CUST-0027,Running Shoes,Fashion,1,62191.79,15,9328.77,52863.02,36945.8,-7726.45,-14.62,Walk-in,Benin,Transfer,Returned
ORD-01733,2026-08-23,CUST-0008,Skincare Set,Beauty,1,53066.25,0,0.0,53066.25,40230.75,12835.5,24.19,Instagram,Lagos,Cash,Completed
ORD-00507,2026-08-23,CUST-0137,Laptop Backpack,Accessories,1,33609.61,0,0.0,0.0,26642.2,0.0,0.0,Instagram,Owerri,Card,Cancelled
ORD-01598,2026-08-23,CUST-0611,Smart Watch,Electronics,2,74216.28,0,0.0,148432.56,121060.89,27371.67,18.44,Instagram,Lagos,Transfer,Completed
ORD-02151,2026-08-24,CUST-0336,Water Bottle,Home & Office,1,16816.89,0,0.0,16816.89,13635.86,3181.03,18.92,Instagram,Lagos,Transfer,Completed
ORD-01610,2026-08-24,CUST-0065,Power Bank,Electronics,1,26866.39,20,5373.28,0.0,14368.31,0.0,0.0,Website,Abuja,Transfer,Cancelled
ORD-00317,2026-08-24,CUST-0359,Sneakers,Fashion,1,67073.15,5,3353.66,63719.49,51210.42,12509.07,19.63,WhatsApp,Abuja,Transfer,Completed
ORD-01305,2026-08-24,CUST-0358,Smart Watch,Electronics,2,70678.0,5,7067.8,134288.2,90838.68,43449.52,32.36,Instagram,Owerri,Card,Completed
ORD-02855,2026-08-25,CUST-0650,Wireless Earbuds,Electronics,2,39973.93,0,0.0,0.0,51340.78,0.0,0.0,Website,Lagos,Cash,Cancelled
ORD-00305,2026-08-25,CUST-0278,Perfume,Beauty,3,37323.1,20,22393.86,89575.44,65291.22,24284.22,27.11,Website,Lagos,Cash,Completed
ORD-00043,2026-08-25,CUST-0413,Smart Watch,Electronics,1,73656.76,5,3682.84,69973.92,48258.73,21715.19,31.03,Referral,Lagos,Card,Completed
ORD-00221,2026-08-25,CUST-0254,Running Shoes,Fashion,1,60241.59,0,0.0,60241.59,37665.41,22576.18,37.48,Walk-in,Enugu,Card,Completed
ORD-01444,2026-08-25,CUST-0201,Perfume,Beauty,2,36166.3,20,14466.52,57866.08,47405.59,10460.49,18.08,Instagram,Port Harcourt,Cash,Completed
ORD-00128,2026-08-25,CUST-0114,Smart Watch,Electronics,1,70838.78,5,3541.94,67296.84,42748.71,24548.13,36.48,Walk-in,Enugu,Card,Completed
ORD-02852,2026-08-25,CUST-0426,Power Bank,Electronics,1,25493.91,0,0.0,25493.91,17264.57,-1829.85,-7.18,Website,Lagos,Transfer,Returned
ORD-01069,2026-08-26,CUST-0523,Water Bottle,Home & Office,1,16849.24,10,1684.92,15164.32,10886.73,4277.59,28.21,Instagram,Lagos,Cash,Completed
ORD-01576,2026-08-27,CUST-0268,Perfume,Beauty,1,34932.31,0,0.0,34932.31,25039.8,9892.51,28.32,Walk-in,Lagos,Card,Completed
ORD-01814,2026-08-27,CUST-0308,Smart Watch,Electronics,3,74676.75,0,0.0,224030.25,175937.67,48092.58,21.47,Referral,Benin,Transfer,Completed
ORD-00884,2026-08-27,CUST-0096,Desk Lamp,Home & Office,2,29208.63,0,0.0,58417.26,44160.24,14257.02,24.41,Website,Ibadan,Transfer,Completed
ORD-00091,2026-08-27,CUST-0407,Office Chair,Home & Office,1,102116.26,0,0.0,102116.26,80476.59,21639.67,21.19,Website,Enugu,Card,Completed
ORD-01302,2026-08-28,CUST-0236,Laptop Backpack,Accessories,1,30948.42,0,0.0,30948.42,22010.05,8938.37,28.88,Walk-in,Owerri,Cash,Completed
ORD-01364,2026-08-28,CUST-0575,Running Shoes,Fashion,2,57594.4,0,0.0,115188.8,92110.11,23078.69,20.04,WhatsApp,Owerri,Card,Completed
ORD-01689,2026-08-28,CUST-0058,Running Shoes,Fashion,2,57499.53,0,0.0,114999.06,84387.38,-5787.84,-5.03,Website,Owerri,Transfer,Returned
ORD-01081,2026-08-28,CUST-0228,Power Bank,Electronics,1,27113.33,0,0.0,0.0,17677.42,0.0,0.0,Instagram,Benin,USSD,Cancelled
ORD-02770,2026-08-29,CUST-0006,Office Chair,Home & Office,1,107747.96,0,0.0,107747.96,86202.12,-4320.85,-4.01,Instagram,Port Harcourt,Transfer,Returned
ORD-00407,2026-08-29,CUST-0364,Running Shoes,Fashion,1,62454.61,0,0.0,62454.61,47091.18,15363.43,24.6,Walk-in,Benin,USSD,Completed
ORD-00991,2026-08-29,CUST-0526,Sneakers,Fashion,1,70956.45,10,7095.64,63860.81,50120.26,13740.55,21.52,Walk-in,Benin,USSD,Completed
ORD-02143,2026-08-29,CUST-0527,Office Chair,Home & Office,1,104828.83,20,20965.77,83863.06,56459.13,27403.93,32.68,Walk-in,Port Harcourt,Card,Completed
ORD-02748,2026-08-30,CUST-0081,Skincare Set,Beauty,1,49084.46,0,0.0,49084.46,35263.59,13820.87,28.16,Walk-in,Enugu,Cash,Completed
ORD-00482,2026-08-30,CUST-0246,Running Shoes,Fashion,1,64512.48,0,0.0,64512.48,50138.14,-2267.17,-3.51,Walk-in,Owerri,Cash,Returned
ORD-02540,2026-08-31,CUST-0120,Office Chair,Home & Office,1,103175.88,0,0.0,0.0,81905.14,0.0,0.0,Website,Enugu,Transfer,Cancelled
ORD-02701,2026-08-31,CUST-0096,Desk Lamp,Home & Office,1,29522.5,10,2952.25,26570.25,21573.25,4997.0,18.81,WhatsApp,Owerri,Cash,Completed
ORD-01950,2026-08-31,CUST-0652,Power Bank,Electronics,2,27995.83,0,0.0,55991.66,42264.39,13727.27,24.52,Website,Benin,USSD,Completed
ORD-00941,2026-08-31,CUST-0589,Office Chair,Home & Office,1,102589.13,0,0.0,0.0,66003.36,0.0,0.0,Website,Ibadan,Cash,Cancelled
ORD-02110,2026-08-31,CUST-0529,Smart Watch,Electronics,1,75838.9,0,0.0,75838.9,50592.35,25246.55,33.29,WhatsApp,Enugu,Cash,Completed
ORD-01412,2026-08-31,CUST-0216,Laptop Backpack,Accessories,1,33907.07,0,0.0,0.0,25917.95,0.0,0.0,Walk-in,Lagos,Card,Cancelled
ORD-02727,2026-09-01,CUST-0242,Perfume,Beauty,1,37219.89,0,0.0,37219.89,28986.31,8233.58,22.12,Website,Lagos,Cash,Completed
ORD-00656,2026-09-01,CUST-0689,Sneakers,Fashion,1,64628.26,0,0.0,0.0,45759.14,0.0,0.0,Instagram,Ibadan,Transfer,Cancelled
ORD-00027,2026-09-01,CUST-0547,Water Bottle,Home & Office,2,17765.9,0,0.0,35531.8,25577.16,9954.64,28.02,Website,Lagos,USSD,Completed
ORD-00883,2026-09-01,CUST-0600,Power Bank,Electronics,2,27252.31,0,0.0,0.0,34279.71,0.0,0.0,Website,Benin,Cash,Cancelled
ORD-02614,2026-09-01,CUST-0074,Hoodie,Fashion,4,39393.95,0,0.0,157575.8,121953.1,35622.7,22.61,Instagram,Abuja,Cash,Completed
ORD-00106,2026-09-02,CUST-0034,Sneakers,Fashion,2,70623.17,0,0.0,141246.34,110597.42,30648.92,21.7,Website,Ibadan,Card,Completed
ORD-00426,2026-09-03,CUST-0590,Perfume,Beauty,1,33438.22,0,0.0,33438.22,21775.21,-3654.52,-10.93,Walk-in,Enugu,Cash,Returned
ORD-01468,2026-09-03,CUST-0231,Sneakers,Fashion,2,63278.06,0,0.0,126556.12,92432.24,34123.88,26.96,Referral,Abuja,Cash,Completed
ORD-00430,2026-09-04,CUST-0327,Power Bank,Electronics,1,27467.41,10,2746.74,24720.67,18351.79,6368.88,25.76,WhatsApp,Abuja,Card,Completed
ORD-01523,2026-09-04,CUST-0648,Hoodie,Fashion,2,40959.9,5,4095.99,77823.81,57734.56,20089.25,25.81,Website,Port Harcourt,Transfer,Completed
ORD-01100,2026-09-04,CUST-0174,Wireless Earbuds,Electronics,2,38607.53,0,0.0,77215.06,63261.53,13953.53,18.07,Referral,Abuja,Card,Completed
ORD-00716,2026-09-04,CUST-0688,Office Chair,Home & Office,1,103420.03,0,0.0,103420.03,66718.65,36701.38,35.49,Referral,Lagos,Cash,Completed
ORD-00039,2026-09-04,CUST-0180,Wireless Earbuds,Electronics,1,40197.43,0,0.0,40197.43,32553.05,7644.38,19.02,Instagram,Abuja,Cash,Completed
ORD-00989,2026-09-04,CUST-0037,Smart Watch,Electronics,1,73255.89,20,14651.18,58604.71,43984.16,14620.55,24.95,Website,Enugu,Card,Completed
ORD-02865,2026-09-04,CUST-0595,Wireless Earbuds,Electronics,1,38324.54,15,5748.68,0.0,23057.31,0.0,0.0,Referral,Port Harcourt,USSD,Cancelled
ORD-02542,2026-09-05,CUST-0056,Water Bottle,Home & Office,1,16930.17,0,0.0,16930.17,13382.37,3547.8,20.96,Website,Abuja,Card,Completed
ORD-01185,2026-09-05,CUST-0345,Running Shoes,Fashion,1,61000.94,15,9150.14,51850.8,41214.09,10636.71,20.51,WhatsApp,Owerri,Transfer,Completed
ORD-00444,2026-09-05,CUST-0195,Sneakers,Fashion,1,69825.6,0,0.0,0.0,50170.19,0.0,0.0,Referral,Benin,Transfer,Cancelled
ORD-01752,2026-09-05,CUST-0415,Perfume,Beauty,4,34630.02,0,0.0,138520.08,109830.57,28689.51,20.71,WhatsApp,Enugu,Transfer,Completed
ORD-01582,2026-09-05,CUST-0568,Desk Lamp,Home & Office,1,28191.44,0,0.0,28191.44,17817.47,10373.97,36.8,Website,Benin,Cash,Completed
ORD-01874,2026-09-05,CUST-0598,Smart Watch,Electronics,2,73281.84,0,0.0,146563.68,92694.22,-16360.61,-11.16,Website,Abuja,USSD,Returned
ORD-00276,2026-09-05,CUST-0140,Laptop Backpack,Accessories,3,31124.12,0,0.0,93372.36,69079.12,-8179.18,-8.76,Walk-in,Enugu,Cash,Returned
ORD-00678,2026-09-05,CUST-0400,Smart Watch,Electronics,1,69103.46,0,0.0,69103.46,55963.87,13139.59,19.01,Instagram,Ibadan,Card,Completed
ORD-02753,2026-09-05,CUST-0011,Running Shoes,Fashion,1,61706.47,0,0.0,61706.47,48674.57,-5979.79,-9.69,Website,Abuja,Cash,Returned
ORD-00113,2026-09-05,CUST-0012,Water Bottle,Home & Office,2,17946.49,10,3589.3,32303.68,24489.81,7813.87,24.19,WhatsApp,Benin,Card,Completed
ORD-01168,2026-09-06,CUST-0111,Skincare Set,Beauty,1,50965.21,0,0.0,50965.21,31807.31,-7540.78,-14.8,Website,Benin,Cash,Returned
ORD-02923,2026-09-06,CUST-0351,Sneakers,Fashion,1,65762.88,0,0.0,65762.88,53579.4,12183.48,18.53,Website,Benin,Cash,Completed
ORD-02476,2026-09-07,CUST-0554,Skincare Set,Beauty,1,51628.62,0,0.0,0.0,41670.69,0.0,0.0,Walk-in,Ibadan,USSD,Cancelled
ORD-00578,2026-09-07,CUST-0545,Office Chair,Home & Office,1,112294.13,0,0.0,0.0,79249.21,0.0,0.0,Website,Ibadan,USSD,Cancelled
ORD-02964,2026-09-07,CUST-0045,Smart Watch,Electronics,2,69528.75,0,0.0,0.0,96846.79,0.0,0.0,Referral,Lagos,Card,Cancelled
ORD-00808,2026-09-07,CUST-0442,Water Bottle,Home & Office,1,17750.54,0,0.0,17750.54,11512.38,-2832.63,-15.96,Website,Benin,Transfer,Returned
ORD-00519,2026-09-08,CUST-0123,Sneakers,Fashion,2,67113.92,10,13422.78,120805.06,84162.4,36642.66,30.33,WhatsApp,Abuja,Card,Completed
ORD-00112,2026-09-08,CUST-0478,Office Chair,Home & Office,1,101238.86,0,0.0,101238.86,62815.46,38423.4,37.95,Instagram,Owerri,Cash,Completed
ORD-00304,2026-09-08,CUST-0471,Power Bank,Electronics,2,27776.63,0,0.0,55553.26,39702.81,15850.45,28.53,Referral,Abuja,USSD,Completed
ORD-01086,2026-09-08,CUST-0395,Office Chair,Home & Office,1,107544.36,0,0.0,107544.36,72524.92,35019.44,32.56,Referral,Enugu,Card,Completed
ORD-00386,2026-09-08,CUST-0404,Water Bottle,Home & Office,1,17021.77,0,0.0,17021.77,13783.36,3238.41,19.03,Instagram,Lagos,Cash,Completed
ORD-01046,2026-09-08,CUST-0662,Sneakers,Fashion,1,63405.88,10,6340.59,57065.29,44915.93,12149.36,21.29,Instagram,Lagos,Transfer,Completed
ORD-01382,2026-09-09,CUST-0105,Laptop Backpack,Accessories,1,30678.06,0,0.0,30678.06,19957.02,10721.04,34.95,Website,Ibadan,Cash,Completed
ORD-02274,2026-09-09,CUST-0064,Sneakers,Fashion,2,63342.62,0,0.0,126685.24,83071.4,-20994.33,-16.57,Referral,Ibadan,Transfer,Returned
ORD-00542,2026-09-09,CUST-0226,Wireless Earbuds,Electronics,1,40194.32,15,6029.15,34165.17,25413.2,8751.97,25.62,Referral,Ibadan,Transfer,Completed
ORD-01881,2026-09-09,CUST-0438,Wireless Earbuds,Electronics,1,39428.18,0,0.0,39428.18,30037.26,9390.92,23.82,Walk-in,Owerri,USSD,Completed
ORD-02126,2026-09-10,CUST-0037,Water Bottle,Home & Office,2,16377.59,0,0.0,32755.18,20792.65,11962.53,36.52,Referral,Lagos,Transfer,Completed
ORD-01322,2026-09-10,CUST-0046,Smart Watch,Electronics,3,73210.78,0,0.0,219632.34,162031.08,57601.26,26.23,Instagram,Ibadan,Card,Completed
ORD-01715,2026-09-10,CUST-0057,Water Bottle,Home & Office,2,17934.42,0,0.0,35868.84,23774.47,12094.37,33.72,Referral,Benin,USSD,Completed
ORD-00604,2026-09-10,CUST-0586,Running Shoes,Fashion,2,56577.74,5,5657.77,107497.71,77701.11,29796.6,27.72,Referral,Abuja,Card,Completed
ORD-02506,2026-09-10,CUST-0625,Office Chair,Home & Office,1,104204.75,0,0.0,104204.75,83367.03,20837.72,20.0,Instagram,Owerri,Card,Completed
ORD-00346,2026-09-10,CUST-0507,Hoodie,Fashion,4,37075.18,0,0.0,148300.72,104806.57,43494.15,29.33,Walk-in,Benin,Card,Completed
ORD-00313,2026-09-11,CUST-0495,Desk Lamp,Home & Office,1,29868.24,5,1493.41,28374.83,18509.87,-3959.95,-13.96,Website,Port Harcourt,Cash,Returned
ORD-02849,2026-09-11,CUST-0500,Perfume,Beauty,1,36137.26,0,0.0,36137.26,25430.29,10706.97,29.63,Website,Lagos,USSD,Completed
ORD-00701,2026-09-11,CUST-0349,Desk Lamp,Home & Office,1,28551.5,0,0.0,28551.5,23003.22,5548.28,19.43,Website,Abuja,Transfer,Completed
ORD-01949,2026-09-12,CUST-0476,Running Shoes,Fashion,1,64231.03,20,12846.21,51384.82,38023.14,-6615.7,-12.87,Referral,Enugu,USSD,Returned
ORD-02887,2026-09-12,CUST-0178,Office Chair,Home & Office,3,113264.81,0,0.0,339794.43,236630.33,103164.1,30.36,WhatsApp,Ibadan,Card,Completed
ORD-02053,2026-09-12,CUST-0070,Hoodie,Fashion,1,37939.07,15,5690.86,0.0,24974.47,0.0,0.0,WhatsApp,Enugu,USSD,Cancelled
ORD-00034,2026-09-12,CUST-0656,Running Shoes,Fashion,1,63545.48,0,0.0,63545.48,44626.13,18919.35,29.77,Walk-in,Abuja,USSD,Completed
ORD-00958,2026-09-12,CUST-0256,Running Shoes,Fashion,1,58279.23,0,0.0,58279.23,39777.7,18501.53,31.75,Website,Lagos,Cash,Completed
ORD-02607,2026-09-12,CUST-0153,Skincare Set,Beauty,1,52689.35,5,2634.47,50054.88,36141.76,13913.12,27.8,WhatsApp,Port Harcourt,Cash,Completed
ORD-01533,2026-09-13,CUST-0352,Skincare Set,Beauty,1,49260.02,0,0.0,49260.02,38295.3,10964.72,22.26,Instagram,Lagos,USSD,Completed
ORD-02773,2026-09-13,CUST-0240,Hoodie,Fashion,1,40116.69,0,0.0,40116.69,31492.61,8624.08,21.5,Instagram,Lagos,Card,Completed
ORD-01954,2026-09-13,CUST-0349,Desk Lamp,Home & Office,1,26133.27,0,0.0,26133.27,20851.68,5281.59,20.21,Walk-in,Enugu,Cash,Completed
ORD-00509,2026-09-13,CUST-0117,Office Chair,Home & Office,1,101829.43,0,0.0,101829.43,69646.1,32183.33,31.61,WhatsApp,Port Harcourt,Card,Completed
ORD-00168,2026-09-14,CUST-0454,Office Chair,Home & Office,2,107248.21,0,0.0,214496.42,173805.53,40690.89,18.97,Referral,Ibadan,Card,Completed
ORD-01647,2026-09-14,CUST-0277,Running Shoes,Fashion,1,63875.49,10,6387.55,57487.94,39750.28,17737.66,30.85,Instagram,Abuja,USSD,Completed
ORD-02583,2026-09-14,CUST-0055,Skincare Set,Beauty,1,51183.55,5,2559.18,48624.37,30795.05,17829.32,36.67,Walk-in,Owerri,Cash,Completed
ORD-02056,2026-09-15,CUST-0634,Office Chair,Home & Office,2,107466.88,0,0.0,214933.76,155483.02,-28923.67,-13.46,Walk-in,Abuja,Transfer,Returned
ORD-02814,2026-09-15,CUST-0057,Water Bottle,Home & Office,3,16412.08,0,0.0,49236.24,35508.15,13728.09,27.88,Website,Benin,Cash,Completed
ORD-02536,2026-09-15,CUST-0443,Skincare Set,Beauty,1,50407.06,5,2520.35,47886.71,33153.67,-6174.61,-12.89,Instagram,Owerri,Cash,Returned
ORD-02626,2026-09-15,CUST-0028,Smart Watch,Electronics,4,70690.17,10,28276.07,254484.61,160486.73,93997.88,36.94,Referral,Enugu,USSD,Completed
ORD-02082,2026-09-15,CUST-0618,Running Shoes,Fashion,1,62892.93,0,0.0,62892.93,45213.92,17679.01,28.11,Instagram,Benin,USSD,Completed
ORD-00886,2026-09-15,CUST-0531,Perfume,Beauty,1,37001.79,5,1850.09,35151.7,25989.22,-2801.77,-7.97,Walk-in,Ibadan,Card,Returned
ORD-01309,2026-09-16,CUST-0506,Desk Lamp,Home & Office,1,27576.91,0,0.0,0.0,20933.12,0.0,0.0,Walk-in,Owerri,Cash,Cancelled
ORD-01896,2026-09-16,CUST-0463,Skincare Set,Beauty,3,52150.18,10,15645.05,140805.49,112013.07,28792.42,20.45,Website,Abuja,USSD,Completed
ORD-00841,2026-09-16,CUST-0167,Running Shoes,Fashion,1,58254.17,0,0.0,0.0,45909.44,0.0,0.0,Referral,Abuja,Card,Cancelled
ORD-01019,2026-09-16,CUST-0303,Wireless Earbuds,Electronics,1,39474.31,0,0.0,39474.31,29557.53,9916.78,25.12,Instagram,Ibadan,Transfer,Completed
ORD-01614,2026-09-16,CUST-0688,Smart Watch,Electronics,2,67854.84,10,13570.97,122138.71,98185.59,23953.12,19.61,WhatsApp,Benin,Cash,Completed
ORD-00293,2026-09-16,CUST-0632,Perfume,Beauty,3,33392.26,5,5008.84,95167.94,68403.18,26764.76,28.12,Instagram,Benin,Cash,Completed
ORD-02081,2026-09-16,CUST-0627,Running Shoes,Fashion,1,56444.31,0,0.0,56444.31,41625.64,14818.67,26.25,WhatsApp,Abuja,Cash,Completed
ORD-01808,2026-09-16,CUST-0502,Laptop Backpack,Accessories,4,31480.2,0,0.0,125920.8,89705.94,36214.86,28.76,Referral,Lagos,USSD,Completed
ORD-01450,2026-09-16,CUST-0487,Running Shoes,Fashion,1,63285.14,0,0.0,63285.14,40005.95,-8117.84,-12.83,Website,Lagos,Card,Returned
ORD-00821,2026-09-17,CUST-0081,Power Bank,Electronics,1,26241.41,0,0.0,26241.41,20260.81,5980.6,22.79,Walk-in,Abuja,Transfer,Completed
ORD-02517,2026-09-17,CUST-0030,Hoodie,Fashion,2,39955.69,5,3995.57,75915.81,49772.97,26142.84,34.44,WhatsApp,Abuja,Transfer,Completed
ORD-00782,2026-09-17,CUST-0076,Running Shoes,Fashion,2,59290.98,0,0.0,0.0,86174.8,0.0,0.0,Referral,Ibadan,Cash,Cancelled
ORD-01584,2026-09-17,CUST-0043,Laptop Backpack,Accessories,1,33561.6,0,0.0,33561.6,24139.95,9421.65,28.07,Website,Abuja,Card,Completed
ORD-01193,2026-09-17,CUST-0526,Smart Watch,Electronics,1,77607.06,0,0.0,77607.06,50107.41,27499.65,35.43,Walk-in,Ibadan,USSD,Completed
ORD-00404,2026-09-18,CUST-0273,Wireless Earbuds,Electronics,1,40464.47,0,0.0,0.0,28797.14,0.0,0.0,Instagram,Abuja,Cash,Cancelled
ORD-02453,2026-09-18,CUST-0670,Hoodie,Fashion,1,40000.41,0,0.0,40000.41,31654.44,-3205.57,-8.01,Website,Abuja,Transfer,Returned
ORD-00030,2026-09-18,CUST-0393,Hoodie,Fashion,1,37775.16,0,0.0,37775.16,25857.48,11917.68,31.55,WhatsApp,Enugu,USSD,Completed
ORD-00646,2026-09-18,CUST-0112,Office Chair,Home & Office,1,99910.5,15,14986.58,84923.92,57232.44,27691.48,32.61,Website,Lagos,Transfer,Completed
ORD-00926,2026-09-18,CUST-0458,Power Bank,Electronics,2,25859.64,0,0.0,0.0,32836.68,0.0,0.0,Referral,Abuja,USSD,Cancelled
ORD-00208,2026-09-18,CUST-0122,Hoodie,Fashion,1,41429.67,5,2071.48,39358.19,28306.79,11051.4,28.08,Website,Owerri,Card,Completed
ORD-01227,2026-09-19,CUST-0677,Desk Lamp,Home & Office,2,26667.18,0,0.0,53334.36,41981.53,11352.83,21.29,WhatsApp,Benin,Transfer,Completed
ORD-02832,2026-09-19,CUST-0421,Perfume,Beauty,1,34338.95,5,1716.95,32622.0,21613.47,11008.53,33.75,Website,Enugu,Cash,Completed
ORD-00469,2026-09-19,CUST-0207,Office Chair,Home & Office,1,103751.04,10,10375.1,93375.94,70067.45,23308.49,24.96,WhatsApp,Abuja,Transfer,Completed
ORD-01140,2026-09-19,CUST-0169,Smart Watch,Electronics,1,69306.03,0,0.0,0.0,47425.6,0.0,0.0,WhatsApp,Benin,Cash,Cancelled
ORD-02791,2026-09-19,CUST-0038,Laptop Backpack,Accessories,1,32916.11,0,0.0,32916.11,24772.33,-2564.8,-7.79,Walk-in,Ibadan,USSD,Returned
ORD-00860,2026-09-19,CUST-0104,Office Chair,Home & Office,2,103555.24,5,10355.52,196754.96,125922.59,-26608.32,-13.52,Referral,Benin,USSD,Returned
ORD-01349,2026-09-19,CUST-0360,Sneakers,Fashion,3,66132.06,15,29759.43,168636.75,110941.27,57695.48,34.21,Website,Ibadan,USSD,Completed
ORD-00499,2026-09-19,CUST-0313,Sneakers,Fashion,1,66262.83,0,0.0,66262.83,48952.07,17310.76,26.12,WhatsApp,Ibadan,USSD,Completed
ORD-02233,2026-09-19,CUST-0292,Water Bottle,Home & Office,2,16871.35,10,3374.27,30368.43,23464.43,6904.0,22.73,Instagram,Ibadan,Card,Completed
ORD-01210,2026-09-19,CUST-0303,Running Shoes,Fashion,1,63485.03,0,0.0,63485.03,50649.53,12835.5,20.22,Instagram,Ibadan,Card,Completed
ORD-00867,2026-09-20,CUST-0288,Perfume,Beauty,1,37500.33,10,3750.03,33750.3,27557.65,6192.65,18.35,WhatsApp,Lagos,Card,Completed
ORD-02652,2026-09-20,CUST-0564,Running Shoes,Fashion,1,56916.17,0,0.0,56916.17,39933.16,16983.01,29.84,Website,Abuja,Cash,Completed
ORD-02260,2026-09-20,CUST-0535,Smart Watch,Electronics,1,71030.16,10,7103.02,63927.14,44319.31,19607.83,30.67,Instagram,Owerri,Cash,Completed
ORD-01775,2026-09-20,CUST-0103,Wireless Earbuds,Electronics,1,38632.5,0,0.0,0.0,25215.09,0.0,0.0,WhatsApp,Enugu,USSD,Cancelled
ORD-01017,2026-09-20,CUST-0099,Water Bottle,Home & Office,3,17480.19,0,0.0,52440.57,40605.48,-5055.96,-9.64,Instagram,Benin,Transfer,Returned
ORD-00419,2026-09-20,CUST-0250,Hoodie,Fashion,1,39007.5,0,0.0,39007.5,29506.47,9501.03,24.36,Referral,Benin,Transfer,Completed
ORD-01811,2026-09-20,CUST-0124,Skincare Set,Beauty,1,51964.84,0,0.0,51964.84,34618.59,-4654.67,-8.96,Website,Enugu,USSD,Returned
ORD-00229,2026-09-21,CUST-0573,Laptop Backpack,Accessories,1,30705.97,5,1535.3,0.0,21266.03,0.0,0.0,Instagram,Owerri,Transfer,Cancelled
ORD-00472,2026-09-21,CUST-0116,Running Shoes,Fashion,1,58927.57,0,0.0,58927.57,45569.01,-3420.54,-5.8,Referral,Port Harcourt,USSD,Returned
ORD-02757,2026-09-21,CUST-0089,Office Chair,Home & Office,2,111045.26,5,11104.53,210985.99,145225.16,65760.83,31.17,Website,Benin,Card,Completed
ORD-01846,2026-09-21,CUST-0167,Running Shoes,Fashion,1,59373.85,0,0.0,59373.85,40976.9,18396.95,30.98,Referral,Lagos,Transfer,Completed
ORD-02950,2026-09-21,CUST-0117,Running Shoes,Fashion,2,59481.06,0,0.0,118962.12,92143.05,26819.07,22.54,WhatsApp,Benin,Cash,Completed
ORD-01993,2026-09-22,CUST-0124,Laptop Backpack,Accessories,1,31914.71,5,1595.74,30318.97,20216.67,10102.3,33.32,Walk-in,Abuja,Transfer,Completed
ORD-00788,2026-09-22,CUST-0400,Smart Watch,Electronics,2,72097.67,0,0.0,144195.34,101051.41,43143.93,29.92,Instagram,Benin,USSD,Completed
ORD-02724,2026-09-22,CUST-0228,Skincare Set,Beauty,2,50804.85,0,0.0,101609.7,63558.96,38050.74,37.45,Instagram,Benin,Card,Completed
ORD-01435,2026-09-22,CUST-0572,Water Bottle,Home & Office,1,16076.53,5,803.83,0.0,12400.58,0.0,0.0,Instagram,Lagos,Cash,Cancelled
ORD-00157,2026-09-22,CUST-0513,Office Chair,Home & Office,1,109474.69,0,0.0,109474.69,77714.63,31760.06,29.01,Website,Enugu,USSD,Completed
ORD-01624,2026-09-22,CUST-0067,Running Shoes,Fashion,1,59407.46,0,0.0,59407.46,41903.54,17503.92,29.46,Walk-in,Owerri,Transfer,Completed
